Timestamp,Locality,Latitude,Longitude,Signal Strength (dBm),Signal Quality (%),Data Throughput (Mbps),Latency (ms),Network Type,BB60C Measurement (dBm),srsRAN Measurement (dBm),BladeRFxA9 Measurement (dBm)
50:40.0,Anisabad,25.59910862,85.1373547,-84.27411319,0,1.863890037,129.122914,3G,0,0,0
18:44.9,Boring Road,25.56449947,85.08860677,-84.64306452,0,1.567841949,130.536386,3G,0,0,0
34:20.9,Rajendra Nagar,25.69898134,85.19394132,-79.65612677,0,1.116387191,191.5213728,3G,0,0,0
40:35.4,Gandhi Maidan,25.47077801,85.10644997,-85.60737258,0,2.171551163,194.0230241,3G,0,0,0
05:33.0,Kumhrar,25.57327876,85.15804183,-83.97815425,0,1.75347794,174.95783,3G,0,0,0
14:54.7,Ashok Rajpath,25.43893442,85.17811927,-85.80728331,0,1.984232586,125.8244388,3G,0,0,0
21:09.1,Pataliputra,25.62679951,85.04888047,-86.42701404,0,2.194556165,198.6256996,3G,0,0,0
42:59.6,Fraser Road,25.70627418,85.02788749,-84.73889432,0,1.757643131,145.7000219,3G,0,0,0
55:28.4,Anisabad,25.64658703,85.13656904,-88.18077482,0,1.794636231,142.6788905,3G,0,0,0
17:18.9,Boring Canal Road,25.64130468,85.11060159,-84.30197093,0,2.580027118,169.0560232,3G,0,0,0
05-05-2023 15:36,Fraser Road,25.64360237,85.09598789,-85.50434469,0,2.704387067,103.5422368,3G,0,0,0
48:31.0,Gardanibagh,25.490983,85.23012025,-84.85613785,0,1.044247103,132.3610219,3G,0,0,0
00:59.8,Boring Road,25.74072996,85.22124668,-82.71875603,0,1.157156994,139.6923276,3G,0,0,0
22:50.3,Fraser Road,25.6745762,85.26870673,-84.17029254,0,1.887500439,186.8142254,3G,0,0,0
25:57.5,Bailey Road,25.54889205,85.06745431,-86.95214061,0,2.333943034,157.7185237,3G,0,0,0
35:19.1,Phulwari Sharif,25.75485769,85.2015611,-89.1925547,0,1.332663215,161.7351757,3G,0,0,0
44:40.8,Fraser Road,25.58789406,85.28099218,-88.17489881,0,2.18895267,149.6766859,3G,0,0,0
00:16.8,Kidwaipuri,25.43955091,85.0586534,-77.60536709,0,2.529619602,117.4838627,3G,0,0,0
15:52.9,Boring Road,25.43272611,85.1893398,-89.84068419,0,1.300338002,173.7433769,3G,0,0,0
31:28.9,Pataliputra,25.50161514,84.99668892,-79.99028649,0,2.231970901,118.8024735,3G,0,0,0
02:41.0,Danapur,25.53871436,85.08970743,-85.79664051,0,2.967042945,114.0711528,3G,0,0,0
21:24.3,Patliputra Colony,25.71478792,85.02029445,-82.29259233,0,1.370660359,107.8969162,3G,0,0,0
30:45.9,Ashok Rajpath,25.475462,85.15693454,-85.52765744,0,2.033145257,100.5505799,3G,0,0,0
33:53.1,Patliputra Colony,25.69079035,85.19651214,-84.60358984,0,2.759725355,157.4779554,3G,0,0,0
40:07.5,Kankarbagh,25.46133584,85.21875694,-88.27119723,0,2.187321582,101.0131184,3G,0,0,0
43:14.7,Danapur,25.49687152,85.14617449,-80.76720286,0,1.798737497,191.0134637,3G,0,0,0
58:50.8,Anandpuri,25.44630281,85.09027242,-86.99645624,0,2.754181162,194.4042094,3G,0,0,0
17:34.1,Bailey Road,25.46761853,85.05339119,-87.57534982,0,1.203784776,136.0233919,3G,0,0,0
20:41.3,Anandpuri,25.71633659,85.08024013,-81.62323669,0,2.407714183,100.436327,3G,0,0,0
33:10.1,Ashok Rajpath,25.53560512,85.24075494,-85.57308329,0,2.546283748,151.7960528,3G,0,0,0
36:17.3,Kumhrar,25.65069761,85.09618269,-87.22940279,0,1.968154139,174.7444407,3G,0,0,0
39:24.5,Rajendra Nagar,25.62182009,84.99856976,-87.39100841,0,1.55247465,198.1653324,3G,0,0,0
51:53.4,Rajendra Nagar,25.56363065,85.14127616,-87.24943422,0,1.000885563,190.1383097,3G,0,0,0
04:22.2,Boring Road,25.586653,84.9914685,-83.7320348,0,2.518137879,160.9631012,3G,0,0,0
10:36.6,Phulwari Sharif,25.69314647,85.02043053,-84.60071879,0,1.061715809,105.18953,3G,0,0,0
23:05.5,Anisabad,25.63281464,85.26912925,-86.97229647,0,1.795224757,126.4276263,3G,0,0,0
38:41.5,Kidwaipuri,25.73810537,85.05274925,-81.6791057,0,1.908690846,163.0247219,3G,0,0,0
48:03.2,Phulwari Sharif,25.52031318,84.98831235,-83.9397074,0,1.68956284,146.1843481,3G,0,0,0
54:17.6,Bailey Road,25.47587389,85.07697723,-88.77551473,0,2.065008133,111.5394642,3G,0,0,0
16:08.0,Ashok Rajpath,25.6537666,84.99409718,-82.72963396,0,2.716046542,199.7628297,3G,0,0,0
19:15.3,Exhibition Road,25.61447487,85.12582574,-83.16259362,0,2.524605249,103.8938017,3G,0,0,0
25:29.7,Danapur,25.54539612,84.99640277,-82.12513471,0,1.139601309,155.468771,3G,0,0,0
31:44.1,Bankipore,25.64974125,85.29733764,-75.8141591,0,2.600146864,188.4583293,3G,0,0,0
41:05.7,Bankipore,25.4817809,85.16762163,-83.11025541,0,2.983545762,166.4201713,3G,0,0,0
47:20.1,Kidwaipuri,25.63396581,85.0860071,-87.72595089,0,1.36567556,182.5710952,3G,0,0,0
59:49.0,Boring Canal Road,25.69640763,85.18276457,-86.29637113,0,1.175097328,128.2801131,3G,0,0,0
18:32.3,Bailey Road,25.55583045,85.12319117,-85.20483287,0,1.964264198,184.090871,3G,0,0,0
24:46.7,Kankarbagh,25.57762774,85.1728049,-89.11502109,0,1.211748636,135.4897683,3G,0,0,0
49:44.4,Gardanibagh,25.62761903,85.13543965,-83.1843289,0,2.155614101,186.6101545,3G,0,0,0
52:51.6,Anandpuri,25.7515171,85.17816427,-81.65370011,0,1.98446463,119.500898,3G,0,0,0
55:58.8,Bailey Road,25.75317323,85.07911715,-82.79313401,0,1.858124739,127.5922694,3G,0,0,0
33:25.3,Fraser Road,25.52044021,85.04391314,-85.53226131,0,2.504257399,190.5538838,3G,0,0,0
49:01.3,Danapur,25.62006755,85.29929909,-83.5275145,0,2.261434889,173.9682898,3G,0,0,0
55:15.8,Bankipore,25.58464382,85.27220591,-79.3501727,0,2.489473456,141.240306,3G,0,0,0
58:23.0,Boring Canal Road,25.58482694,85.04201283,-87.03658538,0,1.257192972,157.3850598,3G,0,0,0
04:37.4,Gandhi Maidan,25.73025499,85.15013303,-80.98923869,0,2.597311561,193.2752939,3G,0,0,0
07:44.6,Gandhi Maidan,25.64866655,85.20199985,-81.45230282,0,1.418911539,141.6262781,3G,0,0,0
26:27.9,Kumhrar,25.48241938,85.156004,-83.43457378,0,2.326292498,159.536637,3G,0,0,0
48:18.3,Boring Road,25.53483578,85.18525238,-84.89882382,0,2.658301281,150.8141719,3G,0,0,0
51:25.5,Ashok Rajpath,25.6679664,84.98145205,-79.35075324,0,1.62740625,163.5645322,3G,0,0,0
54:32.8,Anisabad,25.64260948,85.04089393,-85.38859422,0,1.945030886,137.8224515,3G,0,0,0
57:40.0,Danapur,25.6093889,85.26924804,-89.15577127,0,1.012094086,148.3860219,3G,0,0,0
00:47.2,Boring Road,25.54535381,85.28306169,-88.29210496,0,2.519647317,133.8823482,3G,0,0,0
03:54.4,Danapur,25.65402087,85.28988406,-89.43077478,0,2.819096946,156.8955483,3G,0,0,0
10:08.8,Patliputra Colony,25.42592527,85.11091029,-86.85140553,0,2.236581598,168.0672373,3G,0,0,0
22:37.7,Fraser Road,25.65741399,85.285892,-87.57506606,0,1.771107129,150.6685791,3G,0,0,0
31:59.3,Anandpuri,25.56624148,85.26371848,-82.41332946,0,1.911299099,148.201734,3G,0,0,0
41:20.9,Gandhi Maidan,25.69010638,85.16058338,-89.39380619,0,2.076726204,191.3229686,3G,0,0,0
00:04.2,Boring Canal Road,25.60028166,85.10866794,-85.18356531,0,1.223869156,160.9505891,3G,0,0,0
03:11.4,Bankipore,25.58056139,85.30662411,-89.94059157,0,1.558016581,140.4968587,3G,0,0,0
15:40.2,Danapur,25.76470395,85.09166246,-79.12403569,0,2.67489919,132.2989683,3G,0,0,0
34:23.5,Bankipore,25.73433962,85.22085695,-90.22666508,0,2.0908559,113.3416336,3G,0,0,0
40:37.9,S.K. Puri,25.57094068,84.98941155,-90.21820592,0,1.043291123,109.1777606,3G,0,0,0
43:45.1,Bailey Road,25.65693284,85.01435122,-88.15744023,0,1.853789456,146.902494,3G,0,0,0
46:52.3,Fraser Road,25.68731584,85.17255208,-83.94888935,0,1.079594255,159.7682336,3G,0,0,0
53:06.7,Gandhi Maidan,25.5186701,85.28172475,-85.18706393,0,1.520806218,183.8399638,3G,0,0,0
33:40.5,Kidwaipuri,25.57608014,85.05041606,-87.40684008,0,2.945688317,100.4868408,3G,0,0,0
46:09.3,Ashok Rajpath,25.58010823,85.27431766,-84.66460253,0,2.607386904,181.7822074,3G,0,0,0
07:59.8,Danapur,25.50346018,84.98289679,-86.42738633,0,1.497953798,137.2307099,3G,0,0,0
14:14.2,Anisabad,25.64263428,85.06340286,-84.63685915,0,1.002536154,189.4007198,3G,0,0,0
48:33.5,Ashok Rajpath,25.50401868,85.14280714,-85.63659839,0,2.54930524,156.2144754,3G,0,0,0
10:24.0,Anisabad,25.47645067,85.18620529,-86.90622964,0,1.382124279,179.0513608,3G,0,0,0
19:45.6,Boring Road,25.52012702,85.16795686,-79.49553957,0,1.356663025,123.9369836,3G,0,0,0
35:21.7,Kidwaipuri,25.74947034,85.13735747,-83.57323469,0,1.608615184,108.6457507,3G,0,0,0
44:43.3,Bailey Road,25.74380351,85.18840603,-81.72273399,0,2.333051664,180.7536255,3G,0,0,0
57:12.1,Boring Road,25.64052933,85.30472282,-86.39438261,0,2.683967056,148.2854765,3G,0,0,0
00:19.4,Bankipore,25.68123264,85.16733873,-82.44335198,0,1.754357584,190.3336007,3G,0,0,0
12:48.2,Ashok Rajpath,25.49306643,85.15518357,-88.15366009,0,1.314743167,103.106813,3G,0,0,0
15:55.4,Kumhrar,25.61132924,84.97467615,-92.59530795,0,1.774366548,134.61085,3G,0,0,0
31:31.5,Danapur,25.56531311,84.96302997,-85.50695949,0,1.382554742,151.7117931,3G,0,0,0
44:00.3,Anandpuri,25.46410256,85.08623377,-82.61045512,0,2.619540808,188.6615489,3G,0,0,0
50:14.7,Ashok Rajpath,25.4966159,85.09787627,-86.77248433,0,2.087755842,133.8554027,3G,0,0,0
43:17.3,Pataliputra,25.7597678,85.13508348,-81.82241885,0,2.980445069,120.9406714,3G,0,0,0
26:58.2,Exhibition Road,25.45057672,85.24310793,-86.02712695,0,2.769853494,157.7020402,3G,0,0,0
39:27.1,Anandpuri,25.49467678,85.14838039,-87.32357383,0,2.567905036,145.3261773,3G,0,0,0
38:44.1,Rajendra Nagar,25.70947532,85.0846616,-86.23358188,0,2.664997402,185.077849,3G,0,0,0
00:34.5,Rajendra Nagar,25.56174003,85.09409821,-84.14573622,0,1.334111339,199.2830825,3G,0,0,0
25:32.2,Fraser Road,25.68953769,84.99759493,-83.68861966,0,1.063240076,125.8500568,3G,0,0,0
44:15.5,Anandpuri,25.6303636,85.17440054,-83.7460461,0,2.866226442,165.7197662,3G,0,0,0
53:37.1,Rajendra Nagar,25.68489122,85.04316114,-82.38865249,0,2.972828037,173.2290567,3G,0,0,0
06:06.0,Boring Road,25.53193543,84.9855437,-89.53536144,0,1.407434787,134.0384838,3G,0,0,0
21:42.0,Bailey Road,25.70208786,85.16153601,-90.21496601,0,1.975753212,170.2164329,3G,0,0,0
24:49.2,Bailey Road,25.73674331,85.08451578,-86.85308626,0,1.083643248,162.3888943,3G,0,0,0
31:03.6,Boring Canal Road,25.67801675,85.232527,-89.17095032,0,2.312222301,121.0461748,3G,0,0,0
05:22.9,Anandpuri,25.47771952,85.1004765,-87.63246572,0,2.160076976,171.9694571,3G,0,0,0
08:30.2,Anisabad,25.66452629,85.24463564,-83.10488888,0,2.282786497,177.0131292,3G,0,0,0
14:44.6,Gandhi Maidan,25.52121617,85.23156731,-87.06761214,0,2.742543702,166.3147829,3G,0,0,0
24:06.2,Bailey Road,25.59190072,85.22136499,-87.08646787,0,2.220787733,193.9108698,3G,0,0,0
27:13.4,Kidwaipuri,25.71981037,85.19803622,-86.58699524,0,1.695937332,146.906034,3G,0,0,0
52:11.1,Danapur,25.66874613,85.13883463,-85.00020956,0,1.281807887,121.790447,3G,0,0,0
55:18.3,Kankarbagh,25.58351104,85.29585314,-81.63497104,0,2.93235605,182.1031947,3G,0,0,0
07:47.2,Boring Road,25.42091987,85.17472122,-85.28465727,0,2.119766331,178.9673614,3G,0,0,0
10:54.4,Anisabad,25.53809659,85.06188137,-82.5830469,0,1.396820202,149.398718,3G,0,0,0
03:56.9,Pataliputra,25.55099205,85.22706581,-86.28000163,0,2.923955309,172.2901007,3G,0,0,0
07:04.1,Gandhi Maidan,25.74343605,85.10425059,-84.00011885,0,1.945961963,167.211446,3G,0,0,0
13:18.6,Boring Road,25.53102985,85.00332896,-83.8273719,0,1.176875175,195.4369362,3G,0,0,0
35:09.0,Boring Canal Road,25.62922196,84.98140884,-89.93714885,0,1.144844626,129.526063,3G,0,0,0
50:45.1,Boring Canal Road,25.5219982,85.04226151,-83.15876112,0,2.722572666,122.3906202,3G,0,0,0
53:52.3,Boring Canal Road,25.51182395,85.27516495,-90.66051252,0,1.180637121,156.265412,3G,0,0,0
09:28.3,Rajendra Nagar,25.47822123,85.14851312,-83.67012722,0,2.65389805,184.4426333,3G,0,0,0
12:35.6,Anisabad,25.59440947,85.14805458,-84.4536819,0,1.826946528,146.1778156,3G,0,0,0
31:18.8,S.K. Puri,25.62418295,85.19517846,-83.3539003,0,2.342916063,125.2431194,3G,0,0,0
40:40.4,Boring Canal Road,25.53894129,85.15579236,-79.70062826,0,1.268862166,181.4066906,3G,0,0,0
27:28.6,Anandpuri,25.72079492,85.05204255,-84.48191005,0,2.138133996,138.2588824,3G,0,0,0
46:11.9,Kidwaipuri,25.57661628,85.07211139,-90.8512366,0,2.604903491,173.6685876,3G,0,0,0
52:26.3,Gardanibagh,25.53763362,85.16081029,-90.56523599,0,1.354622507,186.267407,3G,0,0,0
01:47.9,Fraser Road,25.45188615,85.14770864,-92.56254102,0,1.239260879,141.6708664,3G,0,0,0
08:02.3,Kumhrar,25.72422988,85.03800095,-86.75042595,0,2.65272637,126.7295082,3G,0,0,0
20:31.2,Anisabad,25.60692017,85.07684554,-81.81349766,0,2.812508473,150.6371674,3G,0,0,0
29:52.8,Danapur,25.58686686,85.28784486,-83.04777689,0,1.770082476,183.6473192,3G,0,0,0
36:07.2,Anisabad,25.49370329,85.03892203,-89.83597601,0,2.671968898,112.2710444,3G,0,0,0
39:14.4,Boring Canal Road,25.60742013,84.96285676,-83.38770223,0,2.997500069,137.1860115,3G,0,0,0
48:36.1,Gardanibagh,25.66673019,85.20673886,-77.58625887,0,2.521589018,105.9926648,3G,0,0,0
54:50.5,Bailey Road,25.42299798,85.12764955,-85.71276374,0,1.148795249,181.6575613,3G,0,0,0
07:19.3,Danapur,25.48805587,85.19042848,-83.43298411,0,2.964080175,106.3033652,3G,0,0,0
54:07.5,Boring Canal Road,25.68443653,85.02958865,-90.14832164,0,1.208693227,107.5158565,3G,0,0,0
00:21.9,Kankarbagh,25.70253675,85.00952503,-90.47741723,0,1.465189274,161.6885783,3G,0,0,0
15:58.0,Bailey Road,25.63819093,85.24533436,-79.28879433,0,2.813948586,189.3987674,3G,0,0,0
31:34.0,Fraser Road,25.55382037,85.011013,-85.34556499,0,2.358074331,183.2225781,3G,0,0,0
47:10.1,Bailey Road,25.50335398,85.20688212,-84.7558719,0,2.323530309,172.1135854,3G,0,0,0
53:24.5,Exhibition Road,25.49335144,85.22327029,-80.75791259,0,1.320689288,108.5466801,3G,0,0,0
59:38.9,Boring Canal Road,25.53847843,85.20591029,-81.0981238,0,2.198583164,107.8849031,3G,0,0,0
02:46.1,Anandpuri,25.60709925,84.99017191,-86.70848794,0,1.48940369,185.5308368,3G,0,0,0
05:53.3,Rajendra Nagar,25.6323066,85.09275137,-84.24173809,0,1.642510347,110.3019194,3G,0,0,0
09:00.5,S.K. Puri,25.59149649,85.30688514,-84.34916702,0,1.345844995,168.2756925,3G,0,0,0
15:14.9,Ashok Rajpath,25.66808895,85.14729733,-83.64756299,0,2.622906061,182.8538576,3G,0,0,0
18:22.2,Fraser Road,25.56550505,85.1255764,-84.37094181,0,1.373127719,189.4710455,3G,0,0,0
30:51.0,Ashok Rajpath,25.5287492,85.11589705,-86.97859475,0,1.582878167,185.4546502,3G,0,0,0
40:12.6,Boring Road,25.58856463,85.18545991,-84.27533539,0,2.567245485,165.9924295,3G,0,0,0
11:24.7,Kidwaipuri,25.60190595,85.11464931,-86.53025973,0,2.051262056,109.1250569,3G,0,0,0
23:53.6,Phulwari Sharif,25.6860998,84.98760272,-88.793185,0,2.643080764,108.1014893,3G,0,0,0
39:29.6,Gandhi Maidan,25.51324569,85.11876284,-83.39321381,0,1.469244534,126.2369585,3G,0,0,0
13:48.9,S.K. Puri,25.43608694,85.22148253,-89.73168511,0,1.921327489,125.1759387,3G,0,0,0
26:17.8,Boring Canal Road,25.41838279,85.10008117,-85.54520061,0,1.035570283,103.3559182,3G,0,0,0
09:58.7,Exhibition Road,25.46244652,85.06283374,-82.16735548,0,1.947079294,174.6566674,3G,0,0,0
13:05.9,Gardanibagh,25.57776983,85.11502715,-84.41451386,0,1.140393223,198.0322073,3G,0,0,0
41:10.8,Ashok Rajpath,25.69231943,85.17887742,-85.80482508,0,1.251795953,145.2786637,3G,0,0,0
47:25.2,Phulwari Sharif,25.52686725,85.28018596,-84.21395028,0,2.721457119,101.5414958,3G,0,0,0
56:46.9,Kankarbagh,25.59414771,85.20868908,-84.21723503,0,2.101790752,141.0709396,3G,0,0,0
09:15.7,Pataliputra,25.75612339,85.14216367,-86.59122622,0,2.548041846,104.2936155,3G,0,0,0
21:44.5,Phulwari Sharif,25.62734869,85.07668929,-77.79778867,0,2.849744511,192.037635,3G,0,0,0
31:06.2,Anisabad,25.4988955,85.27091796,-84.96685902,0,2.27728752,117.1060093,3G,0,0,0
40:27.8,Anandpuri,25.60191794,84.96409822,-88.31978917,0,1.125796515,137.8355424,3G,0,0,0
52:56.6,Danapur,25.65572448,85.19314747,-83.99103109,0,1.793078455,199.0917475,3G,0,0,0
08:32.7,Patliputra Colony,25.71090287,85.0677369,-89.29596028,0,1.798263405,180.7662078,3G,0,0,0
11:39.9,Ashok Rajpath,25.56421283,85.04835053,-86.9595691,0,2.040692674,193.0725795,3G,0,0,0
17:54.3,Gandhi Maidan,25.61400211,85.26108972,-81.60798037,0,2.736930682,147.2077835,3G,0,0,0
27:16.0,Kidwaipuri,25.64136924,85.0030103,-79.12371888,0,1.537766225,141.0298107,3G,0,0,0
36:37.6,Kumhrar,25.52506533,84.9796177,-86.25309032,0,1.148112969,148.1756909,3G,0,0,0
14:04.1,Rajendra Nagar,25.5891876,85.02789488,-88.82391066,0,2.361109695,124.746773,3G,0,0,0
23:25.7,Gardanibagh,25.67651184,85.03513089,-82.37605996,0,1.418762667,129.278943,3G,0,0,0
39:01.8,Bankipore,25.6339339,85.12103044,-83.4977549,0,2.825721423,146.6114525,3G,0,0,0
45:16.2,Ashok Rajpath,25.58007172,85.04621975,-84.22882909,0,1.008050558,140.1645177,3G,0,0,0
00:52.3,Bailey Road,25.4760098,85.26953363,-82.87696527,0,1.109479272,177.6048959,3G,0,0,0
03:59.5,Ashok Rajpath,25.65481744,84.99746904,-83.48039683,0,1.660894708,153.8218434,3G,0,0,0
07:06.7,Boring Canal Road,25.50342078,84.98899046,-88.67757316,0,2.116943843,178.6792101,3G,0,0,0
13:21.1,Anisabad,25.5902952,84.98262115,-84.6362555,0,2.508402184,124.2422095,3G,0,0,0
44:33.2,Kidwaipuri,25.73667887,85.10359423,-83.58524784,0,1.533607564,111.7041483,3G,0,0,0
50:47.6,Danapur,25.6821857,85.099539,-86.27342775,0,1.732026784,188.0348196,3G,0,0,0
53:54.8,Anandpuri,25.7121931,85.05098002,-86.50775954,0,2.359351735,171.2958816,3G,0,0,0
18:52.5,Pataliputra,25.55472946,85.07768757,-83.70147061,0,1.480491115,195.6611854,3G,0,0,0
40:43.0,Kankarbagh,25.73900304,85.04251513,-87.94596423,0,2.371630332,130.6159292,3G,0,0,0
15:02.3,Fraser Road,25.51951108,85.20900082,-87.6650279,0,1.840465266,108.8282499,3G,0,0,0
27:31.1,Kidwaipuri,25.63126913,85.18857385,-81.53208403,0,2.67565144,116.9624093,3G,0,0,0
52:28.8,Gandhi Maidan,25.57579909,85.27162414,-89.27939173,0,1.456620851,136.1261729,3G,0,0,0
08:04.9,Gardanibagh,25.72334111,85.18192794,-86.27990831,0,1.458801253,118.3409464,3G,0,0,0
11:12.1,Kidwaipuri,25.71436695,85.02020182,-90.86115601,0,2.61623751,161.2000938,3G,0,0,0
26:48.1,Boring Road,25.6678022,85.00727232,-86.31346697,0,1.624183832,126.8554106,3G,0,0,0
33:02.6,S.K. Puri,25.50071298,85.08157474,-80.88087301,0,2.93286962,136.300145,3G,0,0,0
39:17.0,Boring Road,25.7497437,85.07533242,-84.67877649,0,2.569208251,187.7581773,3G,0,0,0
54:53.0,Kankarbagh,25.71059857,85.06789867,-83.77589255,0,1.569859611,164.7209134,3G,0,0,0
58:00.2,Boring Canal Road,25.57779553,85.12891842,-86.21359522,0,2.108728082,161.5405677,3G,0,0,0
07:21.9,Boring Canal Road,25.43243103,85.06972262,-82.81050366,0,1.585977075,105.0215965,3G,0,0,0
19:50.7,Pataliputra,25.69913547,85.1581344,-86.33489385,0,1.389112322,184.1226225,3G,0,0,0
35:26.8,Fraser Road,25.68611602,85.25629296,-84.98688925,0,2.608467578,154.9921071,3G,0,0,0
41:41.2,Fraser Road,25.5423626,85.25171204,-88.53009456,0,1.407638987,132.4564284,3G,0,0,0
54:10.0,Boring Canal Road,25.4394983,85.09514487,-85.41163511,0,1.129813392,138.8161448,3G,0,0,0
57:17.2,Anandpuri,25.49943991,85.21746122,-83.30977015,0,1.271300212,120.249905,3G,0,0,0
03:31.7,Danapur,25.58242793,84.9636577,-90.20720181,0,1.121299981,113.8739187,3G,0,0,0
09:46.1,Gandhi Maidan,25.59673258,85.11730005,-92.74886956,0,1.307921988,169.0722894,3G,0,0,0
31:36.5,Fraser Road,25.53306558,85.10283911,-83.71904895,0,2.729937119,153.6349628,3G,0,0,0
37:51.0,Boring Canal Road,25.56284482,85.2316853,-81.37264057,0,2.224007795,111.977838,3G,0,0,0
44:05.4,Phulwari Sharif,25.42741445,85.17253079,-86.15494761,0,2.172011906,191.7541082,3G,0,0,0
47:12.6,Bankipore,25.72949932,85.04935714,-86.12772251,0,1.128785893,126.918644,3G,0,0,0
50:19.8,Phulwari Sharif,25.62465131,85.28636246,-85.40905708,0,1.752363581,174.3278259,3G,0,0,0
53:27.0,Boring Canal Road,25.49564035,85.03757383,-83.62275982,0,2.684564197,174.641894,3G,0,0,0
56:34.2,Kumhrar,25.63310028,85.15956422,-88.4601502,0,2.349521667,139.5577915,3G,0,0,0
34:00.7,Kankarbagh,25.63933353,85.23636018,-83.65355008,0,2.621239733,158.5892346,3G,0,0,0
37:08.0,Pataliputra,25.62478755,85.08513161,-88.7047989,0,1.105932811,137.3617772,3G,0,0,0
40:15.2,Gandhi Maidan,25.59581927,85.02087086,-83.32984607,0,2.364366332,143.9661532,3G,0,0,0
49:36.8,Rajendra Nagar,25.54238257,85.04162957,-82.44066921,0,1.187170682,139.9866463,3G,0,0,0
52:44.0,Kidwaipuri,25.50988017,85.08214293,-83.31046363,0,2.852984433,181.5621031,3G,0,0,0
55:51.2,Danapur,25.60400028,85.03861747,-86.90448208,0,2.119823372,199.3171083,3G,0,0,0
58:58.4,Phulwari Sharif,25.52370857,85.00658383,-88.21339919,0,2.479535576,195.0643785,3G,0,0,0
02:05.6,Kumhrar,25.48778084,85.16414934,-82.59156925,0,2.807465071,108.1823327,3G,0,0,0
05:12.9,Kankarbagh,25.66266232,85.05373761,-85.59079653,0,2.528574464,139.4975,3G,0,0,0
08:20.1,Rajendra Nagar,25.46400556,85.22191568,-87.7808739,0,2.919969816,176.8089905,3G,0,0,0
20:48.9,Exhibition Road,25.61215328,85.2096325,-81.76144617,0,2.142523657,108.5167167,3G,0,0,0
01:22.6,Anandpuri,25.49603489,85.21092574,-82.63986457,0,1.892699329,167.8601923,3G,0,0,0
29:27.5,Fraser Road,25.42285755,85.15865237,-88.70145341,0,1.232680446,194.858314,3G,0,0,0
41:56.4,Pataliputra,25.54814212,85.2334783,-81.7620904,0,2.322678617,165.2110857,3G,0,0,0
48:10.8,Patliputra Colony,25.46664852,85.12465254,-88.61487329,0,1.004161278,193.1531801,3G,0,0,0
19:22.9,Phulwari Sharif,25.6353682,84.98900497,-83.82739028,0,1.035262818,153.7074216,3G,0,0,0
38:06.1,Pataliputra,25.70104367,85.10878617,-84.13533856,0,2.576892522,181.3284213,3G,0,0,0
41:13.4,Exhibition Road,25.43526278,85.19482251,-88.4891628,0,2.722984759,190.2840128,3G,0,0,0
53:42.2,Phulwari Sharif,25.5606665,85.30375066,-87.55507847,0,2.950980997,113.8506778,3G,0,0,0
12:25.5,Anandpuri,25.64121322,85.05804357,-80.03479497,0,2.386794053,120.448195,3G,0,0,0
15:32.7,Rajendra Nagar,25.56057973,85.22999301,-86.5144461,0,2.211705937,128.882778,3G,0,0,0
21:47.1,Kidwaipuri,25.6725787,85.04632577,-90.05647718,0,1.744314856,182.1254164,3G,0,0,0
24:54.3,Phulwari Sharif,25.72491505,85.15294159,-83.50999362,0,1.968235062,190.8874776,3G,0,0,0
24:11.3,Patliputra Colony,25.47385307,85.20217792,-83.11151753,0,2.89280565,186.4338683,3G,0,0,0
27:18.5,Boring Canal Road,25.45667245,85.07614071,-87.06195143,0,2.553063886,194.8708716,3G,0,0,0
30:25.7,Fraser Road,25.49062835,85.14553093,-85.32169501,0,1.149576329,125.1758799,3G,0,0,0
33:32.9,Phulwari Sharif,25.64119128,85.15485139,-80.68071747,0,2.425353129,191.1684436,3G,0,0,0
46:01.8,Anisabad,25.63840601,85.09455975,-85.55035556,0,1.303772804,117.9642982,3G,0,0,0
49:09.0,Anisabad,25.63923987,85.12236887,-82.98878541,0,1.762381606,160.472612,3G,0,0,0
14:06.7,Patliputra Colony,25.73301567,85.23048152,-87.72502376,0,1.937122752,184.5386948,3G,0,0,0
23:28.3,Bankipore,25.70700847,85.15569492,-84.10262983,0,2.901975073,110.4922645,3G,0,0,0
42:11.5,Phulwari Sharif,25.47913524,85.23342285,-85.60808532,0,2.829018085,134.4638221,3G,0,0,0
16:30.9,S.K. Puri,25.6297449,85.13067462,-81.91345254,0,2.9959326,143.1085218,3G,0,0,0
22:45.3,Gandhi Maidan,25.65969996,85.10048098,-87.07363731,0,1.671699736,104.4893114,3G,0,0,0
32:06.9,Phulwari Sharif,25.72148576,85.11381449,-85.91604826,0,1.204940533,128.2093077,3G,0,0,0
41:28.5,Kumhrar,25.56947789,85.21333629,-88.48870341,0,1.609223629,177.9921317,3G,0,0,0
50:50.2,Gandhi Maidan,25.6174971,84.99310108,-82.7560138,0,1.122214157,143.6736678,3G,0,0,0
12:40.6,Boring Road,25.62758524,85.05366237,-84.28432579,0,1.501123513,195.3833972,3G,0,0,0
25:09.5,Boring Road,25.66056403,85.20736099,-87.63990507,0,2.596626268,110.1124839,3G,0,0,0
34:31.1,Gardanibagh,25.50105255,85.16432863,-86.27418162,0,1.833573983,186.2603285,3G,0,0,0
56:21.6,Phulwari Sharif,25.67746259,85.19438414,-81.60263111,0,2.200709371,148.2253739,3G,0,0,0
59:28.8,Rajendra Nagar,25.72639527,85.24789497,-84.78400733,0,2.170208372,198.8378084,3G,0,0,0
02:36.0,Bankipore,25.50926528,85.17101643,-91.69253611,0,1.481489094,190.0449986,3G,0,0,0
15:04.8,Boring Road,25.73478868,85.10804512,-89.10694446,0,1.316619063,188.0487183,3G,0,0,0
27:33.7,Boring Canal Road,25.54240946,85.02732751,-87.68285855,0,1.799952298,150.5840862,3G,0,0,0
30:40.9,Phulwari Sharif,25.61252589,85.28214415,-86.0376328,0,1.882053247,190.2129192,3G,0,0,0
33:48.1,Bailey Road,25.65468889,85.2664048,-85.22235676,0,2.679044111,177.9963525,3G,0,0,0
58:45.8,Kankarbagh,25.63458066,85.31036996,-87.0589786,0,2.771804755,100.0307075,3G,0,0,0
08:07.4,Kidwaipuri,25.74255941,85.04992709,-82.8851768,0,2.893312062,188.7983854,3G,0,0,0
14:21.8,Bailey Road,25.50023459,85.23153486,-79.91874813,0,2.971602701,194.2590214,3G,0,0,0
48:41.2,Exhibition Road,25.64805058,85.01732655,-82.91302137,0,2.301594283,181.318467,3G,0,0,0
51:48.4,Kumhrar,25.44751579,85.1831869,-81.05368461,0,2.680352596,182.4332338,3G,0,0,0
13:38.8,Fraser Road,25.64802263,85.14474001,-88.74506943,0,2.355856845,182.0700836,3G,0,0,0
16:46.0,Exhibition Road,25.4802927,85.03893406,-83.69719819,0,1.470616796,117.5390335,3G,0,0,0
23:00.5,Boring Canal Road,25.45131148,85.06121625,-87.83640502,0,2.591150548,103.6835817,3G,0,0,0
26:07.7,S.K. Puri,25.67220316,85.27380622,-80.16977163,0,1.495088574,188.2421208,3G,0,0,0
54:12.6,Danapur,25.65813591,85.21619124,-82.03179681,0,2.993821779,176.8855271,3G,0,0,0
12:55.8,Fraser Road,25.74265963,85.17862961,-86.37038063,0,1.411423519,149.2782935,3G,0,0,0
16:03.0,Kankarbagh,25.50244887,85.00865923,-86.23664903,0,2.117393928,109.0241318,3G,0,0,0
41:00.7,Exhibition Road,25.70222357,84.99770066,-84.34527461,0,1.867291849,120.1537937,3G,0,0,0
30:56.1,Ashok Rajpath,25.44806054,85.05979236,-83.02413457,0,1.473721419,101.4370206,3G,0,0,0
49:39.3,Phulwari Sharif,25.54977676,84.97209562,-84.5134253,0,1.713829803,173.6345863,3G,0,0,0
11:29.8,Rajendra Nagar,25.6258109,85.22020617,-84.37094122,0,2.178841612,178.3637553,3G,0,0,0
17:44.2,Bailey Road,25.77164071,85.13012963,-83.27476683,0,2.521852035,172.264544,3G,0,0,0
27:05.9,Patliputra Colony,25.47913795,85.25318909,-87.93834285,0,1.1263561,188.8450865,3G,0,0,0
36:27.5,Exhibition Road,25.45985825,85.06403358,-86.94646743,0,2.049186176,159.7041447,3G,0,0,0
52:03.5,Patliputra Colony,25.59001481,85.00139555,-89.44269989,0,2.002837418,116.1215299,3G,0,0,0
55:10.8,Rajendra Nagar,25.60550902,84.98609601,-85.16341275,0,2.562773139,103.9283682,3G,0,0,0
58:18.0,Phulwari Sharif,25.6220798,85.00701203,-85.07470806,0,1.015450283,134.3975998,3G,0,0,0
07:39.6,Rajendra Nagar,25.70952341,85.17973502,-82.41366743,0,2.718186268,133.3125461,3G,0,0,0
13:54.0,Gardanibagh,25.64548687,85.07389508,-84.98264466,0,1.750482814,138.5860813,3G,0,0,0
26:22.9,Fraser Road,25.67028927,85.16139019,-81.05125811,0,1.318852414,163.4566799,3G,0,0,0
29:30.1,Bankipore,25.72247259,85.21969103,-79.91390952,0,2.824706174,145.2160752,3G,0,0,0
57:35.0,Gardanibagh,25.62508872,85.11172197,-83.07806747,0,1.358604529,167.5005089,3G,0,0,0
03:49.4,Phulwari Sharif,25.47365148,85.11412432,-87.25878835,0,1.681758761,102.0231462,3G,0,0,0
06:56.6,Fraser Road,25.499476,85.18866795,-83.6322316,0,2.8909011,199.7547762,3G,0,0,0
16:18.2,Boring Canal Road,25.49083661,85.11816704,-82.16104745,0,2.40420516,121.0333702,3G,0,0,0
31:54.3,Bailey Road,25.64579025,85.26777007,-85.02171194,0,1.083749398,150.4045183,3G,0,0,0
12:28.0,Pataliputra,25.70791443,85.22438157,-86.00188638,0,1.580498088,196.90782,3G,0,0,0
18:42.4,Anisabad,25.60405195,85.10577391,-85.30659627,0,1.890971585,151.6674882,3G,0,0,0
28:04.1,Kumhrar,25.46500969,85.24685983,-84.89919488,0,1.98912974,104.1663,3G,0,0,0
31:11.3,Exhibition Road,25.58751176,84.97190234,-82.12174124,0,2.004804439,133.4743467,3G,0,0,0
34:18.5,Ashok Rajpath,25.62754894,85.20993392,-88.76133122,0,2.208383901,196.6116322,3G,0,0,0
37:25.7,Phulwari Sharif,25.42753746,85.10747002,-86.69906054,0,2.390779502,193.0725428,3G,0,0,0
43:40.1,Exhibition Road,25.71407241,85.13646549,-82.60746908,0,2.711679251,151.6017543,3G,0,0,0
11:45.0,Kidwaipuri,25.69237779,85.04399165,-88.00762589,0,2.375984037,125.8080461,3G,0,0,0
24:13.8,Fraser Road,25.47583579,85.17906821,-84.31615821,0,2.884328123,143.2265875,3G,0,0,0
27:21.0,Bankipore,25.51675452,84.98681497,-85.62073004,0,1.350773008,164.9438423,3G,0,0,0
52:18.7,Gardanibagh,25.52909892,85.19636614,-87.23466058,0,1.793718532,185.989586,3G,0,0,0
55:25.9,Anisabad,25.4679583,85.12208908,-86.96851494,0,1.728189717,126.4364285,3G,0,0,0
07:54.8,Danapur,25.51513989,85.13247919,-83.72043131,0,1.65909577,194.6887482,3G,0,0,0
45:21.3,Fraser Road,25.59889511,85.2348143,-84.71420781,0,2.973660869,128.5319361,3G,0,0,0
48:28.5,Boring Canal Road,25.61161496,85.11076366,-85.00130089,0,1.425374451,163.4495391,3G,0,0,0
13:26.2,Exhibition Road,25.70427085,85.15243292,-92.23006523,0,1.675729887,109.942659,3G,0,0,0
38:23.9,Ashok Rajpath,25.63595799,85.09436241,-84.65044329,0,1.448104824,156.1529073,3G,0,0,0
57:07.1,Rajendra Nagar,25.62243173,85.23648444,-83.65946101,0,1.389058023,107.6405727,3G,0,0,0
00:14.3,Ashok Rajpath,25.51390524,85.07126499,-80.11587649,0,2.194966267,164.3017682,3G,0,0,0
03:21.6,Anandpuri,25.50639903,85.22073905,-85.75493466,0,2.909223741,114.7836895,3G,0,0,0
37:40.9,Exhibition Road,25.68997857,85.0592015,-83.68846818,0,1.085296996,142.8082482,3G,0,0,0
53:16.9,Anisabad,25.56339947,85.31073272,-87.95701066,0,2.159337826,154.1895517,3G,0,0,0
05:45.8,Bankipore,25.55952746,85.25517137,-81.49771578,0,2.184971162,123.9496833,3G,0,0,0
24:29.0,Bailey Road,25.74148263,85.10446732,-82.64776543,0,1.770263214,194.011841,3G,0,0,0
30:43.4,Danapur,25.58125318,85.02175697,-86.24020409,0,1.966449933,193.125692,3G,0,0,0
52:33.9,Bailey Road,25.73510709,85.09171052,-80.78735151,0,1.170838044,173.5959365,3G,0,0,0
58:48.3,Boring Canal Road,25.62543026,85.01924733,-83.66182917,0,1.138064233,183.6804492,3G,0,0,0
14:24.4,Bailey Road,25.61458462,85.15605262,-88.61429374,0,1.971428093,132.8459393,3G,0,0,0
17:31.6,Gardanibagh,25.73293921,85.13536528,-83.02948455,0,1.464217926,114.3984981,3G,0,0,0
39:22.1,Kidwaipuri,25.65206258,84.99292908,-87.02591564,0,1.580185138,164.3747692,3G,0,0,0
42:29.3,Anandpuri,25.513582,85.28691671,-85.39687361,0,2.883308551,162.5828143,3G,0,0,0
48:43.7,Anisabad,25.6610159,85.1647734,-88.58077469,0,1.959177169,152.3152899,3G,0,0,0
01:12.5,Exhibition Road,25.50681864,85.09682441,-84.21938863,0,1.290420121,193.7839655,3G,0,0,0
04:19.7,Bailey Road,25.59886614,85.02768362,-81.2538407,0,1.021496332,183.2923428,3G,0,0,0
16:48.6,Ashok Rajpath,25.62925553,85.0476824,-80.8179038,0,1.232947827,135.6785851,3G,0,0,0
32:24.6,Ashok Rajpath,25.48879756,85.06033229,-84.18004107,0,2.81362121,187.2018756,3G,0,0,0
41:46.3,Patliputra Colony,25.64994224,85.23799565,-81.98351404,0,1.119058464,133.9955898,3G,0,0,0
51:07.9,Patliputra Colony,25.71883771,85.15960676,-89.09012402,0,1.247026526,112.0179329,3G,0,0,0
00:29.5,Anisabad,25.71148437,85.12779951,-85.81466264,0,1.961025972,190.4504141,3G,0,0,0
09:51.2,Bankipore,25.61221695,85.0571906,-84.98981189,0,2.137543155,191.8408422,3G,0,0,0
25:27.2,Kankarbagh,25.5260531,85.18196423,-84.16508785,0,1.672879897,181.1658427,3G,0,0,0
37:56.1,Phulwari Sharif,25.67803653,85.01333081,-83.25350361,0,1.396562222,140.1645889,3G,0,0,0
41:03.3,Phulwari Sharif,25.53095907,85.15830362,-83.38782831,0,2.645724369,132.2554931,3G,0,0,0
02:53.7,Anisabad,25.59556504,84.9933411,-90.0632761,0,2.380750243,165.3891574,3G,0,0,0
09:08.2,Rajendra Nagar,25.64261315,85.07439298,-88.8786212,0,1.929744888,164.7887249,3G,0,0,0
43:27.5,Kumhrar,25.49985688,85.25865477,-85.87858285,0,2.115953701,118.3508834,3G,0,0,0
49:41.9,Gardanibagh,25.56309472,85.18192265,-84.90280707,0,1.965152367,145.355763,3G,0,0,0
52:49.1,Boring Road,25.48824206,85.04354747,-89.00189989,0,2.74351706,180.0712059,3G,0,0,0
59:03.5,Ashok Rajpath,25.47298263,85.25850552,-89.19710589,0,1.901296492,138.2435085,3G,0,0,0
20:54.0,Pataliputra,25.53613583,85.29691571,-84.78466652,0,2.715290697,102.4903772,3G,0,0,0
30:15.6,Kankarbagh,25.64127435,85.04009827,-81.83529785,0,1.416530377,114.1210309,3G,0,0,0
23:18.2,Exhibition Road,25.72350502,85.03483857,-82.06170894,0,2.884745743,155.1652324,3G,0,0,0
42:01.5,Bailey Road,25.63258595,85.0001281,-79.18542859,0,2.07600957,185.8449712,3G,0,0,0
06:59.1,Anisabad,25.53465209,85.06235655,-90.15982576,0,2.507391785,190.9428199,3G,0,0,0
22:35.2,S.K. Puri,25.69317447,85.18628224,-82.35290073,0,1.60542933,175.398341,3G,0,0,0
31:56.8,Patliputra Colony,25.50692103,85.28283182,-81.95235749,0,1.734160747,139.3316811,3G,0,0,0
44:25.7,Phulwari Sharif,25.70489623,85.09468047,-87.23399471,0,1.057712733,151.2450039,3G,0,0,0
47:32.9,Patliputra Colony,25.57737609,85.15858554,-85.12652832,0,1.128650567,132.1529903,3G,0,0,0
50:40.1,Bankipore,25.58394225,85.1766673,-82.78264404,0,2.933088781,182.2362119,3G,0,0,0
00:01.7,Danapur,25.63869601,85.03915904,-87.86505311,0,2.26328038,109.0453667,3G,0,0,0
12:30.5,Boring Canal Road,25.66520889,85.15779875,-81.35739971,0,2.006044426,119.7226287,3G,0,0,0
15:37.8,Kankarbagh,25.64862762,85.1917243,-83.01532076,0,2.880338638,180.9463652,3G,0,0,0
43:42.6,Danapur,25.56059474,85.13200538,-86.5056244,0,2.555486709,166.5331142,3G,0,0,0
08:40.3,Ashok Rajpath,25.50864133,85.27044196,-83.42841682,0,2.69933479,192.0763291,3G,0,0,0
39:52.4,Bankipore,25.46880396,85.18491414,-86.06825802,0,2.345315906,178.6119174,3G,0,0,0
55:28.5,Anandpuri,25.57275955,84.97148479,-80.97753515,0,2.430789493,190.4660613,3G,0,0,0
11:04.5,Bailey Road,25.76400232,85.13739972,-81.74028429,0,2.553799312,155.1577502,3G,0,0,0
17:19.0,Kidwaipuri,25.69109913,85.15988925,-81.16279243,0,2.29656065,193.3494174,3G,0,0,0
57:52.7,Patliputra Colony,25.51645894,85.17738782,-82.23194135,0,2.879080902,134.5869292,3G,0,0,0
00:59.9,Patliputra Colony,25.6509429,85.18566391,-84.90427234,0,2.30727231,175.9347241,3G,0,0,0
19:43.2,Ashok Rajpath,25.62938993,84.98003843,-81.14226545,0,1.610806167,110.5990548,3G,0,0,0
25:57.6,Pataliputra,25.6228418,85.05799793,-88.02273975,0,1.938979663,131.9140749,3G,0,0,0
29:04.8,Gandhi Maidan,25.6603857,85.1814722,-89.24534323,0,2.528619718,174.2082561,3G,0,0,0
38:26.4,Anandpuri,25.48984059,85.26788204,-81.93318316,0,2.151486034,131.3116062,3G,0,0,0
44:40.8,Danapur,25.67622437,85.12201618,-88.52145412,0,2.061481187,165.2570782,3G,0,0,0
50:55.3,Kidwaipuri,25.72120024,85.03908908,-84.38930845,0,2.272399885,149.0664168,3G,0,0,0
54:02.5,Gardanibagh,25.5126561,85.21821963,-89.01091012,0,1.121850854,113.2904507,3G,0,0,0
57:09.7,Kumhrar,25.60474211,85.18952159,-88.2649049,0,1.565594566,140.2794941,3G,0,0,0
06:31.3,Kumhrar,25.58107911,85.14538487,-84.26631328,0,1.083718697,147.223025,3G,0,0,0
12:45.7,Pataliputra,25.55665538,85.28785921,-84.96098571,0,1.716825059,180.5977912,3G,0,0,0
28:21.8,Ashok Rajpath,25.52920163,85.28278353,-85.59435471,0,2.938006524,179.2927613,3G,0,0,0
34:36.2,Phulwari Sharif,25.61132297,85.08710766,-81.83750848,0,1.044510989,147.8249488,3G,0,0,0
02:41.1,Gandhi Maidan,25.62640261,85.0859848,-79.82063088,0,1.113389658,151.9048718,3G,0,0,0
15:09.9,Boring Canal Road,25.70354819,85.10574344,-81.7182557,0,2.984989354,102.0688683,3G,0,0,0
30:46.0,Bankipore,25.570385,85.11727883,-83.38676712,0,2.926009354,165.0611704,3G,0,0,0
52:36.5,Pataliputra,25.59989719,85.16580658,-75.34904924,0,2.634107377,165.0302702,3G,0,0,0
55:43.7,Bailey Road,25.75089566,85.21957352,-80.89396902,0,2.06667881,140.9196968,3G,0,0,0
05:05.3,Fraser Road,25.43286601,85.16886444,-85.44478741,0,1.328344649,197.8616213,3G,0,0,0
23:48.6,Gardanibagh,25.5273827,85.18565148,-82.67811289,0,2.411673548,137.3062526,3G,0,0,0
26:55.8,Bankipore,25.48796305,85.14139988,-84.18903626,0,2.828905826,104.3263174,3G,0,0,0
30:03.0,Kumhrar,25.7099305,85.0506165,-85.39502135,0,1.570755363,187.7840181,3G,0,0,0
39:24.6,Kidwaipuri,25.44895455,85.17134925,-85.77562065,0,2.676789246,178.3675395,3G,0,0,0
48:46.2,Boring Road,25.69201586,85.07127382,-86.3011989,0,2.958459632,190.1084424,3G,0,0,0
51:53.4,Rajendra Nagar,25.5168537,85.04262705,-87.3724089,0,1.255923504,138.687579,3G,0,0,0
16:51.1,Pataliputra,25.52489824,85.29981745,-85.53657431,0,2.44777168,177.3242503,3G,0,0,0
19:58.3,Exhibition Road,25.68945464,85.17983035,-84.86745852,0,2.114547993,152.6505325,3G,0,0,0
23:05.6,Rajendra Nagar,25.66316973,85.18019174,-86.42539325,0,1.730285923,124.3101636,3G,0,0,0
38:41.6,Kankarbagh,25.7322843,85.21272788,-81.46389615,0,2.230837861,197.16212,3G,0,0,0
16:08.1,Kankarbagh,25.74774317,85.20243652,-81.68995038,0,1.420889491,152.9491194,3G,0,0,0
19:15.3,Bankipore,25.47233055,85.08708963,-87.46586232,0,2.93567561,188.7404802,3G,0,0,0
31:44.2,Rajendra Nagar,25.65568881,85.18862684,-84.57018516,0,1.044186551,162.8452842,3G,0,0,0
56:41.9,Exhibition Road,25.52425461,85.0918597,-90.86585585,0,2.797378038,104.0707174,3G,0,0,0
02:56.3,Gardanibagh,25.6060698,85.0206778,-87.90238336,0,1.647392703,165.392449,3G,0,0,0
15:25.1,Gardanibagh,25.74254565,85.10102314,-87.92247203,0,2.641869814,125.7387064,3G,0,0,0
49:44.4,Kidwaipuri,25.61870127,84.98753006,-92.36066671,0,1.22423162,123.1742768,3G,0,0,0
27:11.0,Ashok Rajpath,25.53541258,85.18400606,-80.83961908,0,1.674560179,149.5896652,3G,0,0,0
04:37.5,S.K. Puri,25.48922658,85.20510659,-82.02848373,0,2.865550415,159.8055848,3G,0,0,0
07:44.7,Kumhrar,25.47522082,85.09659801,-79.66808289,0,1.773135938,184.833865,3G,0,0,0
20:13.5,Pataliputra,25.69751721,85.00567875,-86.01683085,0,2.221708026,168.8125604,3G,0,0,0
23:20.7,Gandhi Maidan,25.49670387,85.13737689,-85.82954609,0,1.349016427,175.978512,3G,0,0,0
26:27.9,Danapur,25.51463324,85.02663579,-87.97248295,0,1.737342767,155.0361885,3G,0,0,0
29:35.2,S.K. Puri,25.62576135,85.01010601,-85.04787589,0,2.466292936,151.9064417,3G,0,0,0
38:56.8,Pataliputra,25.74530058,85.19999122,-88.89795719,0,1.794800974,128.2045701,3G,0,0,0
45:11.2,Bailey Road,25.50661857,85.0812254,-77.8086892,0,2.05493678,147.7585392,3G,0,0,0
13:16.1,Bankipore,25.69060354,85.11803078,-83.60287481,0,2.384337862,197.3116686,3G,0,0,0
25:44.9,Boring Canal Road,25.4805133,85.27634992,-92.22429634,0,2.525463667,121.9151372,3G,0,0,0
47:35.4,Fraser Road,25.47752237,85.0834808,-87.06019216,0,2.397580423,106.5576513,3G,0,0,0
03:11.5,Phulwari Sharif,25.63643452,85.19266487,-83.68502924,0,2.462274249,118.9723787,3G,0,0,0
40:38.0,S.K. Puri,25.43856207,85.09063859,-81.95088157,0,1.391539581,163.9220139,3G,0,0,0
43:45.2,Boring Road,25.62161657,85.07166244,-87.07792068,0,2.343148127,131.9330807,3G,0,0,0
49:59.6,S.K. Puri,25.75093579,85.16547793,-85.19558161,0,1.698342196,110.9881512,3G,0,0,0
30:33.3,Anisabad,25.74766833,85.12923053,-84.14031979,0,1.588190247,135.5073671,3G,0,0,0
39:55.0,Kankarbagh,25.68253932,85.0317649,-81.61466002,0,1.724157342,143.235459,3G,0,0,0
14:14.3,Kumhrar,25.72997589,85.16601851,-80.42256176,0,2.382728217,102.2198129,3G,0,0,0
17:21.5,Phulwari Sharif,25.67596907,85.13151458,-86.93802899,0,1.222910238,104.6184711,3G,0,0,0
26:43.1,Patliputra Colony,25.68750809,85.05504454,-86.74308923,0,1.083827181,141.3486553,3G,0,0,0
32:57.5,Ashok Rajpath,25.71103077,85.09499036,-89.50066919,0,2.114411821,175.2515323,3G,0,0,0
36:04.8,Pataliputra,25.46994637,85.05899881,-81.03171032,0,1.592169014,169.0589675,3G,0,0,0
54:48.0,Kumhrar,25.53105804,85.2259092,-88.77976162,0,2.586452874,185.15926,3G,0,0,0
04:09.6,Boring Canal Road,25.74155045,85.19715401,-82.90130334,0,2.660442453,103.5201456,3G,0,0,0
13:31.3,Boring Road,25.63970344,85.28683322,-86.44364257,0,1.962973856,197.8147271,3G,0,0,0
19:45.7,Kidwaipuri,25.52335817,85.16338744,-82.36357575,0,2.510253111,145.6659802,3G,0,0,0
38:29.0,Boring Canal Road,25.75832923,85.10440104,-84.7472617,0,1.057225456,191.4972161,3G,0,0,0
50:57.8,Anisabad,25.69178672,85.04729172,-87.77019059,0,2.381306435,103.8433026,3G,0,0,0
03:26.6,Bankipore,25.69713169,85.05561152,-79.27820673,0,2.831805555,189.1883491,3G,0,0,0
19:02.7,Pataliputra,25.56778979,85.15770614,-87.50169606,0,2.036196147,179.6130091,3G,0,0,0
25:17.1,Pataliputra,25.44383923,85.08221561,-84.67622222,0,2.215142492,188.4209203,3G,0,0,0
34:38.7,Kidwaipuri,25.71285631,85.20777136,-84.24943324,0,2.516253064,130.7561592,3G,0,0,0
40:53.2,Gandhi Maidan,25.63493281,85.08633903,-86.43812071,0,2.378029237,168.9076928,3G,0,0,0
50:14.8,Gandhi Maidan,25.52422897,85.27847963,-85.01582499,0,2.839344168,117.7957394,3G,0,0,0
05:50.8,Boring Road,25.66813547,85.22885838,-87.17200517,0,2.329720982,145.4346717,3G,0,0,0
21:26.9,Fraser Road,25.64324151,84.9688341,-85.30004277,0,2.583249035,128.6882546,3G,0,0,0
30:48.5,Patliputra Colony,25.73267652,85.17562427,-91.13151802,0,1.109391346,165.2481198,3G,0,0,0
37:02.9,Bankipore,25.66140599,85.24502683,-89.86633242,0,1.521987631,175.7258775,3G,0,0,0
43:17.4,S.K. Puri,25.67286773,85.24132745,-83.67969557,0,2.123098533,101.2919535,3G,0,0,0
46:24.6,Kumhrar,25.55194424,85.12567778,-80.66700599,0,2.158649315,186.8785463,3G,0,0,0
05:07.8,Kumhrar,25.63133162,85.2834075,-86.46320445,0,1.084492219,130.7186482,3G,0,0,0
14:29.5,Gardanibagh,25.50587097,85.22812822,-82.43677966,0,1.810316809,103.1439423,3G,0,0,0
07:32.0,Anisabad,25.7270559,85.10000892,-86.49694889,0,1.584102459,145.0876361,3G,0,0,0
23:08.1,Fraser Road,25.52393899,85.02260395,-81.77346987,0,2.611243037,155.7797725,3G,0,0,0
44:58.6,Gardanibagh,25.65516485,85.17936598,-84.97871325,0,2.571445024,137.3615293,3G,0,0,0
51:13.0,Pataliputra,25.42788415,85.11061587,-79.82716525,0,2.673540861,102.9265461,3G,0,0,0
54:20.2,Phulwari Sharif,25.7385553,85.15023342,-82.35250572,0,2.861613936,173.115804,3G,0,0,0
03:41.8,Gardanibagh,25.53493374,85.04869235,-90.23758102,0,1.396727212,131.6889119,3G,0,0,0
22:25.1,Boring Road,25.53706958,85.12613141,-82.94691805,0,1.123141047,156.0165491,3G,0,0,0
25:32.3,Kankarbagh,25.43635863,85.12478485,-82.73823094,0,1.594493493,175.6396547,3G,0,0,0
38:01.1,Anandpuri,25.65912215,85.10589295,-81.39441828,0,2.992193423,104.4867166,3G,0,0,0
47:22.8,Boring Road,25.55596834,85.21002898,-82.40008439,0,2.076208275,177.6473772,3G,0,0,0
59:51.6,Kankarbagh,25.58284235,85.10522445,-85.43572208,0,2.085009857,166.9083739,3G,0,0,0
02:58.8,Bailey Road,25.42605146,85.10778733,-87.41601762,0,2.663176135,109.8155797,3G,0,0,0
21:42.1,Gardanibagh,25.70220731,85.25746653,-81.45537406,0,1.843394682,156.2460343,3G,0,0,0
24:49.3,Kidwaipuri,25.58221056,84.96469633,-80.01633436,0,2.033412163,191.862852,3G,0,0,0
49:47.0,Fraser Road,25.66655625,85.15148769,-87.70589292,0,2.292675658,179.4994361,3G,0,0,0
52:54.2,Rajendra Nagar,25.61203307,85.30009232,-85.13194273,0,2.432568834,158.1092503,3G,0,0,0
02:15.8,Danapur,25.70480893,85.19467462,-83.02760785,0,2.116436766,109.7639135,3G,0,0,0
27:13.5,Bailey Road,25.57489529,85.14572703,-87.42198103,0,1.382380714,122.0683418,3G,0,0,0
45:56.8,Boring Canal Road,25.76608653,85.15995728,-86.97395302,0,2.791104572,138.3155809,3G,0,0,0
52:11.2,Gandhi Maidan,25.56346776,85.28746261,-83.91258374,0,1.611650435,160.8572451,3G,0,0,0
10:54.4,Pataliputra,25.51740743,85.10118751,-83.51189949,0,2.93218025,175.1153368,3G,0,0,0
17:08.9,S.K. Puri,25.50132804,85.01127017,-91.86818516,0,1.30661669,132.0408825,3G,0,0,0
35:52.1,S.K. Puri,25.6516667,85.14791133,-87.35510283,0,1.99307498,175.7970052,3G,0,0,0
22:40.3,Anandpuri,25.60720452,85.31308906,-83.23259995,0,2.024748344,111.0913228,3G,0,0,0
28:54.7,Bailey Road,25.5873137,85.22379435,-84.51152176,0,2.687446618,108.5867053,3G,0,0,0
38:16.3,Ashok Rajpath,25.6169726,85.12207438,-85.70614192,0,2.620578461,193.185078,3G,0,0,0
50:45.2,Ashok Rajpath,25.61308146,84.98939779,-88.8300442,0,2.934226331,102.3818175,3G,0,0,0
21:57.3,Fraser Road,25.63856159,85.14251157,-89.10414388,0,2.353123045,182.9877496,3G,0,0,0
37:33.3,Pataliputra,25.60421215,85.20607941,-89.08132698,0,2.265813008,150.1779564,3G,0,0,0
14:59.8,Ashok Rajpath,25.63702122,85.03263945,-77.1867699,0,1.395188393,187.1201076,3G,0,0,0
36:50.3,Gandhi Maidan,25.55194498,85.17775041,-85.16257236,0,1.546837558,168.4696929,3G,0,0,0
52:26.4,Boring Road,25.7129015,85.16506896,-86.83331525,0,1.101258506,158.7636515,3G,0,0,0
55:33.6,Rajendra Nagar,25.51448553,85.16483072,-88.90507218,0,1.76477412,117.2335298,3G,0,0,0
01:48.0,Bankipore,25.46906557,85.2002112,-83.89138745,0,2.583594856,197.0293432,3G,0,0,0
48:36.1,Kumhrar,25.61922068,85.26954575,-84.65241244,0,1.240286454,134.6088724,3G,0,0,0
22:55.5,Bankipore,25.66637464,85.01802148,-83.85514528,0,2.32532043,107.3846503,3G,0,0,0
35:24.3,Kumhrar,25.51277536,85.13454222,-86.92983854,0,2.494818924,160.6020844,3G,0,0,0
03:29.2,Ashok Rajpath,25.7162842,85.1872284,-86.21434886,0,1.482863718,136.975917,3G,0,0,0
12:50.8,Gardanibagh,25.70766306,85.16238854,-79.16209446,0,1.582311087,122.0718108,3G,0,0,0
19:05.2,Rajendra Nagar,25.49792409,85.00807277,-86.47407921,0,2.53717201,163.8572231,3G,0,0,0
22:12.4,Boring Road,25.69944929,85.07365181,-88.27581147,0,1.284709413,140.7406098,3G,0,0,0
28:26.9,Kidwaipuri,25.54369938,85.1926951,-90.80377099,0,1.810283772,178.24233,3G,0,0,0
34:41.3,Bankipore,25.64122226,84.97754254,-82.13964611,0,2.212938816,139.6502225,3G,0,0,0
44:02.9,Fraser Road,25.59774914,85.28548813,-89.3446472,0,2.350545181,128.3147407,3G,0,0,0
47:10.1,Anandpuri,25.63362651,85.22783437,-85.33949944,0,1.553086819,146.7556187,3G,0,0,0
50:17.3,Patliputra Colony,25.59875882,85.01526082,-85.36165348,0,1.041153482,161.5927255,3G,0,0,0
59:39.0,Ashok Rajpath,25.42542065,85.12832155,-83.02632492,0,2.627466981,142.3674576,3G,0,0,0
30:51.1,Phulwari Sharif,25.52258363,85.01080179,-82.06189434,0,2.629896839,162.5642622,3G,0,0,0
33:58.3,Kumhrar,25.42216927,85.18656285,-82.664167,0,2.276120763,164.0134924,3G,0,0,0
37:05.5,Anisabad,25.66365672,85.26411148,-83.62296723,0,1.141805874,160.5698252,3G,0,0,0
58:56.0,Pataliputra,25.54492872,85.00346715,-78.80604914,0,2.503577662,148.0024892,3G,0,0,0
02:03.2,Gardanibagh,25.74825373,85.09217334,-88.34718653,0,2.911445256,161.9826595,3G,0,0,0
05:10.4,Rajendra Nagar,25.67117702,85.12070621,-86.95760007,0,1.165234862,138.3968618,3G,0,0,0
08:17.6,Pataliputra,25.68235192,85.15115396,-80.38366813,0,1.314926821,118.0932728,3G,0,0,0
11:24.8,Boring Canal Road,25.71976864,85.24187874,-78.68826712,0,1.074692556,117.4106204,3G,0,0,0
23:53.6,Bailey Road,25.56428383,85.04786845,-86.31122709,0,2.259100733,135.1991062,3G,0,0,0
33:15.3,Pataliputra,25.6194726,85.0864624,-94.01553132,0,1.14025109,119.7326577,3G,0,0,0
48:51.3,Kidwaipuri,25.47282427,85.20266708,-81.51475229,0,2.725757756,135.2532576,3G,0,0,0
04:27.4,Danapur,25.64729119,85.08473027,-85.77015751,0,1.252846511,100.6575608,3G,0,0,0
13:49.0,Pataliputra,25.69521436,85.08184861,-90.09530808,0,2.073045043,105.3195476,3G,0,0,0
35:39.5,Boring Road,25.57731217,85.16708984,-84.01587713,0,2.032378012,179.0707792,3G,0,0,0
45:01.1,Danapur,25.43733409,85.14101637,-87.30569613,0,1.91485596,146.0824764,3G,0,0,0
54:22.7,Boring Road,25.58982178,85.05305961,-83.48612006,0,1.592702612,110.2984135,3G,0,0,0
34:56.5,Danapur,25.66931337,85.27953584,-88.39849707,0,2.530759419,101.9993992,3G,0,0,0
56:46.9,Kumhrar,25.75571032,85.12737517,-84.74373517,0,2.769708101,158.4519786,3G,0,0,0
59:54.2,Kidwaipuri,25.58129294,84.97304124,-87.69758152,0,2.869070941,174.6049221,3G,0,0,0
03:01.4,Kumhrar,25.48061039,85.2175043,-88.69077658,0,2.942566769,183.8334686,3G,0,0,0
18:37.4,Rajendra Nagar,25.62532897,85.26737374,-89.52527411,0,1.192105865,128.2385021,3G,0,0,0
21:44.6,Gandhi Maidan,25.58671189,85.15294044,-83.78404203,0,2.717083152,184.5671846,3G,0,0,0
27:59.0,Kidwaipuri,25.73983789,85.18256738,-91.4484932,0,2.913211782,192.5357297,3G,0,0,0
40:27.9,Anisabad,25.65728827,85.25666037,-84.01219202,0,2.338285855,166.4182319,3G,0,0,0
14:47.2,Kumhrar,25.72195478,85.17859809,-84.67843887,0,2.934650514,147.1020678,3G,0,0,0
17:54.4,Kankarbagh,25.4685902,85.24581675,-86.20657745,0,2.398302855,170.8867033,3G,0,0,0
21:01.6,Exhibition Road,25.74952377,85.07882938,-84.00305689,0,2.794181522,138.2019214,3G,0,0,0
24:08.8,Gardanibagh,25.59983457,85.31175636,-82.6193871,0,2.386697098,190.0081827,3G,0,0,0
49:06.5,Patliputra Colony,25.5397716,85.07078853,-87.51890939,0,1.923583975,125.2700491,3G,0,0,0
01:35.3,Phulwari Sharif,25.51121795,85.23874733,-86.28952399,0,1.05944694,135.1149253,3G,0,0,0
04:42.6,Ashok Rajpath,25.60005484,85.21287254,-85.14845211,0,2.346282132,126.2078355,3G,0,0,0
17:11.4,Exhibition Road,25.72008319,85.17617489,-82.85457682,0,2.259238898,193.4750681,3G,0,0,0
10:14.0,Rajendra Nagar,25.58025236,85.11589813,-87.03776572,0,1.963199166,116.9820066,3G,0,0,0
41:26.1,Kumhrar,25.54443549,85.26524337,-81.48468387,0,1.930450026,182.6636153,3G,0,0,0
06:23.8,Kumhrar,25.69462218,85.08749016,-79.51891301,0,1.205658489,109.0772678,3G,0,0,0
21:59.8,Kankarbagh,25.68371265,85.25943736,-81.33304645,0,2.535600347,189.8399928,3G,0,0,0
28:14.2,Phulwari Sharif,25.49574798,85.2243555,-87.5302758,0,1.427265321,110.2232357,3G,0,0,0
34:28.6,Fraser Road,25.50303683,85.02941751,-82.48041632,0,1.647972221,111.8747402,3G,0,0,0
43:50.3,Kumhrar,25.73954023,85.16057228,-84.3886825,0,1.564595657,189.7447637,3G,0,0,0
50:04.7,Patliputra Colony,25.52509938,85.19207819,-87.13331459,0,1.877196947,146.6053574,3G,0,0,0
21:16.8,Danapur,25.68511766,85.26881025,-84.11018423,0,1.23018998,155.3257339,3G,0,0,0
01:50.5,Phulwari Sharif,25.70812852,85.11404077,-85.05329789,0,1.77807945,121.6116122,3G,0,0,0
04:57.7,Fraser Road,25.60975194,85.0547086,-89.33916764,0,2.517134179,112.1080694,3G,0,0,0
08:05.0,Boring Road,25.619385,85.10203201,-83.77613538,0,1.130397481,109.9172554,3G,0,0,0
17:26.6,Pataliputra,25.58980777,85.07241383,-83.28744475,0,1.622998937,102.333123,3G,0,0,0
23:41.0,Ashok Rajpath,25.44971775,85.04861932,-85.56740611,0,1.25225903,191.7919046,3G,0,0,0
33:02.6,Kankarbagh,25.64027238,85.09188409,-85.30693614,0,2.520115071,110.0544361,3G,0,0,0
42:24.3,Kumhrar,25.72041482,85.07266545,-88.28856458,0,2.399852116,199.5459092,3G,0,0,0
45:31.5,Fraser Road,25.69873459,85.27055056,-82.86243539,0,1.267567647,131.4971932,3G,0,0,0
51:45.9,Kumhrar,25.53093503,85.07755258,-85.4832622,0,2.896144531,118.5772463,3G,0,0,0
58:00.3,Gandhi Maidan,25.57565818,85.04919454,-83.57104464,0,1.669343258,113.0612623,3G,0,0,0
01:07.5,Exhibition Road,25.45368156,85.16506967,-85.60328216,0,1.893446025,167.8937413,3G,0,0,0
07:21.9,Boring Road,25.45326537,85.19462352,-85.92826445,0,2.865241814,179.2067329,3G,0,0,0
13:36.4,Gandhi Maidan,25.52194549,85.12502849,-87.26856221,0,1.471310319,191.5087196,3G,0,0,0
16:43.6,Exhibition Road,25.43570942,85.15862545,-82.71643069,0,2.390041911,134.0911597,3G,0,0,0
38:34.0,Fraser Road,25.46863415,85.11337439,-89.32466328,0,2.296423382,176.4840232,3G,0,0,0
34:43.8,Gardanibagh,25.54451688,85.00985026,-86.25840518,0,2.733819056,134.890394,3G,0,0,0
40:58.3,Boring Canal Road,25.60239678,85.31602524,-85.00856273,0,1.125373015,109.0390992,3G,0,0,0
50:19.9,Fraser Road,25.66595654,84.97453547,-85.57450974,0,2.30021638,109.1005075,3G,0,0,0
56:34.3,Boring Canal Road,25.62437601,85.21865948,-83.21523533,0,2.118972515,193.3678586,3G,0,0,0
59:41.5,Boring Canal Road,25.68688846,85.27227319,-81.336891,0,1.788704655,167.6503113,3G,0,0,0
21:32.0,Kidwaipuri,25.60948334,85.2229227,-86.73268505,0,1.996770324,196.6706916,3G,0,0,0
27:46.4,Anandpuri,25.4369982,85.05111002,-81.84853819,0,2.038758046,141.5955482,3G,0,0,0
49:36.9,Boring Road,25.73366507,85.09870397,-85.80802478,0,1.709709506,119.4404219,3G,0,0,0
52:44.1,Kankarbagh,25.48699049,85.11391507,-81.65604851,0,1.540873852,170.3605743,3G,0,0,0
08:20.1,Patliputra Colony,25.45803304,85.03915185,-83.18052368,0,2.929737615,118.3069721,3G,0,0,0
11:27.3,Exhibition Road,25.53660625,85.03508344,-87.8610953,0,2.22973973,161.1973751,3G,0,0,0
33:17.8,S.K. Puri,25.64449051,85.03652954,-87.85651265,0,2.497791291,131.3159834,3G,0,0,0
42:39.4,Phulwari Sharif,25.54569265,85.15498128,-86.71810239,0,1.701743891,142.7122528,3G,0,0,0
45:46.7,Kumhrar,25.64562712,85.19928591,-83.74649071,0,1.525528788,141.6983352,3G,0,0,0
55:08.3,Exhibition Road,25.71562558,85.05976542,-88.68623129,0,2.727266013,172.5058731,3G,0,0,0
58:15.5,Boring Road,25.71841681,85.09204735,-83.35878777,0,1.254101128,139.110434,3G,0,0,0
13:51.5,S.K. Puri,25.53432389,85.19544714,-90.88944033,0,2.230637729,118.6298861,3G,0,0,0
38:49.2,Gandhi Maidan,25.59296575,85.03213682,-86.10981847,0,2.487629554,168.6325792,3G,0,0,0
45:03.7,Gardanibagh,25.52866507,85.09709207,-84.37160273,0,1.1564076,185.5901963,3G,0,0,0
00:39.7,Patliputra Colony,25.47349197,85.25870709,-86.84429819,0,2.658960951,157.6713305,3G,0,0,0
19:23.0,Pataliputra,25.54524255,85.05100214,-82.90629778,0,1.913170774,145.9646862,3G,0,0,0
28:44.6,Bankipore,25.55733953,85.16638794,-86.39035642,0,2.730659977,123.0125993,3G,0,0,0
44:20.6,Bailey Road,25.69265932,85.12052425,-85.04603979,0,2.464272522,165.7257742,3G,0,0,0
56:49.5,Phulwari Sharif,25.58742438,85.01459804,-87.30844223,0,1.661845029,170.0281368,3G,0,0,0
18:40.0,S.K. Puri,25.67434623,85.15524583,-86.32568138,0,2.025509486,162.8103377,3G,0,0,0
28:01.6,Boring Canal Road,25.72022506,85.16136501,-84.28673734,0,2.776250081,171.627748,3G,0,0,0
52:59.3,Phulwari Sharif,25.66299962,85.09459633,-91.04918526,0,1.423825292,139.3496981,3G,0,0,0
08:35.3,Kankarbagh,25.51155625,85.15837879,-86.15543895,0,2.190964869,153.8484748,3G,0,0,0
58:30.7,Bailey Road,25.69497411,85.04930619,-89.49102132,0,1.636395455,144.9457315,3G,0,0,0
07:52.3,Ashok Rajpath,25.58087715,85.17485794,-85.96053843,0,1.692778481,171.2060448,3G,0,0,0
14:06.7,Ashok Rajpath,25.65052213,85.20130864,-82.97145445,0,1.384065505,175.9887882,3G,0,0,0
23:28.4,Gandhi Maidan,25.70923595,85.12289694,-87.209123,0,2.450915315,108.1371502,3G,0,0,0
42:11.6,Gardanibagh,25.4604698,85.24431318,-83.32654844,0,1.924150154,169.650462,3G,0,0,0
54:40.5,Fraser Road,25.76192283,85.12328644,-83.81002582,0,2.460957632,182.0207159,3G,0,0,0
57:47.7,Bailey Road,25.5101748,85.10743121,-84.7236003,0,1.823416332,117.8731868,3G,0,0,0
00:54.9,Bankipore,25.54288875,84.99985151,-86.12101858,0,1.447073444,130.1254122,3G,0,0,0
03:19.1,Boring Road,25.5753261,84.98571357,-83.69649629,0,2.230351594,129.7975807,3G,0,0,0
06:26.3,Rajendra Nagar,25.69441591,85.02511438,-87.15928195,0,2.911143214,162.4363042,3G,0,0,0
22:02.4,Exhibition Road,25.42183759,85.13476855,-83.93484633,0,1.99762395,181.580837,3G,0,0,0
47:00.0,Anisabad,25.66416554,85.19097921,-85.55765593,0,1.014317367,110.7832849,3G,0,0,0
53:14.5,Pataliputra,25.53189367,85.11454452,-84.3879515,0,1.824709922,170.5702307,3G,0,0,0
59:28.9,Bailey Road,25.4715567,85.00838605,-83.06223366,0,2.670237451,121.4746485,3G,0,0,0
18:12.1,Fraser Road,25.62958164,84.97416167,-83.48593624,0,1.15775454,162.2795153,3G,0,0,0
40:02.6,Ashok Rajpath,25.574526,84.99390137,-79.80171254,0,1.699291385,162.539063,3G,0,0,0
43:09.8,S.K. Puri,25.48836941,85.09840746,-85.26724712,0,1.052877547,155.4848414,3G,0,0,0
46:17.0,Kankarbagh,25.65411798,85.07838804,-84.60727435,0,1.504043949,132.3698032,3G,0,0,0
49:24.2,Fraser Road,25.47008586,85.03591928,-84.40599729,0,2.82047991,104.6568571,3G,0,0,0
52:31.4,Gandhi Maidan,25.47893391,85.10298288,-84.55704617,0,1.662005309,197.1034642,3G,0,0,0
55:38.7,Pataliputra,25.60738393,85.1945294,-87.87524178,0,1.620961454,183.0263344,3G,0,0,0
11:14.7,Bailey Road,25.68679467,85.27610517,-80.43788818,0,1.466541719,183.1176989,3G,0,0,0
36:12.4,Fraser Road,25.63365115,84.96342561,-82.08415149,0,2.70961529,191.9782828,3G,0,0,0
54:55.6,Gandhi Maidan,25.70506673,85.05118747,-87.46664545,0,2.531120525,139.5211762,3G,0,0,0
01:10.1,Danapur,25.71169257,85.23994538,-79.78891487,0,1.354485555,169.1319829,3G,0,0,0
38:36.6,Gandhi Maidan,25.4433382,85.1937078,-89.38946098,0,1.68295311,131.2204743,3G,0,0,0
41:43.8,Patliputra Colony,25.66880854,85.15150912,-83.70415533,0,1.796244444,120.9851378,3G,0,0,0
06:41.5,Patliputra Colony,25.4469111,85.17848027,-82.21758099,0,2.574309306,161.0714787,3G,0,0,0
12:55.9,Bailey Road,25.72693275,85.07244826,-78.91913333,0,2.248524564,172.3830581,3G,0,0,0
19:10.3,Phulwari Sharif,25.56776096,85.13605261,-86.04046107,0,2.250941624,133.9575837,3G,0,0,0
31:39.2,Gardanibagh,25.57894827,84.9905773,-84.58914908,0,2.191605871,115.743059,3G,0,0,0
53:29.6,Ashok Rajpath,25.55148202,85.18302945,-89.12993898,0,1.833091447,140.957158,3G,0,0,0
18:27.3,Danapur,25.43188171,85.10295444,-84.69579353,0,1.22119298,128.3007857,3G,0,0,0
21:34.5,Danapur,25.67464372,85.06795803,-88.22681304,0,1.794752008,134.940719,3G,0,0,0
27:48.9,Bailey Road,25.75696569,85.18849422,-86.96665275,0,1.688724372,174.5648447,3G,0,0,0
30:56.2,Kankarbagh,25.66542155,85.30198336,-84.97567691,0,1.997551419,175.5371764,3G,0,0,0
49:39.4,Gandhi Maidan,25.62617945,85.13120616,-85.28246244,0,2.58419891,124.1647664,3G,0,0,0
52:46.6,Gardanibagh,25.50637192,85.25558817,-84.02484018,0,2.18775413,121.6007798,3G,0,0,0
55:53.8,Phulwari Sharif,25.43437146,85.11354115,-85.92020061,0,1.492393786,162.8472011,3G,0,0,0
59:01.0,Boring Road,25.72686885,85.14592005,-82.56643941,0,2.208775606,156.4335595,3G,0,0,0
02:08.3,Ashok Rajpath,25.53693256,85.11745851,-88.38108617,0,1.859670859,141.8775839,3G,0,0,0
30:13.2,Bailey Road,25.70288505,85.2315614,-85.89196116,0,2.181701609,138.0138081,3G,0,0,0
48:56.4,Fraser Road,25.42921527,85.16249439,-85.54103229,0,1.522579074,144.0454519,3G,0,0,0
04:32.5,Kumhrar,25.4840474,85.0679739,-85.80686788,0,2.568340018,130.9802829,3G,0,0,0
13:54.1,Bankipore,25.47166989,85.17566439,-84.80619608,0,2.519218515,192.0916122,3G,0,0,0
26:22.9,Gardanibagh,25.44301021,85.09574955,-87.89391076,0,2.092219595,171.4978863,3G,0,0,0
48:13.4,Bankipore,25.63421383,85.29653915,-86.9248039,0,1.438912839,180.4657701,3G,0,0,0
54:27.8,Ashok Rajpath,25.47794748,85.2373072,-85.67238371,0,1.093574715,183.5428536,3G,0,0,0
13:11.1,Phulwari Sharif,25.44581869,85.06668358,-80.95261934,0,1.428911481,154.1276042,3G,0,0,0
44:23.2,Boring Road,25.54980659,85.0521844,-83.07478237,0,1.317914523,108.7996277,3G,0,0,0
03:06.4,Danapur,25.65683646,85.20139722,-85.59234896,0,1.565772682,181.9185842,3G,0,0,0
06:13.7,Patliputra Colony,25.67471278,85.1448151,-81.79568501,0,2.573039099,143.461425,3G,0,0,0
09:20.9,Pataliputra,25.7388612,85.08206041,-86.9102825,0,2.340051663,105.788102,3G,0,0,0
18:42.5,Kidwaipuri,25.62288125,85.10238788,-82.20144496,0,1.7725982,116.3850924,3G,0,0,0
21:49.7,Fraser Road,25.54005178,85.04878721,-81.52314356,0,1.158155257,115.9434578,3G,0,0,0
56:09.0,Ashok Rajpath,25.68867574,85.22087539,-83.69955916,0,1.885223422,142.5433314,3G,0,0,0
27:21.1,Kumhrar,25.49245064,85.06005188,-84.26176329,0,2.336625203,170.4458526,3G,0,0,0
39:50.0,Rajendra Nagar,25.6350737,85.19856253,-89.71466939,0,1.095788703,183.7965046,3G,0,0,0
49:11.6,Patliputra Colony,25.43600316,85.11193557,-86.03321561,0,1.015229017,122.4308626,3G,0,0,0
35:59.7,Kidwaipuri,25.64989387,85.13066938,-86.84943633,0,1.021276226,184.0152817,3G,0,0,0
51:35.8,Anisabad,25.6314044,84.98180371,-85.62139557,0,1.231740377,103.8547472,3G,0,0,0
25:55.1,Kumhrar,25.60096997,85.16170622,-82.66200483,0,2.395446268,189.9824259,3G,0,0,0
29:02.3,Patliputra Colony,25.46668387,85.01299819,-84.29774694,0,1.484481365,189.3744619,3G,0,0,0
41:31.2,Kidwaipuri,25.57500061,84.99671878,-84.37277575,0,2.177709911,183.7821468,3G,0,0,0
50:52.8,Bankipore,25.74582868,85.0706427,-89.1355915,0,2.657367517,123.1979001,3G,0,0,0
03:21.6,Gandhi Maidan,25.56955695,85.16634426,-85.34638514,0,2.803118261,128.4999256,3G,0,0,0
09:36.1,Gardanibagh,25.57196078,85.05197002,-90.16410432,0,2.985366083,150.4161214,3G,0,0,0
15:50.5,Anandpuri,25.62204557,84.99165732,-89.10639453,0,1.242872946,131.1261148,3G,0,0,0
31:26.5,Bankipore,25.49228154,85.05000397,-85.04678836,0,2.102023566,151.1173766,3G,0,0,0
43:55.4,Phulwari Sharif,25.51043124,85.02817676,-83.23633154,0,2.174074845,149.1496519,3G,0,0,0
53:17.0,Kidwaipuri,25.61934033,84.97358643,-91.69630564,0,2.98027288,156.1018513,3G,0,0,0
12:00.3,Ashok Rajpath,25.55894194,85.21325527,-81.25921428,0,2.77330349,176.1699945,3G,0,0,0
15:07.5,Kidwaipuri,25.69496982,85.09793193,-86.70859038,0,2.142222666,180.6517538,3G,0,0,0
43:12.4,Boring Road,25.66947027,85.23514388,-85.45623176,0,2.524770143,191.8699551,3G,0,0,0
58:48.4,Gardanibagh,25.59591773,85.24485195,-79.27870275,0,2.683229606,152.6863778,3G,0,0,0
11:17.2,Exhibition Road,25.65000829,85.04865219,-85.51902792,0,2.295495749,191.0344163,3G,0,0,0
17:31.7,Fraser Road,25.68923044,85.26266464,-85.649659,0,1.147331097,170.6165703,3G,0,0,0
23:46.1,Kumhrar,25.50843268,85.15848771,-87.13380415,0,2.31357856,114.5993551,3G,0,0,0
26:53.3,Bailey Road,25.50181928,85.27294606,-83.94719917,0,1.723436161,133.5380105,3G,0,0,0
45:36.6,Fraser Road,25.49447604,85.26665217,-83.94115728,0,1.112853929,133.1798657,3G,0,0,0
58:05.4,Phulwari Sharif,25.64879395,85.04489656,-85.32896771,0,2.13848508,181.0743742,3G,0,0,0
13:41.5,Boring Canal Road,25.52385341,85.3015103,-85.12651937,0,1.577559015,181.7000317,3G,0,0,0
32:24.7,Bailey Road,25.63516981,85.30776149,-83.64516974,0,2.496922609,135.7913802,3G,0,0,0
35:31.9,Bailey Road,25.61865754,85.0666673,-79.78368504,0,2.770489229,129.730687,3G,0,0,0
48:00.8,Kidwaipuri,25.74831674,85.05006408,-82.52092649,0,1.548209375,199.9681535,3G,0,0,0
34:05.9,Kankarbagh,25.71918592,85.18775709,-85.0964506,0,2.582816644,135.4624602,3G,0,0,0
43:27.5,Boring Canal Road,25.55471062,84.9902702,-85.01920581,0,2.226778288,198.5828614,3G,0,0,0
46:34.8,Boring Canal Road,25.64265729,85.08783662,-82.11275784,0,1.565804331,180.1770776,3G,0,0,0
49:42.0,Pataliputra,25.7499128,85.19585818,-87.75380101,0,1.18734705,142.3594579,3G,0,0,0
20:54.1,S.K. Puri,25.64498765,85.10542053,-90.46628572,0,2.905893416,167.6664543,3G,0,0,0
30:15.7,Ashok Rajpath,25.52576812,85.29484421,-87.17896274,0,1.346311828,101.973717,3G,0,0,0
39:37.3,Kumhrar,25.66157549,85.09539866,-83.58589765,0,1.523306174,124.1460045,3G,0,0,0
45:51.7,Fraser Road,25.62769652,84.96430619,-86.54039988,0,2.462987115,187.1307688,3G,0,0,0
48:59.0,S.K. Puri,25.4417531,85.14471402,-83.5650894,0,1.677838071,171.7592735,3G,0,0,0
04:35.0,Kumhrar,25.54659449,85.0555397,-88.406453,0,2.773857109,185.8531616,3G,0,0,0
07:42.2,Patliputra Colony,25.52970554,85.07753648,-86.74567945,0,2.553311215,190.4484536,3G,0,0,0
13:56.6,Phulwari Sharif,25.49681944,85.23287516,-82.45953456,0,1.9564731,141.6311784,3G,0,0,0
29:32.7,Kidwaipuri,25.53062821,85.2621799,-89.50569889,0,1.640982109,140.35044,3G,0,0,0
32:39.9,Anandpuri,25.62670257,85.0464542,-87.70603228,0,2.786951797,115.5118343,3G,0,0,0
42:01.5,Fraser Road,25.6388474,85.03048513,-79.07521665,0,2.701784152,127.1818082,3G,0,0,0
45:08.7,Exhibition Road,25.51012598,85.28096748,-82.62984285,0,2.61711814,199.0044886,3G,0,0,0
03:52.0,Gandhi Maidan,25.51800185,85.1734665,-82.54349296,0,2.981390629,117.6232149,3G,0,0,0
28:49.7,Anandpuri,25.62960873,85.2630174,-78.84361174,0,1.454493246,151.8863343,3G,0,0,0
09:23.4,Gandhi Maidan,25.45604769,85.2213204,-86.60347106,0,2.014017459,197.370898,3G,0,0,0
18:45.0,Exhibition Road,25.47439356,85.24362094,-91.08751376,0,1.120488806,125.5684876,3G,0,0,0
46:49.9,Exhibition Road,25.75537068,85.12488991,-88.89290799,0,1.718762926,121.9483931,3G,0,0,0
53:04.4,Pataliputra,25.76458903,85.15265062,-83.51772325,0,2.715414326,158.8899841,3G,0,0,0
56:11.6,Danapur,25.4285866,85.16288241,-83.62491924,0,1.373178115,126.1683447,3G,0,0,0
05:33.2,Bailey Road,25.65707237,85.00352657,-85.50996661,0,2.397901893,101.6972648,3G,0,0,0
27:23.7,Fraser Road,25.72622332,85.04414246,-88.11575125,0,2.569296475,117.0955692,3G,0,0,0
33:38.1,Kumhrar,25.58321061,85.2503225,-83.90698603,0,2.722667916,124.0231274,3G,0,0,0
39:52.5,Gandhi Maidan,25.55729677,85.01484132,-86.64256667,0,2.990276405,193.7779109,3G,0,0,0
42:59.7,Kidwaipuri,25.59028007,85.29243816,-82.27146367,0,1.380786072,162.9174715,3G,0,0,0
07:57.4,Rajendra Nagar,25.54202292,85.22203591,-83.10018779,0,1.743226918,191.8523037,3G,0,0,0
23:33.5,Fraser Road,25.58378615,85.11737737,-82.11065676,0,1.608678982,141.0155939,3G,0,0,0
36:02.3,Bailey Road,25.49580353,84.98730339,-84.06292452,0,1.750877843,136.0517895,3G,0,0,0
48:31.1,Anandpuri,25.62298239,85.11366297,-88.32713509,0,1.261052795,129.4491269,3G,0,0,0
01:00.0,Ashok Rajpath,25.4786412,85.17550341,-83.55358127,0,2.190901826,197.1821999,3G,0,0,0
19:43.2,Kidwaipuri,25.61249833,85.28527976,-90.117629,0,1.971064635,111.9321082,3G,0,0,0
29:04.9,Kankarbagh,25.70378197,85.21096377,-83.03789595,0,1.668597813,107.9332534,3G,0,0,0
38:26.5,Boring Road,25.64863011,85.13126894,-85.43152967,0,1.855875171,136.3564514,3G,0,0,0
06:31.4,Bankipore,25.52367994,85.26106535,-86.53677862,0,2.312274756,128.0220659,3G,0,0,0
15:53.0,Ashok Rajpath,25.49341007,85.08280274,-82.8064094,0,2.112514778,132.0478103,3G,0,0,0
31:29.1,Rajendra Nagar,25.50234132,85.15378343,-81.04648782,0,2.093677366,117.8489571,3G,0,0,0
34:36.3,Bailey Road,25.56714586,85.3056508,-81.08209555,0,2.638693827,193.6864101,3G,0,0,0
40:50.7,Ashok Rajpath,25.50163983,85.19185009,-84.96893331,0,2.73359467,181.0365867,3G,0,0,0
47:05.1,Bankipore,25.56790712,85.04929843,-87.36085535,0,1.604515411,173.1101415,3G,0,0,0
56:26.7,Pataliputra,25.590164,85.00306758,-90.55985345,0,2.702839326,196.1755829,3G,0,0,0
59:34.0,Bankipore,25.57698198,85.30634038,-83.9171979,0,1.664747714,132.2424617,3G,0,0,0
08:55.6,Fraser Road,25.53279325,85.30382883,-86.81159491,0,2.194995324,186.6892896,3G,0,0,0
12:02.8,Kidwaipuri,25.75245322,85.08979661,-84.36156549,0,2.840212873,187.0358337,3G,0,0,0
46:22.1,Patliputra Colony,25.5847835,84.98779517,-90.72528202,0,2.299897533,196.1340544,3G,0,0,0
49:29.3,Bailey Road,25.53371782,84.98616632,-85.58942162,0,2.253244736,108.5839506,3G,0,0,0
17:34.2,Kankarbagh,25.48649364,85.27286513,-78.04370207,0,1.816254853,175.7174616,3G,0,0,0
20:41.4,Boring Canal Road,25.74960311,85.12346565,-90.00576721,0,2.80950502,105.2630588,3G,0,0,0
36:17.5,Danapur,25.650218,85.22529979,-84.07017401,0,2.479276897,118.2260299,3G,0,0,0
39:24.7,Boring Canal Road,25.68915979,85.10948614,-86.20637834,0,1.913407244,133.0110433,3G,0,0,0
51:53.5,Fraser Road,25.66941391,84.99944616,-86.54736222,0,2.592753511,134.2689153,3G,0,0,0
58:07.9,Danapur,25.70692499,85.08965599,-83.20630878,0,1.450352631,142.6920804,3G,0,0,0
04:22.4,Patliputra Colony,25.48696736,85.27099697,-84.40512575,0,2.954811746,108.5708917,3G,0,0,0
13:44.0,Ashok Rajpath,25.68761218,85.12816143,-84.19448202,0,1.171653031,113.9885788,3G,0,0,0
16:51.2,Anandpuri,25.62343592,85.16425203,-81.79555729,0,1.024358824,180.310522,3G,0,0,0
32:27.3,Gandhi Maidan,25.63710445,85.25273686,-84.66157926,0,2.668275222,131.9708966,3G,0,0,0
09:53.8,Kankarbagh,25.43558496,85.06745532,-84.79626967,0,1.232872036,128.5321413,3G,0,0,0
16:08.2,Boring Road,25.50662204,85.00697646,-87.18493364,0,2.838065914,189.8913088,3G,0,0,0
19:15.4,Gandhi Maidan,25.69648754,85.25169797,-83.9195032,0,2.588168414,144.726698,3G,0,0,0
50:27.5,Fraser Road,25.59237127,85.0357649,-86.67207211,0,1.542843297,172.0520003,3G,0,0,0
53:34.7,Gardanibagh,25.74277058,85.21609667,-88.32198382,0,2.787993166,145.0369219,3G,0,0,0
12:18.0,Kumhrar,25.5246781,85.18670785,-82.11729271,0,1.510239071,166.5023974,3G,0,0,0
40:22.9,Anandpuri,25.61982217,85.31087108,-85.08787319,0,2.667054983,158.8763805,3G,0,0,0
43:30.1,Bailey Road,25.53972224,84.99012368,-80.86236499,0,1.385912678,137.3914034,3G,0,0,0
52:51.7,Kumhrar,25.62985123,85.28789795,-87.59274913,0,1.134925839,150.0594824,3G,0,0,0
55:58.9,Rajendra Nagar,25.64580524,85.24167362,-85.14385916,0,2.248575721,191.9418007,3G,0,0,0
02:13.3,Exhibition Road,25.5498255,84.96430476,-86.814412,0,2.876427029,138.0244143,3G,0,0,0
14:42.2,Danapur,25.70257552,85.24420253,-86.94283144,0,1.992467673,173.6383939,3G,0,0,0
27:11.0,Anisabad,25.64144848,85.1504565,-88.35805293,0,2.967144027,180.2907883,3G,0,0,0
36:32.7,Kumhrar,25.65667181,85.01978299,-85.27124144,0,2.554380399,121.9695248,3G,0,0,0
45:54.3,Kidwaipuri,25.59933552,85.02497616,-82.86422702,0,1.115385369,112.6837657,3G,0,0,0
55:15.9,Pataliputra,25.49906686,85.16241837,-82.70134205,0,1.90274033,170.6250033,3G,0,0,0
58:23.1,Fraser Road,25.64615843,85.07558297,-84.61666646,0,1.666245145,167.8236279,3G,0,0,0
26:28.0,Exhibition Road,25.62778981,85.24107422,-91.3382855,0,2.768574724,195.3979604,3G,0,0,0
35:49.7,Kankarbagh,25.73278063,85.08949622,-84.68632905,0,2.043408496,119.3611685,3G,0,0,0
42:04.1,Rajendra Nagar,25.43145122,85.20409404,-84.35527819,0,1.593088578,183.5987085,3G,0,0,0
45:11.3,Kankarbagh,25.44376577,85.20349152,-82.14678034,0,2.316828227,179.9528225,3G,0,0,0
51:25.7,Anandpuri,25.71880022,85.17016368,-86.4211568,0,2.634456066,153.0777203,3G,0,0,0
54:32.9,Fraser Road,25.67183998,85.221344,-85.51115781,0,1.534803865,163.4976913,3G,0,0,0
03:54.5,Exhibition Road,25.6223257,85.09065342,-88.15777818,0,1.239674998,196.2189468,3G,0,0,0
07:01.8,Danapur,25.6622262,85.17863024,-77.05927216,0,2.281623517,199.8524645,3G,0,0,0
13:16.2,Gandhi Maidan,25.55149109,85.23300004,-84.82385406,0,1.432781364,187.0768518,3G,0,0,0
06:18.7,Kumhrar,25.68307353,85.13564609,-90.17299054,0,1.863595793,184.4007516,3G,0,0,0
18:47.6,Phulwari Sharif,25.46265471,85.20793385,-86.43652958,0,1.485281264,118.7721921,3G,0,0,0
28:09.2,Ashok Rajpath,25.49369928,85.20031197,-85.88929184,0,1.370761624,109.8620983,3G,0,0,0
31:16.4,Pataliputra,25.67137665,85.17264336,-84.60133204,0,2.14577127,109.1103855,3G,0,0,0
37:30.8,Phulwari Sharif,25.57494201,85.29589083,-84.149865,0,1.61466166,197.3569347,3G,0,0,0
46:09.5,Kankarbagh,25.43190749,85.0694058,-85.95771328,0,2.920582988,105.762564,3G,0,0,0
01:45.5,Rajendra Nagar,25.71261502,85.07292623,-89.17117122,0,1.191655222,149.6663828,3G,0,0,0
11:07.2,Boring Canal Road,25.5609931,85.05762357,-82.45283186,0,2.729115265,158.4322772,3G,0,0,0
17:21.6,Bailey Road,25.5896539,85.28700953,-91.76229688,0,1.513478099,189.4791155,3G,0,0,0
32:57.6,Boring Canal Road,25.46331853,85.05352872,-82.59182246,0,2.561168215,102.6562393,3G,0,0,0
39:12.0,Anisabad,25.69879018,85.20831411,-85.55787375,0,2.475194092,189.7907953,3G,0,0,0
42:19.3,S.K. Puri,25.75399734,85.06497138,-89.398275,0,2.588868309,178.1180151,3G,0,0,0
48:33.7,Fraser Road,25.59099612,85.29841555,-83.23614675,0,2.806007724,143.127562,3G,0,0,0
54:48.1,Pataliputra,25.58931536,85.19993878,-86.84601551,0,2.486754048,120.5399202,3G,0,0,0
57:55.3,Anisabad,25.50520059,85.11007097,-84.19437703,0,1.478376775,102.5757815,3G,0,0,0
01:02.5,Rajendra Nagar,25.46796307,85.09438421,-87.79593349,0,2.093290788,170.9857472,3G,0,0,0
04:09.7,Kidwaipuri,25.44121234,85.20737239,-83.72094778,0,2.332134409,135.226206,3G,0,0,0
16:38.6,Gardanibagh,25.55904117,84.97976747,-84.53621608,0,1.154218639,143.3657428,3G,0,0,0
22:53.0,Gandhi Maidan,25.65517688,85.06069624,-85.60825008,0,2.721615954,188.9279418,3G,0,0,0
26:00.2,Kankarbagh,25.48623031,85.13402176,-82.83303241,0,1.225154859,130.5822125,3G,0,0,0
06:33.9,Gardanibagh,25.4544671,85.17563713,-81.7140533,0,1.62971413,163.3384647,3G,0,0,0
19:02.8,Boring Canal Road,25.45388652,85.12986285,-84.75205967,0,2.756323198,104.758994,3G,0,0,0
31:31.6,Exhibition Road,25.48159263,85.15292225,-89.71167814,0,1.541834649,129.1729984,3G,0,0,0
59:36.5,Danapur,25.53767571,85.20608349,-79.7956357,0,1.482269065,125.3078636,3G,0,0,0
02:43.7,Kidwaipuri,25.64825394,85.12230023,-78.20577942,0,2.755714832,150.2842057,3G,0,0,0
18:19.8,Rajendra Nagar,25.58191607,85.19947157,-90.64454069,0,2.86899974,179.6280894,3G,0,0,0
24:34.2,Fraser Road,25.43301637,85.18439986,-86.65568535,0,2.106916348,114.7721419,3G,0,0,0
33:55.8,Phulwari Sharif,25.63550518,85.12582348,-79.75783439,0,2.218438052,145.1408557,3G,0,0,0
37:03.0,Rajendra Nagar,25.65585951,85.07413872,-94.67591857,0,1.487938582,115.3036012,3G,0,0,0
52:39.1,Ashok Rajpath,25.49933792,85.21199782,-85.19425825,0,1.192153057,145.3245266,3G,0,0,0
08:15.1,Danapur,25.47943546,85.21034635,-82.52059641,0,1.372506188,103.3442652,3G,0,0,0
11:22.3,Gardanibagh,25.69516068,85.20518981,-82.98623365,0,1.884129703,158.8623664,3G,0,0,0
17:36.8,Pataliputra,25.57239268,85.06630709,-90.64893398,0,2.248964749,187.9097165,3G,0,0,0
33:12.8,Anandpuri,25.58766539,85.21493322,-82.29314704,0,2.850330342,176.6225438,3G,0,0,0
39:27.2,Rajendra Nagar,25.54683321,85.26254714,-80.30543855,0,2.720508127,195.739082,3G,0,0,0
51:56.1,Ashok Rajpath,25.63853811,85.0903154,-81.69626446,0,2.971981001,187.7792866,3G,0,0,0
55:03.3,Kumhrar,25.53481996,85.02988109,-81.97159297,0,1.816628851,120.0279344,3G,0,0,0
57:27.5,Boring Canal Road,25.62175779,85.28069155,-83.89251652,0,2.991916559,129.5368417,3G,0,0,0
28:39.6,Rajendra Nagar,25.60082315,85.10807802,-82.10038488,0,2.492295378,101.8935418,3G,0,0,0
34:54.0,Boring Canal Road,25.60249711,85.12445713,-83.73186334,0,1.120528959,101.1823906,3G,0,0,0
50:30.1,Anandpuri,25.62802917,85.03405558,-83.0260416,0,1.608866537,177.8200724,3G,0,0,0
02:58.9,Kidwaipuri,25.67446776,85.14821529,-87.69229338,0,1.47646508,110.0775512,3G,0,0,0
18:34.9,Rajendra Nagar,25.70463834,84.9999289,-83.01893093,0,1.796117993,165.2262802,3G,0,0,0
34:11.0,Gandhi Maidan,25.52618899,85.13336175,-92.48339796,0,2.921172581,151.7020148,3G,0,0,0
46:39.8,Anisabad,25.47639086,85.18931731,-87.6016982,0,1.069466474,156.0023236,3G,0,0,0
08:30.3,Fraser Road,25.67689651,85.28667853,-86.99283856,0,1.188712612,166.7616802,3G,0,0,0
17:51.9,Bailey Road,25.4914597,85.23504937,-86.66757204,0,2.736558063,141.4559035,3G,0,0,0
27:13.6,Anisabad,25.49514175,85.20960812,-83.04327065,0,1.161074045,182.050373,3G,0,0,0
33:28.0,S.K. Puri,25.7193597,85.22010043,-85.79930131,0,1.21883069,198.3555713,3G,0,0,0
39:42.4,Bailey Road,25.69667809,85.02624954,-84.84103753,0,2.743250339,187.451057,3G,0,0,0
52:11.3,Anandpuri,25.61233667,85.0344613,-87.32720246,0,1.894112735,110.5949697,3G,0,0,0
32:45.0,Boring Road,25.5558392,85.2190181,-86.47463013,0,2.058649944,164.1653096,3G,0,0,0
03:57.1,S.K. Puri,25.70944743,85.14549766,-84.98919887,0,1.072202744,185.4830556,3G,0,0,0
10:11.5,Boring Road,25.51683609,85.02252192,-83.20643539,0,1.748030458,120.072272,3G,0,0,0
28:54.8,Kankarbagh,25.52064108,85.12196698,-83.38685303,0,2.346267179,169.6897206,3G,0,0,0
32:02.0,Anisabad,25.48573636,85.14328506,-88.36608893,0,2.48508898,130.0004032,3G,0,0,0
38:16.4,Gandhi Maidan,25.56062392,85.05849512,-90.36692443,0,2.157929757,117.6789744,3G,0,0,0
47:38.0,Boring Canal Road,25.51552302,85.07140287,-87.33310388,0,2.257844446,166.3887557,3G,0,0,0
09:28.5,Anisabad,25.56264153,85.18401684,-83.56913122,0,1.779414126,147.7711129,3G,0,0,0
25:04.6,Kumhrar,25.57918677,85.29955288,-88.24280264,0,1.842322704,152.779019,3G,0,0,0
28:11.8,Rajendra Nagar,25.69866404,85.09852945,-80.79924314,0,1.970726546,172.9806341,3G,0,0,0
34:26.2,Bailey Road,25.61821367,85.14054618,-81.86889903,0,1.840097669,104.2347097,3G,0,0,0
37:33.4,Boring Canal Road,25.66012734,85.03353662,-81.50115159,0,1.427795292,179.1156552,3G,0,0,0
43:47.8,Boring Canal Road,25.54688657,84.97518202,-86.65463341,0,1.081269967,145.598349,3G,0,0,0
59:23.9,Anandpuri,25.70047165,85.12770079,-83.38012605,0,1.797962465,185.3962974,3G,0,0,0
39:57.6,Anisabad,25.59199225,85.18582679,-88.19324059,0,2.599239874,140.53192,3G,0,0,0
49:19.2,Patliputra Colony,25.57192801,85.02918489,-85.2660207,0,1.922909445,161.5338686,3G,0,0,0
01:48.1,Pataliputra,25.5478371,85.0281932,-89.20094614,0,2.534208131,178.2638098,3G,0,0,0
11:09.7,Kankarbagh,25.58999782,85.2922462,-87.87208159,0,2.11979903,140.8743877,3G,0,0,0
14:16.9,Phulwari Sharif,25.68647645,84.98501598,-86.18290353,0,2.13678867,116.9291456,3G,0,0,0
17:24.1,Danapur,25.62010398,85.07528727,-86.10373657,0,1.605643358,194.6939349,3G,0,0,0
29:53.0,Ashok Rajpath,25.51693836,85.22279477,-88.55544902,0,2.057470956,146.6285511,3G,0,0,0
39:14.6,S.K. Puri,25.49430567,84.99966483,-88.12362111,0,1.487901107,156.5898967,3G,0,0,0
51:43.4,Gardanibagh,25.61059965,85.18756126,-84.71680282,0,1.13319339,116.5619004,3G,0,0,0
10:26.7,Pataliputra,25.73384215,85.15162636,-87.71755573,0,2.971356809,133.6068799,3G,0,0,0
22:55.5,Kumhrar,25.41685695,85.1524548,-86.57574308,0,1.338060926,140.7251342,3G,0,0,0
35:24.4,Boring Canal Road,25.43010642,85.08967451,-82.7995899,0,2.134827807,150.6324406,3G,0,0,0
03:29.3,Kidwaipuri,25.5997297,85.07376037,-85.86099141,0,2.204301606,163.9400183,3G,0,0,0
06:36.5,S.K. Puri,25.51319774,85.0466706,-87.89998102,0,2.43747872,192.6565931,3G,0,0,0
12:50.9,Exhibition Road,25.63783317,85.22419549,-87.48363519,0,2.662509954,179.3255217,3G,0,0,0
25:19.7,Pataliputra,25.67998091,85.06415541,-85.57176412,0,1.107884864,110.5273319,3G,0,0,0
56:31.8,Fraser Road,25.57549598,85.11143973,-84.84344755,0,2.409487641,149.5811478,3G,0,0,0
02:46.3,Bailey Road,25.42363147,85.15628026,-83.01972675,0,1.117083547,124.7097123,3G,0,0,0
30:51.1,Fraser Road,25.66483156,85.15577169,-84.4747407,0,2.009644328,130.1463766,3G,0,0,0
40:12.8,Bailey Road,25.57910019,85.29341987,-85.88167587,0,2.904484235,172.129462,3G,0,0,0
52:41.6,Anandpuri,25.61046796,85.00915162,-81.32262243,0,2.839333502,188.5666293,3G,0,0,0
05:10.5,Rajendra Nagar,25.43972304,85.1112631,-81.69210207,0,2.547160461,164.2451962,3G,0,0,0
51:58.6,Patliputra Colony,25.72790621,85.05785475,-81.77496912,0,2.465293061,100.6278403,3G,0,0,0
55:05.8,Danapur,25.68264288,85.12889999,-85.47997777,0,2.435655844,188.5213403,3G,0,0,0
20:03.5,Kankarbagh,25.64003979,85.00424818,-84.38114418,0,1.046001443,118.9465122,3G,0,0,0
26:17.9,Exhibition Road,25.71242042,85.26519906,-89.57579683,0,1.358486887,103.8591822,3G,0,0,0
38:46.8,Kankarbagh,25.76387773,85.13016753,-86.46409099,0,2.680303248,118.7594394,3G,0,0,0
41:54.0,Boring Road,25.45345141,85.05942284,-83.61976973,0,2.708700591,196.1359107,3G,0,0,0
00:37.2,Rajendra Nagar,25.6718646,85.20679465,-86.71900713,0,1.184448351,120.9806663,3G,0,0,0
06:51.7,Anisabad,25.65932187,85.22043383,-82.72203086,0,1.374297946,134.8713139,3G,0,0,0
25:34.9,Exhibition Road,25.6472671,85.02381041,-85.68737444,0,1.774356383,153.0243701,3G,0,0,0
34:56.5,Boring Road,25.64167199,85.24100262,-84.70983218,0,1.94010037,132.5898246,3G,0,0,0
41:11.0,Gardanibagh,25.46249397,85.2512723,-90.10993133,0,1.852540962,198.9626918,3G,0,0,0
44:18.2,Danapur,25.70149172,85.01022106,-87.25268459,0,1.796207335,165.6777656,3G,0,0,0
06:08.6,Boring Road,25.73549686,85.03947497,-88.76310312,0,2.074652364,104.5232856,3G,0,0,0
12:23.1,Pataliputra,25.60025614,85.19097268,-82.59756226,0,2.73999922,139.1622344,3G,0,0,0
18:37.5,Rajendra Nagar,25.46434532,85.08715955,-84.42793157,0,1.053198855,157.8300862,3G,0,0,0
24:51.9,Anandpuri,25.56336664,85.00254068,-87.40028279,0,2.085509177,115.8393703,3G,0,0,0
34:13.5,Phulwari Sharif,25.53202935,85.22032716,-86.24163913,0,1.717101895,183.6186118,3G,0,0,0
37:20.8,Kidwaipuri,25.64287449,85.04780161,-77.51649934,0,1.754730335,194.5100635,3G,0,0,0
52:56.8,Phulwari Sharif,25.6737588,85.04395461,-84.66620608,0,1.818643024,110.1840538,3G,0,0,0
14:47.3,Gardanibagh,25.5763992,85.00258024,-85.51900093,0,2.529133506,168.9904259,3G,0,0,0
17:54.5,S.K. Puri,25.44387924,85.09534727,-89.82052512,0,1.684194152,182.0014249,3G,0,0,0
36:37.7,Bankipore,25.62160754,85.11003165,-80.82325768,0,1.06938437,141.76303,3G,0,0,0
42:52.2,Danapur,25.46652606,85.02501208,-90.72954847,0,1.38832628,166.1578291,3G,0,0,0
45:59.4,Gandhi Maidan,25.60025111,85.15461007,-84.68553011,0,1.27432423,187.8761491,3G,0,0,0
52:13.8,Phulwari Sharif,25.48137356,85.11171725,-86.00459023,0,2.261236475,187.6369074,3G,0,0,0
58:28.2,S.K. Puri,25.62321372,85.29675654,-83.79657476,0,2.900092616,191.7880837,3G,0,0,0
04:42.6,Boring Road,25.59921203,85.04718085,-78.86916801,0,2.720135387,103.8752235,3G,0,0,0
10:57.1,S.K. Puri,25.47981391,85.02773886,-90.69761015,0,1.29436394,118.1869447,3G,0,0,0
14:04.3,Rajendra Nagar,25.58690768,85.20725009,-83.01746161,0,1.423015976,160.2829779,3G,0,0,0
29:40.3,Kidwaipuri,25.68675721,85.2280552,-84.62837678,0,1.068413618,121.158518,3G,0,0,0
35:54.7,Kumhrar,25.70071585,85.19718047,-84.0120247,0,1.746036151,166.0573197,3G,0,0,0
39:01.9,Kumhrar,25.5698453,85.00384736,-80.08843721,0,1.188273217,187.8664307,3G,0,0,0
48:23.6,Kankarbagh,25.6549107,85.0116801,-88.0369015,0,1.388398322,130.3611034,3G,0,0,0
51:30.8,Boring Canal Road,25.4563671,85.15353236,-80.82053039,0,1.260663272,118.346196,3G,0,0,0
13:21.3,Kankarbagh,25.59138056,85.26530082,-80.22382641,0,1.874324148,176.5699153,3G,0,0,0
16:28.5,Kumhrar,25.59045802,85.28770285,-84.26499913,0,2.783703678,129.1365806,3G,0,0,0
35:11.7,Boring Road,25.68368829,85.06074983,-86.49073021,0,2.309236194,138.3816856,3G,0,0,0
38:18.9,S.K. Puri,25.71557356,85.13340776,-84.72449516,0,1.879482331,171.4604147,3G,0,0,0
50:47.8,Pataliputra,25.62481271,85.16702558,-81.14423571,0,2.760225525,141.5784404,3G,0,0,0
12:38.3,Gardanibagh,25.58323898,84.99081679,-84.54253902,0,1.220224705,171.2863285,3G,0,0,0
21:59.9,Rajendra Nagar,25.51221848,85.1770874,-88.77088158,0,1.850001164,199.0861455,3G,0,0,0
34:28.7,Fraser Road,25.47050218,85.01858541,-89.99677847,0,1.67829492,165.4588029,3G,0,0,0
43:50.4,Pataliputra,25.57373979,85.18988813,-86.02241169,0,2.019320657,131.4502397,3G,0,0,0
02:33.6,Pataliputra,25.51593268,85.16801748,-83.86607295,0,2.645206864,158.8453192,3G,0,0,0
30:38.5,Boring Canal Road,25.57948028,85.19328493,-83.64335895,0,1.075837312,116.8305406,3G,0,0,0
46:14.6,Kidwaipuri,25.55731852,85.00995775,-89.53837028,0,1.428744998,139.4528233,3G,0,0,0
55:36.2,Gardanibagh,25.67307098,85.23439607,-82.18395998,0,1.949408625,185.5582098,3G,0,0,0
58:43.4,Bankipore,25.67432999,85.22747635,-87.40773071,0,2.924248503,118.1771244,3G,0,0,0
01:50.6,Gandhi Maidan,25.69855133,85.10506675,-83.97175666,0,1.715713332,156.7529669,3G,0,0,0
45:31.6,Kankarbagh,25.44867324,85.22606349,-84.13691167,0,1.11019975,152.3267504,3G,0,0,0
48:38.8,S.K. Puri,25.62365482,85.21793756,-80.52760557,0,2.658156952,148.2324554,3G,0,0,0
19:50.9,Exhibition Road,25.50379919,85.00703347,-87.27446651,0,1.072439767,187.7159122,3G,0,0,0
22:58.1,Rajendra Nagar,25.48469939,85.23222818,-87.10910793,0,2.091031199,128.0636998,3G,0,0,0
38:34.1,Bankipore,25.4886064,85.03445354,-83.03628082,0,1.366098658,121.7430885,3G,0,0,0
41:41.3,Exhibition Road,25.53463332,85.30253676,-88.40405353,0,1.911428714,169.6018644,3G,0,0,0
00:24.6,Kankarbagh,25.55002807,85.23950432,-83.31055329,0,1.020437524,197.7805324,3G,0,0,0
06:39.0,Bailey Road,25.48284687,85.27650866,-88.00810601,0,2.435328464,174.7758757,3G,0,0,0
09:46.2,Kankarbagh,25.63647167,85.05111496,-88.83685599,0,2.587658517,131.4764664,3G,0,0,0
12:53.4,Bailey Road,25.7321321,85.13044613,-82.48590089,0,1.596734711,178.2906392,3G,0,0,0
25:22.3,Anisabad,25.57517794,85.04005005,-85.52781985,0,1.229917422,136.6121249,3G,0,0,0
31:36.7,Kumhrar,25.76495583,85.1417167,-80.75063579,0,2.099685916,107.7759178,3G,0,0,0
44:05.5,Gandhi Maidan,25.5821117,85.24149094,-88.04291104,0,1.267352224,128.9800785,3G,0,0,0
47:12.7,Ashok Rajpath,25.46081797,85.16346779,-81.92349642,0,2.846666977,122.6544651,3G,0,0,0
50:20.0,Gandhi Maidan,25.64024211,85.19760902,-85.04104688,0,1.162856997,144.3226679,3G,0,0,0
56:34.4,Rajendra Nagar,25.66040257,85.2030138,-84.53062432,0,1.805741439,179.3371207,3G,0,0,0
15:17.6,Rajendra Nagar,25.62991045,85.29115294,-88.5826168,0,2.295387983,162.3312389,3G,0,0,0
58:58.6,Exhibition Road,25.55699236,84.96426794,-86.11219165,0,1.85965152,121.136922,3G,0,0,0
02:05.8,Anandpuri,25.66663986,85.28745685,-84.18271447,0,1.426977813,156.7101414,3G,0,0,0
05:13.0,Boring Canal Road,25.66899265,85.04744357,-82.12490732,0,1.55654605,144.1690994,3G,0,0,0
27:03.5,Phulwari Sharif,25.60124614,85.18866313,-82.09011067,0,1.680024567,174.8802084,3G,0,0,0
36:25.1,Gardanibagh,25.76923076,85.1521161,-81.15087413,0,2.853828668,191.6248659,3G,0,0,0
45:46.7,Phulwari Sharif,25.55675223,85.25931337,-85.8864151,0,1.836996315,107.1549127,3G,0,0,0
04:30.0,Patliputra Colony,25.71414075,85.03823646,-86.10391401,0,1.592399734,127.6545389,3G,0,0,0
07:37.2,Gardanibagh,25.53737962,85.00618447,-86.7089919,0,2.392686124,152.6023453,3G,0,0,0
23:13.3,Boring Canal Road,25.46208022,85.2357757,-86.8642448,0,2.628229396,192.832385,3G,0,0,0
26:20.5,Danapur,25.59599782,85.27248613,-80.87195473,0,1.797162232,185.5270508,3G,0,0,0
32:34.9,Bankipore,25.68667935,85.23309866,-84.03885172,0,1.913429721,115.6025914,3G,0,0,0
41:56.5,Ashok Rajpath,25.62708109,85.18468343,-85.18334112,0,2.441339591,102.3182222,3G,0,0,0
06:54.2,Kidwaipuri,25.59471907,85.27320242,-78.88925945,0,1.74987159,133.2523169,3G,0,0,0
16:15.8,Anandpuri,25.44915769,85.07379438,-83.36718441,0,2.794779334,193.7038547,3G,0,0,0
15:32.8,S.K. Puri,25.60051776,84.97125372,-85.9229674,0,1.592584826,100.4324777,3G,0,0,0
21:47.2,Kumhrar,25.56223417,85.07778922,-87.50233543,0,1.09465627,177.1462183,3G,0,0,0
40:30.5,Danapur,25.50985275,85.21929993,-80.06334774,0,1.608382426,108.7741119,3G,0,0,0
59:13.8,Boring Road,25.56254868,85.17079657,-84.36726663,0,2.5011741,125.8563802,3G,0,0,0
02:21.0,Phulwari Sharif,25.47076708,85.09244137,-88.2539062,0,1.231785306,102.6237782,3G,0,0,0
36:40.3,Exhibition Road,25.67878013,85.23421315,-84.41577093,0,1.892074742,108.6965603,3G,0,0,0
52:16.3,Kumhrar,25.54790408,85.00888584,-83.36361128,0,2.610582342,156.3431749,3G,0,0,0
10:59.6,Fraser Road,25.71859995,85.2488811,-83.33235559,0,1.493442687,178.261337,3G,0,0,0
32:50.1,Anandpuri,25.52166562,85.11623705,-83.39378903,0,1.635818369,131.67876,3G,0,0,0
45:18.9,Gardanibagh,25.51807425,85.160655,-82.12120512,0,2.290076609,133.0749705,3G,0,0,0
54:40.5,Boring Canal Road,25.72178539,85.10982681,-86.30966993,0,2.550028518,171.4097966,3G,0,0,0
00:55.0,Boring Canal Road,25.67110956,85.07877842,-84.48936454,0,2.97313698,116.9179878,3G,0,0,0
07:09.4,Kumhrar,25.52840471,85.15314587,-86.12780636,0,1.766683411,195.6504062,3G,0,0,0
28:59.9,Fraser Road,25.58682815,85.13132866,-86.1439064,0,1.28195316,176.464493,3G,0,0,0
38:21.5,Ashok Rajpath,25.64001273,85.22320159,-89.47013817,0,2.9164812,166.5409017,3G,0,0,0
00:12.0,Rajendra Nagar,25.53680471,85.21933301,-83.40810519,0,1.242791175,101.4568675,3G,0,0,0
18:55.2,Fraser Road,25.583729,85.29000701,-79.01491191,0,1.363842549,176.0625903,3G,0,0,0
25:09.6,Kumhrar,25.60044669,85.24728105,-82.31108477,0,2.485636535,171.1246143,3G,0,0,0
28:16.8,Bailey Road,25.7635529,85.17990198,-86.02006039,0,2.939180852,130.5054461,3G,0,0,0
37:38.5,Exhibition Road,25.65002357,85.1827101,-87.38833264,0,1.95446935,129.8923415,3G,0,0,0
43:52.9,Ashok Rajpath,25.66058044,85.0868456,-81.76763296,0,1.915951195,143.0809195,3G,0,0,0
56:21.7,Exhibition Road,25.68608519,85.18544143,-85.85524789,0,2.798548606,111.9787256,3G,0,0,0
08:50.6,Ashok Rajpath,25.68949219,85.12032944,-90.24252139,0,1.228538545,145.8755717,3G,0,0,0
15:05.0,Boring Road,25.65453067,85.22358728,-84.62296419,0,2.339651464,172.430505,3G,0,0,0
21:19.4,Phulwari Sharif,25.63598828,85.25680769,-89.10802632,0,2.526115353,102.8398822,3G,0,0,0
11:14.8,Boring Canal Road,25.49965656,85.03034584,-78.31339213,0,1.484375371,190.5295044,3G,0,0,0
14:22.0,Ashok Rajpath,25.69472337,85.09899123,-82.73808805,0,2.05842646,152.089514,3G,0,0,0
29:58.0,Danapur,25.55357094,84.98829633,-84.19639164,0,2.49650133,127.9191183,3G,0,0,0
45:34.1,Rajendra Nagar,25.51856892,85.29844296,-85.00889737,0,2.749278445,193.3109445,3G,0,0,0
48:41.3,Rajendra Nagar,25.45483405,85.18455928,-80.48323918,0,2.196552331,125.4873162,3G,0,0,0
19:53.4,Kumhrar,25.65932873,85.05540091,-83.703437,0,2.45781022,190.1731681,3G,0,0,0
26:07.8,Bailey Road,25.50806837,85.03552806,-85.96754708,0,1.193866372,139.7245231,3G,0,0,0
51:05.5,S.K. Puri,25.47942815,85.13511496,-87.92199842,0,1.172029734,126.2266441,3G,0,0,0
57:19.9,Gardanibagh,25.60260167,84.96131387,-83.17698102,0,1.098843074,149.1237782,3G,0,0,0
06:41.6,Fraser Road,25.69940486,85.22102623,-86.43814566,0,2.52424617,190.7819543,3G,0,0,0
28:32.0,Patliputra Colony,25.51235229,85.09453772,-86.03167225,0,2.101990365,130.3390215,3G,0,0,0
59:44.1,Kidwaipuri,25.58777478,85.02973895,-84.63254241,0,2.861000255,169.9594411,3G,0,0,0
05:58.6,Boring Canal Road,25.65621712,85.05739269,-84.58280952,0,1.621223582,138.3222843,3G,0,0,0
12:13.0,Gandhi Maidan,25.72893324,85.09918593,-88.60634788,0,1.541028969,159.4339865,3G,0,0,0
24:41.8,Boring Canal Road,25.72827889,85.1559139,-85.22599378,0,2.585502808,133.6226351,3G,0,0,0
34:03.4,Anisabad,25.54370887,85.07010063,-87.10169736,0,1.946285426,143.6992205,3G,0,0,0
43:25.1,Bankipore,25.5553902,85.12531397,-88.34287813,0,1.693650815,120.1982539,3G,0,0,0
08:22.8,Anisabad,25.75049493,85.14215094,-82.08008711,0,2.691132055,128.153443,3G,0,0,0
11:30.0,Kankarbagh,25.54770794,85.16949217,-87.9907795,0,2.229645023,169.5825123,3G,0,0,0
27:06.0,Fraser Road,25.44769182,85.0510526,-84.27580215,0,2.582942933,194.1429252,3G,0,0,0
30:13.2,Fraser Road,25.62501063,85.2521535,-86.95197166,0,1.317861894,145.4955198,3G,0,0,0
52:03.7,Kidwaipuri,25.54474174,85.01995125,-84.4717175,0,1.505951335,168.4660655,3G,0,0,0
04:32.5,Gandhi Maidan,25.49206869,85.17934083,-88.92385152,0,1.151173106,125.9362823,3G,0,0,0
13:54.2,Fraser Road,25.47853654,85.12678663,-86.63536459,0,1.016952922,189.1717473,3G,0,0,0
17:01.4,Anisabad,25.64410893,84.97458806,-84.61185676,0,2.485420156,173.4411889,3G,0,0,0
20:08.6,Kankarbagh,25.57997789,85.08658106,-94.14705991,0,1.519567332,109.4347081,3G,0,0,0
32:37.4,Kidwaipuri,25.68467615,85.23726196,-92.16644224,0,1.75684159,165.5080234,3G,0,0,0
35:44.6,Kankarbagh,25.60580594,85.11089935,-79.7282007,0,1.155295437,197.8077744,3G,0,0,0
41:59.1,Phulwari Sharif,25.61736869,85.02580385,-86.8679142,0,1.935136394,154.7029509,3G,0,0,0
54:27.9,Kumhrar,25.69104659,85.07149939,-86.30764166,0,2.244826643,180.9992506,3G,0,0,0
03:49.5,Boring Road,25.66463502,85.21390723,-84.5398828,0,1.476691358,144.9578324,3G,0,0,0
10:04.0,Kumhrar,25.62163708,85.18013855,-85.50733709,0,2.9589053,195.2157265,3G,0,0,0
19:25.6,Anisabad,25.57088747,84.96847866,-81.00634861,0,1.200285523,167.8293507,3G,0,0,0
22:32.8,Kumhrar,25.54381616,85.03390576,-86.00828511,0,1.656421426,169.4314473,3G,0,0,0
25:40.0,Boring Canal Road,25.45605615,85.05819764,-82.48632929,0,2.019715571,142.975784,3G,0,0,0
28:47.2,Fraser Road,25.49470199,85.0035375,-86.3411528,0,1.700219703,197.9310769,3G,0,0,0
35:01.6,Kumhrar,25.67547254,85.10164164,-81.51209478,0,1.335851067,197.955724,3G,0,0,0
41:16.1,Bankipore,25.5496441,85.25539021,-85.49242706,0,1.787975912,198.3319238,3G,0,0,0
47:30.5,Pataliputra,25.73472567,85.03187832,-88.73940209,0,2.278940879,155.5969642,3G,0,0,0
50:37.7,Kidwaipuri,25.46398404,85.07949949,-82.00030899,0,2.613927251,141.1286664,3G,0,0,0
56:52.1,Anisabad,25.52979066,85.09535794,-86.78248947,0,1.530207878,196.9342928,3G,0,0,0
03:06.5,Bankipore,25.53134641,85.22924382,-88.97662961,0,1.735710132,171.8785386,3G,0,0,0
24:57.0,Gandhi Maidan,25.5996682,85.26101443,-86.22610027,0,1.030546279,189.6340939,3G,0,0,0
28:04.2,Patliputra Colony,25.60040719,85.09995068,-82.59142174,0,1.524879296,160.4772001,3G,0,0,0
31:11.4,Boring Road,25.60713841,85.06225934,-83.62065853,0,1.590739,122.1938441,3G,0,0,0
53:01.9,Exhibition Road,25.53985848,85.0368762,-82.75732806,0,2.95700089,169.2971521,3G,0,0,0
05:30.7,Kidwaipuri,25.47125352,85.07076912,-82.85363453,0,2.181918677,170.3623298,3G,0,0,0
08:37.9,Phulwari Sharif,25.72515719,85.02580148,-80.74410381,0,1.400368801,149.6209598,3G,0,0,0
17:59.6,Boring Road,25.51335186,85.1725873,-85.80188007,0,2.496056125,105.4460271,3G,0,0,0
24:14.0,Patliputra Colony,25.75257345,85.11506438,-85.1316481,0,2.780786503,128.6284468,3G,0,0,0
33:35.6,Anandpuri,25.44366243,85.05833464,-90.41566022,0,1.860750326,143.636662,3G,0,0,0
55:26.1,Bailey Road,25.67492154,85.10711159,-85.06386765,0,2.086204857,104.3835625,3G,0,0,0
01:40.5,Patliputra Colony,25.66489091,85.12138282,-84.69246993,0,2.845021771,174.4505123,3G,0,0,0
07:54.9,Anisabad,25.72239524,85.04039048,-87.65445455,0,1.360856672,197.3822245,3G,0,0,0
14:09.4,Phulwari Sharif,25.49579464,85.19738577,-85.56984798,0,2.452006449,120.0237178,3G,0,0,0
51:35.9,Kidwaipuri,25.64351627,84.97417691,-80.78501387,0,2.706656571,188.635828,3G,0,0,0
00:57.5,Gandhi Maidan,25.69029777,85.06096595,-88.47941981,0,1.40473523,132.7757655,3G,0,0,0
07:11.9,Phulwari Sharif,25.65921722,85.26472581,-80.8863284,0,2.594693945,167.2402966,3G,0,0,0
16:33.6,Danapur,25.64626372,85.14614418,-85.93491588,0,2.401016413,117.4980886,3G,0,0,0
25:55.2,Anandpuri,25.44160224,85.15519129,-84.15783839,0,2.437766154,114.1108371,3G,0,0,0
00:14.5,Boring Canal Road,25.61612013,85.12518936,-87.17188405,0,2.527538691,121.318647,3G,0,0,0
22:05.0,Kidwaipuri,25.65837574,84.97458125,-87.89910993,0,1.83993369,192.8134031,3G,0,0,0
31:26.6,Kidwaipuri,25.64516855,85.00238048,-83.96902014,0,2.071001005,146.0170381,3G,0,0,0
18:14.8,Bailey Road,25.69070192,85.24160871,-81.50117206,0,1.21923558,178.3084293,3G,0,0,0
33:50.8,Exhibition Road,25.62586818,85.13956976,-81.08688169,0,1.146193364,125.0020585,3G,0,0,0
43:12.4,S.K. Puri,25.54247634,85.17049159,-85.11225492,0,2.914188759,117.9363541,3G,0,0,0
46:19.6,Anandpuri,25.46521065,85.08964403,-89.54608336,0,1.046454556,163.4021215,3G,0,0,0
52:34.1,Bankipore,25.622465,85.25026015,-81.62856327,0,1.206449338,140.1372045,3G,0,0,0
05:02.9,Exhibition Road,25.48406269,85.12664026,-84.94534231,0,2.866968323,178.1038487,3G,0,0,0
11:17.3,Patliputra Colony,25.61441638,85.20352807,-84.33425878,0,1.787185606,108.9896257,3G,0,0,0
14:24.5,Boring Road,25.67201086,85.29950146,-85.92245614,0,1.896364618,171.3013442,3G,0,0,0
39:22.2,Bankipore,25.62408473,85.24513194,-86.36100686,0,2.393171853,150.8648023,3G,0,0,0
44:53.6,Gandhi Maidan,25.64788643,85.12088702,-93.48018974,0,2.175983553,110.0015513,3G,0,0,0
48:00.8,Bankipore,25.72206814,85.22735307,-85.51833975,0,2.55963067,164.1049394,3G,0,0,0
03:36.9,S.K. Puri,25.56937765,85.29112773,-85.84684693,0,2.660188812,182.8404454,3G,0,0,0
16:05.7,Ashok Rajpath,25.46231281,85.25879492,-86.63129767,0,1.788857738,107.2540916,3G,0,0,0
19:12.9,Rajendra Nagar,25.54317193,85.28621449,-81.19606177,0,2.768874141,154.1636739,3G,0,0,0
25:27.4,Boring Canal Road,25.62639712,85.28993353,-84.07197181,0,2.397607603,149.3908653,3G,0,0,0
12:15.5,Anandpuri,25.70383526,85.05110753,-83.36939813,0,2.270571766,177.2411297,3G,0,0,0
27:51.6,Fraser Road,25.59130899,85.21627922,-89.34055573,0,2.198861619,151.5870394,3G,0,0,0
34:06.0,Gandhi Maidan,25.5023952,85.22212751,-81.82464644,0,2.711441204,185.9426188,3G,0,0,0
40:20.4,Gandhi Maidan,25.5319801,85.233065,-88.52799589,0,1.188721606,109.1062524,3G,0,0,0
05:18.1,Gandhi Maidan,25.57571781,85.21470594,-86.52457127,0,1.515154945,170.805101,3G,0,0,0
08:25.3,Anisabad,25.65131082,85.17744056,-85.61238747,0,2.945391064,164.6488729,3G,0,0,0
17:46.9,Anandpuri,25.72390811,85.1453197,-89.04350598,0,2.67483918,153.6626241,3G,0,0,0
33:23.0,Bankipore,25.62843068,85.26349481,-87.22531944,0,2.449486498,151.5705476,3G,0,0,0
36:30.2,S.K. Puri,25.52708627,85.2503062,-84.97992448,0,2.333539684,135.2781236,3G,0,0,0
39:37.4,Phulwari Sharif,25.48136356,85.09384169,-86.11309291,0,1.493980598,158.9883009,3G,0,0,0
48:59.0,Danapur,25.62508776,85.26011571,-76.04708491,0,1.817292651,194.4755967,3G,0,0,0
52:06.2,Danapur,25.45172866,85.21519068,-87.23717391,0,1.917356258,112.0009639,3G,0,0,0
29:32.8,Kidwaipuri,25.56927655,85.15102588,-84.83496402,0,1.626529434,190.6365453,3G,0,0,0
45:08.8,S.K. Puri,25.58982652,85.21183871,-84.00270952,0,2.571997287,193.5046264,3G,0,0,0
51:23.2,Anandpuri,25.51607588,85.20290622,-86.68743576,0,1.3620608,160.7443078,3G,0,0,0
57:37.7,S.K. Puri,25.60855236,85.31438912,-84.02561535,0,2.142241192,121.3666227,3G,0,0,0
00:44.9,Kidwaipuri,25.67356347,85.26845187,-90.69011099,0,2.531699077,118.0899007,3G,0,0,0
25:42.5,Ashok Rajpath,25.61914783,85.14886078,-81.21792676,0,1.242080818,195.0656651,3G,0,0,0
35:04.2,Phulwari Sharif,25.73257948,85.10986203,-91.06608746,0,1.672732735,180.9569981,3G,0,0,0
44:25.8,Exhibition Road,25.44132785,85.10470535,-88.96893116,0,2.885825764,175.3364318,3G,0,0,0
53:47.4,Pataliputra,25.49309625,85.24291753,-86.60333262,0,2.257552846,120.5958351,3G,0,0,0
09:23.5,Boring Canal Road,25.57182189,85.14635415,-86.09535702,0,1.116602159,162.6004467,3G,0,0,0
12:30.7,Anandpuri,25.49310366,85.03483559,-82.67228554,0,2.932356959,140.4013,3G,0,0,0
15:37.9,Patliputra Colony,25.55907262,84.99621857,-78.7845273,0,2.823117219,104.150495,3G,0,0,0
21:52.3,S.K. Puri,25.66637604,85.19041565,-86.06701381,0,1.918689769,114.5077139,3G,0,0,0
24:59.5,Gandhi Maidan,25.69322001,85.22304566,-81.55622969,0,2.220902787,142.1154657,3G,0,0,0
31:14.0,Kankarbagh,25.73334568,85.12930618,-82.64310569,0,2.962697023,120.3201812,3G,0,0,0
46:50.0,Danapur,25.49635646,85.03320587,-84.62156982,0,2.592310066,189.275909,3G,0,0,0
53:04.4,Phulwari Sharif,25.57969293,85.00672656,-87.66634868,0,1.410047558,106.1684738,3G,0,0,0
59:18.9,Kumhrar,25.60940977,85.15576641,-90.68261582,0,1.422911512,133.7993168,3G,0,0,0
05:33.3,Boring Road,25.72998848,85.19621865,-83.77188403,0,1.512263902,148.2733065,3G,0,0,0
11:47.7,S.K. Puri,25.52191496,85.01330065,-92.89437245,0,1.220142015,164.8191391,3G,0,0,0
18:02.1,Bankipore,25.64030784,85.26795941,-80.643592,0,2.033347005,164.9771593,3G,0,0,0
42:59.8,Kidwaipuri,25.74353281,85.15823463,-86.05267736,0,2.009414895,119.0121506,3G,0,0,0
49:14.2,Gandhi Maidan,25.46483554,85.10117307,-82.02927015,0,1.097213094,135.3767418,3G,0,0,0
23:33.5,Gandhi Maidan,25.4782752,85.14240732,-83.96522364,0,1.802018473,123.3178286,3G,0,0,0
26:40.7,Phulwari Sharif,25.59715568,85.17437655,-86.08365986,0,1.13567404,195.6866984,3G,0,0,0
39:09.6,Patliputra Colony,25.65513019,85.18855956,-86.0010456,0,2.692168882,116.9632418,3G,0,0,0
45:24.0,Kumhrar,25.58084651,85.04646981,-90.05198212,0,2.094939413,135.3260995,3G,0,0,0
57:52.8,Kumhrar,25.51035582,85.10558695,-91.45416195,0,2.485531808,188.8716423,3G,0,0,0
04:07.3,Gandhi Maidan,25.48120944,85.21404288,-83.92763183,0,2.739744473,177.0336652,3G,0,0,0
13:28.9,Kankarbagh,25.6954624,85.1393334,-85.14584375,0,2.027801016,138.3882159,3G,0,0,0
22:50.5,Kidwaipuri,25.55519682,84.99686853,-86.74578206,0,2.190975209,156.1117783,3G,0,0,0
38:26.6,Kidwaipuri,25.64388853,84.99202466,-79.34368712,0,2.79737237,110.0860512,3G,0,0,0
44:41.0,Kumhrar,25.52333879,85.29506988,-89.33851898,0,2.135454347,133.1054532,3G,0,0,0
54:02.6,Exhibition Road,25.69478512,85.12323431,-87.06582774,0,1.778321614,192.7313393,3G,0,0,0
00:17.0,Anisabad,25.74970083,85.11209978,-86.1716207,0,1.551937297,132.4769268,3G,0,0,0
03:24.3,Fraser Road,25.59679029,85.18514856,-80.97390758,0,2.57508425,117.7495274,3G,0,0,0
31:29.1,Ashok Rajpath,25.55238755,85.19974327,-84.46363963,0,2.286031056,175.6682964,3G,0,0,0
37:43.6,Gandhi Maidan,25.62797728,85.11745576,-84.03428989,0,2.063651733,180.5389452,3G,0,0,0
40:50.8,Anisabad,25.4763562,85.19019361,-89.07871699,0,1.41294794,184.9013237,3G,0,0,0
43:58.0,Ashok Rajpath,25.70072956,85.27039246,-85.20137122,0,1.38161228,195.2853519,3G,0,0,0
59:34.0,Phulwari Sharif,25.63565837,85.2456001,-88.51931116,0,2.775806339,158.4346104,3G,0,0,0
21:24.5,Anandpuri,25.63459438,84.98461377,-87.8676735,0,2.607657617,157.5089524,3G,0,0,0
24:31.7,Bankipore,25.64971326,85.00480614,-90.29713181,0,2.590391964,122.8636483,3G,0,0,0
33:53.3,Patliputra Colony,25.53504605,85.01767127,-84.61580259,0,2.528297755,100.1596162,3G,0,0,0
40:07.8,Anandpuri,25.52858377,85.07603006,-86.1686105,0,1.455932177,109.4443007,3G,0,0,0
55:43.8,Kidwaipuri,25.68959772,85.26036169,-89.48924616,0,1.523141366,139.6986169,3G,0,0,0
01:58.2,Anisabad,25.66730322,85.02852194,-84.0275304,0,1.181488182,153.5299141,3G,0,0,0
20:41.5,Anisabad,25.66524013,85.25981731,-83.06320859,0,2.023590782,118.5963797,3G,0,0,0
26:55.9,Danapur,25.46836634,85.1337766,-84.11271076,0,1.262687129,197.5924666,3G,0,0,0
30:03.1,Anisabad,25.42971061,85.13432216,-86.87701129,0,2.782409476,191.7007908,3G,0,0,0
33:10.3,Phulwari Sharif,25.66173853,84.99204069,-82.504103,0,1.051842698,133.5964051,3G,0,0,0
01:15.2,Pataliputra,25.44404957,85.05164956,-89.66705351,0,1.703643987,195.9868014,3G,0,0,0
32:27.3,Gardanibagh,25.63853497,85.20857717,-86.81625657,0,2.484960091,129.1192836,3G,0,0,0
00:32.2,Exhibition Road,25.61782474,85.18394421,-89.00939242,0,2.986250109,191.5809387,3G,0,0,0
06:46.6,Bankipore,25.72536679,85.1924052,-87.18643576,0,1.024983098,170.5231468,3G,0,0,0
19:15.5,Kidwaipuri,25.54538038,85.17028685,-86.38600206,0,2.876384218,104.4242222,3G,0,0,0
50:27.6,Bankipore,25.58558517,85.00368769,-81.21683244,0,2.608071302,118.2350284,3G,0,0,0
59:49.2,Fraser Road,25.65245867,85.07828677,-85.55273455,0,1.907042321,148.3576728,3G,0,0,0
02:56.4,Pataliputra,25.41997629,85.14915862,-80.96053392,0,2.51554467,132.9704404,3G,0,0,0
18:32.5,Patliputra Colony,25.53649639,85.06208852,-80.02662885,0,1.288206511,118.1712058,3G,0,0,0
34:08.5,Kankarbagh,25.59284627,85.09907731,-83.87536991,0,2.561365191,106.6025597,3G,0,0,0
46:37.4,Gandhi Maidan,25.55764278,85.22051719,-79.92233367,0,2.936444912,192.716531,3G,0,0,0
52:51.8,Bailey Road,25.45370883,85.10501292,-85.03051792,0,1.525295851,133.3565449,3G,0,0,0
08:27.8,Patliputra Colony,25.55868415,85.05779303,-86.56385251,0,2.18091631,135.7321488,3G,0,0,0
27:11.1,S.K. Puri,25.45531353,85.22388184,-86.63407415,0,2.444041161,113.5459375,3G,0,0,0
42:47.2,Gardanibagh,25.66692884,85.25394412,-82.17436186,0,1.597597718,150.0605459,3G,0,0,0
58:23.2,Patliputra Colony,25.53703891,84.99466737,-83.48326002,0,1.211630132,119.2488052,3G,0,0,0
01:30.4,Boring Canal Road,25.61643915,85.31097765,-88.62146073,0,1.536351225,150.5428586,3G,0,0,0
07:44.8,Bailey Road,25.48933938,85.01179753,-81.60648838,0,1.354830411,138.9317088,3G,0,0,0
13:59.3,Rajendra Nagar,25.51532592,85.13227378,-81.75449164,0,2.010454172,149.2063078,3G,0,0,0
17:06.5,Rajendra Nagar,25.59210511,85.20479492,-84.59149047,0,1.209707861,130.7486254,3G,0,0,0
20:13.7,Kankarbagh,25.52951345,85.30430579,-87.19191008,0,2.586294209,104.9254986,3G,0,0,0
26:28.1,Anandpuri,25.68074939,85.02645039,-81.72616204,0,2.779458723,107.1039618,3G,0,0,0
35:49.7,Gandhi Maidan,25.74157839,85.10993045,-94.23587879,0,2.507119225,100.8523971,3G,0,0,0
48:18.6,Ashok Rajpath,25.61648179,85.2013541,-77.38503641,0,2.377440234,159.5340428,3G,0,0,0
57:40.2,Phulwari Sharif,25.72182444,85.21945292,-85.3636631,0,1.776028128,127.5168762,3G,0,0,0
22:37.9,Anisabad,25.54941274,85.28003012,-85.28692612,0,2.214100863,191.6632417,3G,0,0,0
25:45.1,Bankipore,25.74161723,85.0681374,-80.63336147,0,2.697197443,187.1924643,3G,0,0,0
44:28.4,Kumhrar,25.51602329,85.11551289,-86.87824767,0,1.96356136,125.2095038,3G,0,0,0
53:50.0,Patliputra Colony,25.65511323,84.99785266,-83.95020363,0,1.78503308,134.3865361,3G,0,0,0
03:11.6,Exhibition Road,25.42930047,85.17023282,-85.60151641,0,1.575801487,184.100702,3G,0,0,0
09:26.0,Anandpuri,25.60929606,85.16905326,-89.32528628,0,1.859905951,122.0119073,3G,0,0,0
12:33.2,Boring Canal Road,25.63056287,85.22963476,-80.76288491,0,1.63251479,110.2444079,3G,0,0,0
25:02.1,S.K. Puri,25.62419298,85.0488299,-87.61947143,0,1.452265875,163.9464031,3G,0,0,0
43:45.3,Kumhrar,25.5411249,85.19956939,-84.35730813,0,2.512981428,141.4092098,3G,0,0,0
56:14.2,Kidwaipuri,25.46008908,85.25135693,-83.02118212,0,2.376046578,108.216115,3G,0,0,0
14:57.4,Bankipore,25.50447275,85.02251282,-90.59643254,0,2.067576685,196.0725995,3G,0,0,0
18:04.7,Gandhi Maidan,25.47506313,85.01601376,-85.18289168,0,2.420286529,160.855882,3G,0,0,0
39:55.1,S.K. Puri,25.5320607,85.02916376,-84.24597552,0,2.368915868,108.1230258,3G,0,0,0
55:31.2,Danapur,25.6248298,85.13959201,-86.74245091,0,2.238345577,100.6352177,3G,0,0,0
04:52.8,Kumhrar,25.61798493,85.16770874,-79.52665563,0,2.769863343,101.0424958,3G,0,0,0
23:36.1,Ashok Rajpath,25.44843424,85.21182257,-87.53968189,0,1.299893611,139.0516782,3G,0,0,0
32:57.7,Danapur,25.54924527,85.17148923,-82.86261579,0,2.761429462,183.467655,3G,0,0,0
57:55.4,Anandpuri,25.56097827,85.2090928,-84.35582227,0,2.744082208,184.1999427,3G,0,0,0
07:17.0,Phulwari Sharif,25.76655914,85.17298838,-85.25248141,0,2.408348925,163.9706861,3G,0,0,0
10:24.2,Gardanibagh,25.42496794,85.12050654,-87.1303069,0,1.361855772,118.5338184,3G,0,0,0
13:31.4,Anisabad,25.63817286,85.2960962,-83.39623352,0,1.670360601,129.3096849,3G,0,0,0
22:53.1,Pataliputra,25.74084248,85.19955599,-84.54927305,0,2.480715304,112.6011526,3G,0,0,0
26:00.3,Kankarbagh,25.645366,84.99393279,-82.52372746,0,1.170103923,103.5785387,3G,0,0,0
32:14.7,Anisabad,25.42127544,85.11319699,-82.70604572,0,2.786358162,120.979267,3G,0,0,0
54:05.2,Pataliputra,25.76804665,85.11298218,-81.61239213,0,2.195356848,139.0380199,3G,0,0,0
09:41.2,Kidwaipuri,25.70428839,85.18668202,-82.21988745,0,2.580265616,191.7079787,3G,0,0,0
19:02.8,Fraser Road,25.63689681,85.19616166,-81.87695081,0,2.992380632,150.1746963,3G,0,0,0
37:46.1,Patliputra Colony,25.59234219,85.04857088,-83.10058809,0,1.817537864,118.3401551,3G,0,0,0
40:53.3,Fraser Road,25.64423913,85.27104413,-82.18979703,0,2.485594429,116.9571715,3G,0,0,0
47:07.7,Anandpuri,25.46931841,85.20528987,-80.86812088,0,1.000556052,108.3348279,3G,0,0,0
02:43.8,Fraser Road,25.49824573,85.08798611,-85.98188877,0,1.673113488,151.4714461,3G,0,0,0
08:58.2,Kidwaipuri,25.67436915,85.16243472,-89.10135087,0,2.899433937,147.5121008,3G,0,0,0
21:27.0,Kumhrar,25.44760227,85.22983011,-84.49740286,0,1.286237748,115.2454402,3G,0,0,0
27:41.5,Fraser Road,25.52355976,85.27697045,-91.90394613,0,2.284247465,167.9243027,3G,0,0,0
30:48.7,Pataliputra,25.73441101,85.20506853,-84.55110959,0,1.092404152,176.4150066,3G,0,0,0
40:10.3,Patliputra Colony,25.51070225,85.17045575,-86.01878309,0,1.717115738,156.248962,3G,0,0,0
46:24.7,Gandhi Maidan,25.44983294,85.04198107,-84.31318256,0,1.978299845,186.9374726,3G,0,0,0
26:58.5,Boring Canal Road,25.72360116,85.09917121,-81.5201718,0,2.925672281,105.8744797,3G,0,0,0
36:20.1,Pataliputra,25.73084776,85.18023214,-84.18620559,0,2.175989636,147.7743295,3G,0,0,0
42:34.5,Boring Road,25.53264557,85.09521256,-80.83336473,0,2.613543224,109.2224022,3G,0,0,0
16:53.8,Phulwari Sharif,25.57664354,85.06202161,-82.58923992,0,1.762646762,174.8744922,3G,0,0,0
20:01.0,Anisabad,25.6727522,85.08932101,-85.07160302,0,2.168835011,163.1196157,3G,0,0,0
29:22.7,Boring Canal Road,25.68283505,85.13930131,-81.73711011,0,2.590397913,154.8638557,3G,0,0,0
38:44.3,Fraser Road,25.61475606,85.31128326,-81.50661187,0,1.242413976,165.3535308,3G,0,0,0
51:13.1,Anisabad,25.51091038,85.17113489,-90.5612111,0,2.383008842,197.317051,3G,0,0,0
54:20.3,Gandhi Maidan,25.5499867,85.14276328,-88.65754768,0,1.490841744,197.272957,3G,0,0,0
00:34.8,Anandpuri,25.62452942,85.14412146,-89.08736697,0,2.377212225,172.4282997,3G,0,0,0
06:49.2,Pataliputra,25.4285627,85.14140124,-81.00147181,0,1.529477138,126.9768297,3G,0,0,0
16:10.8,Rajendra Nagar,25.48682419,85.04044349,-84.31833185,0,1.899546712,192.8935011,3G,0,0,0
19:18.0,Gardanibagh,25.53742663,85.01679757,-87.03019039,0,1.230249958,136.1546504,3G,0,0,0
56:44.6,Bailey Road,25.60126735,85.14057462,-83.58550318,0,2.060016501,186.2446648,3G,0,0,0
59:51.8,Kumhrar,25.71424756,85.19742938,-85.93802366,0,2.452499424,196.2584309,3G,0,0,0
02:59.0,Bailey Road,25.42052572,85.13187542,-79.64718432,0,2.458393598,186.7172594,3G,0,0,0
06:06.2,Danapur,25.75218119,85.20677404,-81.41848879,0,1.450812519,101.4684266,3G,0,0,0
27:56.7,Danapur,25.74106966,85.18487299,-90.1576455,0,2.934951106,139.2627984,3G,0,0,0
49:47.1,Rajendra Nagar,25.56500009,85.16548304,-84.37041616,0,2.838162116,186.4632896,3G,0,0,0
52:54.3,Kumhrar,25.46962651,85.21896365,-85.72596792,0,1.699688201,170.0049008,3G,0,0,0
02:16.0,Fraser Road,25.62775982,85.21515801,-88.06605417,0,2.3061711,169.7169564,3G,0,0,0
17:52.0,Boring Canal Road,25.68281433,85.04916083,-80.23665851,0,1.725697196,123.4475816,3G,0,0,0
24:06.4,Gandhi Maidan,25.69731595,85.15364513,-82.43087369,0,2.807593074,130.2462046,3G,0,0,0
01:33.0,Kankarbagh,25.51947043,85.2963161,-87.40679957,0,1.724580967,197.1182817,3G,0,0,0
04:40.2,Anisabad,25.69374213,85.13935943,-84.84471913,0,2.136170865,110.9298301,3G,0,0,0
14:01.8,Kumhrar,25.65952695,85.25572914,-82.68294663,0,2.003087266,182.9312411,3G,0,0,0
29:37.9,Bankipore,25.53924849,85.25822206,-86.00945759,0,2.699353639,185.0064584,3G,0,0,0
32:45.1,Fraser Road,25.48305995,85.15938896,-87.81858005,0,2.216090146,151.0843435,3G,0,0,0
35:52.3,Anandpuri,25.70641609,85.1104203,-85.21238632,0,1.876627935,115.2546218,3G,0,0,0
38:59.5,Phulwari Sharif,25.63854158,85.05276264,-88.6408577,0,2.721113579,122.3895047,3G,0,0,0
00:50.0,Phulwari Sharif,25.48812244,85.10450682,-86.26939003,0,1.982487211,186.1378567,3G,0,0,0
03:57.2,Bailey Road,25.57638615,85.14642246,-81.58986948,0,2.584609661,177.9252895,3G,0,0,0
13:18.8,Kankarbagh,25.5623141,85.10406445,-91.81268097,0,1.745898723,105.1270019,3G,0,0,0
41:23.7,Anandpuri,25.6488728,85.07651957,-85.07145375,0,1.050047282,111.4103498,3G,0,0,0
44:30.9,Boring Road,25.56275172,85.08936767,-78.73701759,0,1.54168773,131.2937086,3G,0,0,0
47:38.1,Kumhrar,25.71955004,85.18639928,-86.29372593,0,1.883763916,162.1149683,3G,0,0,0
53:52.5,Ashok Rajpath,25.44964824,85.12983789,-87.03102514,0,2.629519402,170.8211954,3G,0,0,0
00:06.9,Gardanibagh,25.64520088,85.19051284,-90.17012999,0,1.957313049,147.0471169,3G,0,0,0
03:14.2,S.K. Puri,25.69440101,85.16286024,-82.39663192,0,2.182493934,101.3432922,3G,0,0,0
25:04.6,Fraser Road,25.47938843,85.06025459,-91.32411446,0,1.023319276,114.4374278,3G,0,0,0
34:26.3,Anandpuri,25.5841444,85.13321266,-83.42578681,0,2.816614933,157.2003696,3G,0,0,0
37:33.5,Ashok Rajpath,25.72020879,85.11739466,-82.34211963,0,2.509951644,199.3321923,3G,0,0,0
46:55.1,Exhibition Road,25.56172382,85.11375848,-81.53093277,0,2.445049732,139.3035344,3G,0,0,0
08:45.6,Gardanibagh,25.54328519,85.24702126,-83.77783077,0,2.146577962,140.7367506,3G,0,0,0
11:52.8,Bankipore,25.70515833,85.14379663,-80.94183368,0,2.938781017,110.8604646,3G,0,0,0
21:14.4,Bankipore,25.63596976,84.99446866,-84.91297593,0,1.113620076,151.1165828,3G,0,0,0
27:28.8,Bailey Road,25.46941788,85.06549582,-90.33104211,0,1.164755109,175.5163973,3G,0,0,0
33:43.3,Fraser Road,25.7401647,85.0708348,-85.65730027,0,1.419611389,108.2450287,3G,0,0,0
39:57.7,Rajendra Nagar,25.74950744,85.17003867,-80.91579643,0,1.840036964,148.3831959,3G,0,0,0
49:19.3,Boring Canal Road,25.60312492,85.15409806,-82.79930217,0,1.373693803,172.5103811,3G,0,0,0
55:33.7,Kankarbagh,25.63024385,85.1700454,-84.59696038,0,1.060638355,141.1378427,3G,0,0,0
04:55.4,Pataliputra,25.75725468,85.08309427,-81.17395987,0,2.488114923,158.2839162,3G,0,0,0
11:09.8,Gardanibagh,25.56367211,85.29884109,-83.64211129,0,1.83925963,192.5874927,3G,0,0,0
36:07.5,Kankarbagh,25.49974495,85.03173242,-82.50071082,0,1.019692052,151.3425936,3G,0,0,0
51:43.5,Kankarbagh,25.51610439,85.24539295,-82.48441773,0,1.096100285,147.6710597,3G,0,0,0
07:19.6,Exhibition Road,25.56212775,85.22537062,-84.61768457,0,2.485150963,176.818597,3G,0,0,0
16:41.2,Gandhi Maidan,25.55959154,85.25174328,-83.08348944,0,2.125044259,121.252222,3G,0,0,0
47:53.3,Exhibition Road,25.58581183,84.98116547,-87.46610264,0,1.818193569,155.9960558,3G,0,0,0
00:22.1,Exhibition Road,25.64977128,85.19709905,-90.59978291,0,2.316327418,114.4612122,3G,0,0,0
06:36.5,Boring Road,25.61375467,84.96263305,-83.34619642,0,1.520059454,171.5818745,3G,0,0,0
15:58.2,Phulwari Sharif,25.50979016,85.06336386,-81.27942544,0,1.56149528,107.4892065,3G,0,0,0
19:05.4,Danapur,25.57909738,85.01477848,-86.95109531,0,1.893949955,139.2854408,3G,0,0,0
25:19.8,Bankipore,25.57695704,85.09779436,-81.79776989,0,1.519055158,106.299463,3G,0,0,0
34:41.4,Kidwaipuri,25.70469893,85.19309205,-83.38832876,0,2.859970292,108.477083,3G,0,0,0
47:10.3,Kidwaipuri,25.56006826,85.03907796,-90.33438148,0,2.383980208,176.4172449,3G,0,0,0
50:17.5,Boring Canal Road,25.70284226,85.17303667,-84.43562785,0,1.365021921,120.802196,3G,0,0,0
53:24.7,S.K. Puri,25.76855166,85.12951432,-87.57755247,0,2.873570784,144.5558019,3G,0,0,0
09:00.8,Boring Canal Road,25.7110324,85.22172278,-85.17731974,0,2.58829422,104.8366581,3G,0,0,0
12:08.0,Rajendra Nagar,25.47924784,85.20170842,-86.35584947,0,1.363558383,102.2234812,3G,0,0,0
37:05.6,Rajendra Nagar,25.59777896,85.24423664,-90.98502432,0,2.724506844,159.7042467,3G,0,0,0
49:34.5,Bankipore,25.63128761,85.14868131,-82.43532714,0,1.988053259,112.0165692,3G,0,0,0
52:41.7,Pataliputra,25.4381643,85.11078672,-87.32289606,0,2.921703902,100.8370924,3G,0,0,0
17:39.4,Kankarbagh,25.6794591,85.0193043,-85.71492995,0,2.565194882,121.5907926,3G,0,0,0
30:08.2,Fraser Road,25.56031282,84.99399807,-84.44959325,0,1.363157066,162.4539954,3G,0,0,0
39:29.8,Gardanibagh,25.68293679,85.0240886,-85.58789005,0,1.556268255,196.4071288,3G,0,0,0
58:13.1,Danapur,25.68873297,85.13795159,-84.34931968,0,2.785106109,164.5969117,3G,0,0,0
10:41.9,Bankipore,25.60157561,85.19072264,-89.59053451,0,1.094233663,160.1872476,3G,0,0,0
20:03.6,Patliputra Colony,25.6544289,85.14154301,-81.24415726,0,2.905861928,173.7355746,3G,0,0,0
25:35.0,Kidwaipuri,25.45185598,85.05359265,-82.39604064,0,2.264882521,173.9408994,3G,0,0,0
28:42.2,Danapur,25.55967734,85.08213331,-81.70212375,0,2.517277135,126.278493,3G,0,0,0
31:49.4,Gandhi Maidan,25.68893467,85.03586294,-85.57326963,0,1.117222864,149.3096153,3G,0,0,0
56:47.1,Rajendra Nagar,25.75550934,85.12935868,-78.36750224,0,2.478501318,145.6358996,3G,0,0,0
03:01.5,Anisabad,25.52075864,85.12303334,-85.74180717,0,2.248072356,155.4085647,3G,0,0,0
18:37.6,Pataliputra,25.489184,85.105002,-81.39319514,0,1.814411112,129.5904895,3G,0,0,0
27:59.2,Fraser Road,25.69183951,85.27212899,-83.0627877,0,1.281205972,100.3377987,3G,0,0,0
34:13.6,Rajendra Nagar,25.75274724,85.08700459,-86.63451589,0,2.752675833,132.0017275,3G,0,0,0
40:28.0,Danapur,25.72741631,85.10693044,-83.27374949,0,2.580211874,174.2998441,3G,0,0,0
43:35.2,Fraser Road,25.545128,85.02782712,-87.93193383,0,1.377168669,151.570812,3G,0,0,0
46:42.5,Boring Canal Road,25.52693105,85.15885858,-83.52191904,0,1.610640903,120.6264043,3G,0,0,0
59:11.3,Pataliputra,25.62631234,85.06822594,-85.36208112,0,1.898867889,188.7902521,3G,0,0,0
27:16.2,Kidwaipuri,25.50822168,85.25112834,-87.70011306,0,1.733409067,119.4246121,3G,0,0,0
42:52.2,Fraser Road,25.42997597,85.16420606,-86.35110659,0,2.760090372,152.3169142,3G,0,0,0
04:42.7,Fraser Road,25.57528365,85.29261985,-81.87978734,0,2.093620441,134.1057242,3G,0,0,0
07:49.9,Gardanibagh,25.45154,85.07650511,-85.40450581,0,1.545847236,156.1101854,3G,0,0,0
26:33.2,Anandpuri,25.44017214,85.07482133,-81.9394853,0,2.641498504,120.8634607,3G,0,0,0
32:47.6,Bankipore,25.63323752,85.09839144,-85.22091937,0,2.121825723,135.8818597,3G,0,0,0
57:45.3,Gardanibagh,25.45662681,85.19886835,-79.29343447,0,2.264596633,129.3849581,3G,0,0,0
07:06.9,Boring Canal Road,25.68079058,85.11218513,-89.34454616,0,2.916554319,108.7049324,3G,0,0,0
16:28.5,Gandhi Maidan,25.64415478,85.01933482,-81.15377179,0,2.034179283,143.2326674,3G,0,0,0
06:23.9,Anisabad,25.56694977,84.97130486,-81.28490024,0,2.340736269,146.787684,3G,0,0,0
15:45.5,Anandpuri,25.56508277,85.03972636,-90.14726595,0,2.454261109,150.0007267,3G,0,0,0
25:07.2,Anisabad,25.54393516,84.97405803,-79.46827736,0,1.063923493,120.6352304,3G,0,0,0
53:12.1,Patliputra Colony,25.45904837,85.04702151,-83.20915943,0,1.613192148,124.2835209,3G,0,0,0
56:19.3,Bailey Road,25.43444415,85.10724263,-84.07210414,0,2.233772573,190.5963743,3G,0,0,0
11:55.3,Patliputra Colony,25.45724207,85.20144054,-77.60464515,0,1.048202818,184.5391444,3G,0,0,0
15:02.5,Fraser Road,25.459815,85.10424642,-87.56042111,0,2.926680438,151.2060414,3G,0,0,0
36:53.0,Phulwari Sharif,25.69441689,85.00264988,-86.79496697,0,2.121475642,177.8102769,3G,0,0,0
43:07.4,Phulwari Sharif,25.54921806,85.20881324,-80.24248352,0,1.193582289,126.3229914,3G,0,0,0
14:19.5,Fraser Road,25.47808495,85.1730501,-80.76845779,0,1.542543564,154.7233754,3G,0,0,0
17:26.7,Kankarbagh,25.50768427,85.13614591,-90.22804705,0,1.298439121,118.7134124,3G,0,0,0
26:48.4,Ashok Rajpath,25.60615904,85.04564464,-85.79667082,0,2.948894677,126.4589792,3G,0,0,0
39:17.2,Fraser Road,25.46688892,85.24525405,-90.83223824,0,2.440523374,136.1258771,3G,0,0,0
54:53.3,Fraser Road,25.46681559,85.09406422,-88.97472894,0,1.012798397,157.0174938,3G,0,0,0
26:05.4,Boring Canal Road,25.48566927,85.18275494,-93.45536117,0,2.60764195,149.4620969,3G,0,0,0
29:12.6,Anisabad,25.50877505,85.0473869,-86.59715244,0,2.415344006,120.201906,3G,0,0,0
35:27.0,Ashok Rajpath,25.57411551,85.07294904,-86.74629021,0,1.90285721,101.9678313,3G,0,0,0
03:31.9,Kumhrar,25.67093819,85.12911292,-85.84262668,0,2.061937705,113.4912954,3G,0,0,0
22:15.1,Ashok Rajpath,25.68462429,85.04833494,-81.1850959,0,2.119917983,180.3593283,3G,0,0,0
25:22.4,Pataliputra,25.67619711,85.17799563,-82.0670376,0,1.363309964,104.0535563,3G,0,0,0
37:51.2,Ashok Rajpath,25.67870152,85.25988839,-81.14821171,0,1.315463201,154.597457,3G,0,0,0
50:20.0,Phulwari Sharif,25.53485823,85.12981079,-86.96409173,0,2.539722763,126.3913656,3G,0,0,0
02:48.9,Pataliputra,25.64898308,85.15193363,-80.68772852,0,1.011184758,112.8220324,3G,0,0,0
05:56.1,Anisabad,25.44057236,85.17300432,-88.85362956,0,1.425574901,184.213041,3G,0,0,0
12:10.5,Kidwaipuri,25.59815113,85.2019965,-80.86649477,0,2.805118138,105.0443009,3G,0,0,0
34:01.0,Kidwaipuri,25.60236988,85.01595278,-82.19169774,0,1.854809713,152.2724532,3G,0,0,0
02:05.9,Boring Canal Road,25.58654634,84.98245778,-82.9230867,0,1.39765689,117.9828148,3G,0,0,0
08:20.3,Bankipore,25.55335516,85.23424292,-83.33232081,0,1.94696873,194.1360183,3G,0,0,0
17:41.9,Boring Road,25.58342618,84.97659925,-83.44173225,0,1.665867534,109.4651269,3G,0,0,0
30:10.8,Exhibition Road,25.48524078,85.22209444,-90.2183919,0,1.004837617,145.9574618,3G,0,0,0
39:32.4,Fraser Road,25.56490381,85.06991064,-86.2855967,0,2.466005221,179.6972899,3G,0,0,0
42:39.6,Boring Canal Road,25.75102171,85.06495401,-88.70385643,0,2.29651132,122.4143407,3G,0,0,0
45:46.8,Anandpuri,25.62101024,85.19256519,-86.2033687,0,1.474658414,179.9547583,3G,0,0,0
07:37.3,Gardanibagh,25.57786972,85.11354494,-83.86978532,0,1.292586012,143.1660656,3G,0,0,0
29:27.8,Phulwari Sharif,25.64111729,85.2059926,-86.71103104,0,1.433718264,145.8206857,3G,0,0,0
38:49.4,Gardanibagh,25.66458168,85.0674745,-85.24592917,0,2.195094821,155.7600571,3G,0,0,0
48:11.0,Anisabad,25.66345781,85.14721054,-85.24565068,0,2.11857353,122.6311886,3G,0,0,0
54:25.4,Gardanibagh,25.62976966,85.03991359,-85.4364749,0,2.414989193,140.4165674,3G,0,0,0
03:47.1,Kumhrar,25.62820863,85.15732932,-86.1381657,0,1.416448087,161.2273041,3G,0,0,0
13:08.7,Phulwari Sharif,25.4979286,85.01451391,-83.70609712,0,2.515738491,196.6596767,3G,0,0,0
16:15.9,Phulwari Sharif,25.71823585,85.10665385,-86.32759003,0,1.067829789,132.4388207,3G,0,0,0
19:23.1,Danapur,25.76460958,85.15080021,-88.05947458,0,2.145951318,123.3810295,3G,0,0,0
44:20.8,Phulwari Sharif,25.66774894,85.00243424,-85.92877259,0,1.768789407,190.1057337,3G,0,0,0
03:04.1,Exhibition Road,25.60591525,84.99762028,-82.87712095,0,2.122042911,151.9776477,3G,0,0,0
37:23.4,Fraser Road,25.5140681,85.18574821,-84.93248895,0,1.104013506,110.405566,3G,0,0,0
43:37.8,Ashok Rajpath,25.49596795,85.00510355,-85.13036649,0,1.547978384,185.5578312,3G,0,0,0
46:45.0,Kidwaipuri,25.55106902,85.11701577,-86.06565626,0,2.532015004,110.6344272,3G,0,0,0
59:13.8,Fraser Road,25.75164686,85.17249381,-82.5068118,0,1.227112379,110.0155795,3G,0,0,0
17:57.1,Ashok Rajpath,25.74213824,85.05497327,-84.21911919,0,2.414304894,104.6751331,3G,0,0,0
24:11.5,Bailey Road,25.53927962,85.06976095,-87.95269525,0,1.708412962,164.656467,3G,0,0,0
30:25.9,Exhibition Road,25.47233252,85.18074689,-81.741459,0,2.677357969,113.2520761,3G,0,0,0
36:40.4,Gandhi Maidan,25.50431903,85.05808639,-87.39977567,0,1.705338565,161.4582632,3G,0,0,0
52:16.4,Exhibition Road,25.67420445,85.23446636,-81.60336994,0,1.644096525,136.2508644,3G,0,0,0
23:28.5,Gardanibagh,25.68640059,85.13490892,-86.51640658,0,2.326405494,177.3750903,3G,0,0,0
29:42.9,Ashok Rajpath,25.55309619,85.31198266,-84.13092246,0,1.33367436,193.4221782,3G,0,0,0
51:33.4,Gandhi Maidan,25.52568692,85.01622489,-82.87266195,0,1.46650103,199.2093492,3G,0,0,0
57:47.8,Anandpuri,25.72120099,85.12792251,-83.47427894,0,2.08357135,171.8103126,3G,0,0,0
10:16.7,Gardanibagh,25.55011357,85.07888921,-83.62527671,0,2.511611988,145.9008313,3G,0,0,0
25:52.7,Kidwaipuri,25.55255217,85.31003022,-82.24063892,0,1.806272167,101.4912185,3G,0,0,0
28:59.9,Kumhrar,25.71319425,85.08934404,-85.33487259,0,2.173745463,172.9797634,3G,0,0,0
41:28.8,Patliputra Colony,25.48375229,85.2437793,-85.1309222,0,2.969473689,199.4431801,3G,0,0,0
53:57.6,Pataliputra,25.52261008,85.19560071,-88.69931575,0,2.977417419,109.8974546,3G,0,0,0
09:33.7,Boring Canal Road,25.59606327,85.28272464,-88.08516557,0,1.730953872,134.3817866,3G,0,0,0
22:02.5,Phulwari Sharif,25.63816879,85.01644455,-86.32389527,0,1.032343219,105.555009,3G,0,0,0
31:24.1,Gardanibagh,25.56737015,85.0377051,-86.98145564,0,1.85298255,158.5401059,3G,0,0,0
37:38.6,Patliputra Colony,25.45597678,85.16692429,-85.61940975,0,1.524910318,188.4804609,3G,0,0,0
50:07.4,Exhibition Road,25.64585044,85.02997487,-88.25339266,0,2.893090006,107.2240355,3G,0,0,0
59:29.0,Patliputra Colony,25.45719415,85.12037191,-91.47140467,0,2.993134719,113.4508983,3G,0,0,0
11:57.9,Gardanibagh,25.6865145,85.1254093,-80.43889235,0,1.441170049,148.9294001,3G,0,0,0
15:05.1,Bankipore,25.61181625,85.20045769,-85.36762416,0,1.627186393,159.8791829,3G,0,0,0
24:26.7,Kidwaipuri,25.47169065,85.1863304,-85.68181809,0,2.821731076,185.3209832,3G,0,0,0
30:41.1,Bailey Road,25.51795084,85.02488644,-87.14901354,0,2.080433874,132.0968398,3G,0,0,0
46:17.2,Boring Road,25.60044386,85.10595629,-84.09555566,0,2.46273741,182.2831193,3G,0,0,0
52:31.6,Gandhi Maidan,25.61348331,85.1568704,-89.83288165,0,2.388312409,171.3237267,3G,0,0,0
14:22.1,Danapur,25.62667626,85.09757148,-89.34760968,0,1.430573033,147.9781217,3G,0,0,0
23:43.7,Anandpuri,25.45737334,85.18864126,-86.97704479,0,2.050741305,120.1103341,3G,0,0,0
26:50.9,Kankarbagh,25.47658966,85.09218521,-84.38430103,0,1.686105723,101.1351578,3G,0,0,0
39:19.8,Bailey Road,25.70519309,85.06916051,-84.07151701,0,1.669782192,127.9668372,3G,0,0,0
48:41.4,Anisabad,25.45018562,85.12594762,-79.0057167,0,2.178677382,164.1037778,3G,0,0,0
54:55.8,Patliputra Colony,25.52424271,85.26309287,-83.81693849,0,1.941162435,184.8128637,3G,0,0,0
07:24.6,Ashok Rajpath,25.46399629,85.06426475,-84.79191822,0,2.15113642,128.698468,3G,0,0,0
10:31.9,Anandpuri,25.59020105,85.10082119,-87.92036962,0,2.225369375,141.9661299,3G,0,0,0
23:00.7,Kumhrar,25.59325563,85.01086084,-82.99295213,0,2.946908607,131.6136949,3G,0,0,0
32:22.3,Patliputra Colony,25.50470097,85.23157558,-86.10376734,0,1.6306562,146.1943856,3G,0,0,0
00:27.2,Bailey Road,25.58936878,85.07383824,-84.4952046,0,1.311111157,139.0478298,3G,0,0,0
16:03.3,Danapur,25.52962648,85.29760423,-84.83288483,0,2.674177174,177.8464562,3G,0,0,0
22:17.7,Phulwari Sharif,25.67528261,85.22521031,-84.8498863,0,2.343935006,121.9581912,3G,0,0,0
02:51.4,Phulwari Sharif,25.73017124,85.05591818,-84.50429627,0,2.189355902,133.6054011,3G,0,0,0
09:05.8,Bankipore,25.539288,85.12567294,-82.75832278,0,1.313972597,107.6951072,3G,0,0,0
18:27.5,Boring Canal Road,25.48176788,85.18782733,-84.78170813,0,1.878605691,173.2578129,3G,0,0,0
40:17.9,Fraser Road,25.68606119,85.03782884,-89.74340731,0,1.049774944,150.7850433,3G,0,0,0
46:32.4,Patliputra Colony,25.64639412,85.20193939,-83.91136195,0,1.66709253,171.9344115,3G,0,0,0
49:39.6,Patliputra Colony,25.640311,85.19295206,-83.45889768,0,2.598974697,157.2945117,3G,0,0,0
02:08.4,Anandpuri,25.6344776,85.1237972,-88.41186104,0,1.927081461,146.6102333,3G,0,0,0
05:15.6,Boring Canal Road,25.63365997,85.21922942,-86.99836766,0,2.330136858,162.1411821,3G,0,0,0
08:22.8,Anandpuri,25.76019631,85.10694819,-86.81904495,0,2.75394123,110.0124503,3G,0,0,0
30:13.3,Gardanibagh,25.51096745,85.19838542,-87.27609631,0,1.907650098,133.1937004,3G,0,0,0
39:34.9,Bankipore,25.53574216,85.26320521,-89.14467127,0,1.024492749,167.7363145,3G,0,0,0
52:03.8,Phulwari Sharif,25.64866565,85.23784608,-80.50254051,0,1.105781689,184.8154493,3G,0,0,0
55:11.0,Boring Canal Road,25.72735918,85.20102711,-81.58322176,0,2.569806572,198.3460658,3G,0,0,0
07:39.8,Exhibition Road,25.68147427,85.00788701,-83.20255359,0,1.573200416,138.6932464,3G,0,0,0
00:42.4,Boring Canal Road,25.6559596,85.27425672,-83.16584486,0,2.579966643,134.376101,3G,0,0,0
03:49.6,Ashok Rajpath,25.53629641,85.10687991,-87.59164053,0,1.137407375,162.8451833,3G,0,0,0
28:47.3,Rajendra Nagar,25.62069635,85.25289074,-84.58456841,0,2.121776225,165.9956007,3G,0,0,0
44:23.3,Kankarbagh,25.73446289,85.21243145,-81.11018249,0,1.993361858,158.4529241,3G,0,0,0
53:45.0,Anisabad,25.46578855,85.14037717,-84.68042884,0,1.009898943,129.9191994,3G,0,0,0
03:06.6,Danapur,25.54400777,85.07428299,-87.76522761,0,2.585162743,155.2336912,3G,0,0,0
06:13.8,Gardanibagh,25.66196292,85.0534021,-84.57033662,0,1.938059633,163.2658955,3G,0,0,0
21:49.9,Bankipore,25.50915853,85.03301038,-86.91763397,0,1.831493274,191.2316792,3G,0,0,0
34:18.7,Boring Road,25.65174536,85.05298134,-90.42231739,0,2.902695247,147.3588847,3G,0,0,0
37:25.9,Anisabad,25.50585042,85.235429,-89.08208089,0,1.630215614,186.5394303,3G,0,0,0
56:09.2,Bankipore,25.51802874,85.01102964,-89.11352159,0,1.887910165,157.9462603,3G,0,0,0
02:23.6,Rajendra Nagar,25.57578795,85.26768966,-84.61791204,0,1.503612797,183.7325399,3G,0,0,0
08:38.0,Bailey Road,25.57534596,85.13529743,-82.34423789,0,2.274562785,180.8122606,3G,0,0,0
30:28.5,Danapur,25.61180536,85.29349248,-85.09027012,0,2.541763395,162.7347048,3G,0,0,0
49:11.7,Danapur,25.71794948,85.02152759,-84.93723891,0,1.56875099,189.5863038,3G,0,0,0
52:19.0,Bailey Road,25.62848377,85.21709995,-90.18650217,0,1.328606086,126.3189066,3G,0,0,0
04:47.8,Fraser Road,25.72652649,85.02274578,-81.67838318,0,1.765806221,193.4456862,3G,0,0,0
20:23.8,Boring Canal Road,25.46889905,85.19077372,-86.26056526,0,1.491272127,184.8810013,3G,0,0,0
39:07.1,Gandhi Maidan,25.63130751,85.19275688,-82.615753,0,2.32639176,163.1434321,3G,0,0,0
48:28.7,Danapur,25.45051988,85.19127688,-86.33583832,0,1.136144015,199.0205327,3G,0,0,0
51:36.0,Patliputra Colony,25.72042493,85.04645344,-81.05276505,0,1.651252259,158.0476625,3G,0,0,0
57:50.4,Anandpuri,25.60189238,85.16891388,-87.77207672,0,1.245288382,196.9857709,3G,0,0,0
00:57.6,Anandpuri,25.60637714,85.16023931,-86.16671911,0,2.597059284,148.9964806,3G,0,0,0
16:33.6,Kidwaipuri,25.71253365,85.02905455,-81.47804219,0,2.43114141,144.0076675,3G,0,0,0
38:24.1,Bailey Road,25.41800108,85.13080234,-80.56946771,0,1.092164953,126.7649339,3G,0,0,0
41:31.3,Gandhi Maidan,25.62438837,84.98770077,-93.4033909,0,2.692406514,112.3667557,3G,0,0,0
50:52.9,Bailey Road,25.60742064,85.04999509,-83.09476959,0,2.960751464,118.1777792,3G,0,0,0
00:14.6,Gardanibagh,25.75856212,85.20146458,-88.26035284,0,1.674324599,167.9672754,3G,0,0,0
03:21.8,Bailey Road,25.43995747,85.13406173,-83.40739321,0,1.922130885,199.5253532,3G,0,0,0
12:43.4,Fraser Road,25.57638557,85.08698011,-91.40042929,0,2.106854993,166.6619158,3G,0,0,0
15:50.6,Boring Road,25.55813565,84.99897715,-80.35902493,0,1.38217922,185.6594529,3G,0,0,0
50:09.9,Gardanibagh,25.68383881,85.25092896,-83.90689505,0,2.46212462,117.4452421,3G,0,0,0
46:19.7,Phulwari Sharif,25.74518245,85.09732399,-88.5083393,0,2.504115789,128.7251887,3G,0,0,0
52:34.1,Kankarbagh,25.60684754,85.06850659,-90.09973948,0,2.150643265,173.9144338,3G,0,0,0
42:29.5,Anandpuri,25.6826243,85.15421424,-93.05063612,0,2.203765334,190.0762847,3G,0,0,0
51:51.1,Danapur,25.4717628,85.1598893,-81.17637333,0,1.801263791,164.9516339,3G,0,0,0
07:27.2,Anisabad,25.72958567,85.06988167,-82.2847524,0,1.463824705,122.5229562,3G,0,0,0
10:34.4,Kumhrar,25.42303161,85.08265044,-86.61882737,0,2.557264589,130.5147768,3G,0,0,0
29:17.7,Kidwaipuri,25.48988334,85.00687809,-88.33724449,0,1.296651953,166.1981258,3G,0,0,0
00:29.8,Gandhi Maidan,25.51746698,85.13628304,-88.5405488,0,2.892190049,161.1519572,3G,0,0,0
41:03.5,Bankipore,25.57733341,85.05316978,-86.86372901,0,2.754548148,139.6311894,3G,0,0,0
15:22.8,Exhibition Road,25.60607499,85.14814901,-87.35508668,0,2.944288949,114.4038159,3G,0,0,0
34:06.1,Gandhi Maidan,25.47622324,85.07570997,-91.12902675,0,1.798569066,198.1237445,3G,0,0,0
40:20.5,Rajendra Nagar,25.76871733,85.0997125,-88.15591562,0,2.739304252,179.0935912,3G,0,0,0
55:56.5,Rajendra Nagar,25.66867644,85.12011779,-80.65154365,0,2.05177057,130.0206753,3G,0,0,0
08:25.4,Danapur,25.56533801,85.0025913,-91.08161697,0,1.110421185,111.6724679,3G,0,0,0
45:51.9,Ashok Rajpath,25.67730582,85.21864829,-86.42545612,0,1.161213133,179.80937,3G,0,0,0
52:06.3,Gardanibagh,25.46924131,85.08752133,-85.77660372,0,1.114470709,199.0084068,3G,0,0,0
55:13.5,Boring Road,25.70866517,85.05100011,-86.38462857,0,1.075556075,192.8314821,3G,0,0,0
58:20.7,Gardanibagh,25.69874133,85.2051428,-88.24438714,0,2.174537523,132.7531836,3G,0,0,0
04:35.2,Ashok Rajpath,25.45440779,85.22134748,-88.35378384,0,2.258864694,109.5891801,3G,0,0,0
10:49.6,Phulwari Sharif,25.6582399,85.21589059,-85.55770397,0,1.450849134,166.6740442,3G,0,0,0
13:56.8,Kumhrar,25.49222555,85.19458196,-88.20270262,0,1.66078305,199.899694,3G,0,0,0
17:04.0,Pataliputra,25.74797929,85.2149452,-83.8084293,0,2.860428638,101.1897184,3G,0,0,0
42:01.7,Rajendra Nagar,25.6980808,85.04270926,-84.36219228,0,1.678301369,187.5287983,3G,0,0,0
51:23.3,Kankarbagh,25.70416117,85.2022041,-95.41881552,0,2.616747471,137.2646072,3G,0,0,0
54:30.5,Anandpuri,25.4614061,85.24880911,-84.13874982,0,2.395814496,184.3821249,3G,0,0,0
03:52.2,Boring Road,25.67947983,85.15289408,-87.53232311,0,1.725680048,172.827176,3G,0,0,0
06:59.4,Phulwari Sharif,25.53377303,85.14379084,-84.21566199,0,2.70574882,192.4784178,3G,0,0,0
13:13.8,Kidwaipuri,25.46250836,85.17593102,-82.9342529,0,2.095927053,121.4704647,3G,0,0,0
25:42.6,Pataliputra,25.66666331,85.16579612,-85.63524066,0,1.162410594,114.3378647,3G,0,0,0
28:49.8,Boring Road,25.54912203,85.11161401,-85.76107394,0,2.074779535,106.2068187,3G,0,0,0
53:47.5,Danapur,25.6329516,85.15736259,-91.20666657,0,2.191580823,129.2114971,3G,0,0,0
00:01.9,Rajendra Nagar,25.58769932,84.96319093,-89.32759699,0,1.294313947,167.7477092,3G,0,0,0
06:16.4,Boring Road,25.76575764,85.18986788,-87.63096752,0,2.337612613,142.3441405,3G,0,0,0
09:23.6,Bankipore,25.63859423,85.26257421,-87.93883892,0,2.713393052,152.9568294,3G,0,0,0
21:52.4,Gandhi Maidan,25.55170799,85.24841453,-81.99081436,0,2.705133274,191.3747369,3G,0,0,0
28:06.8,Phulwari Sharif,25.55454065,85.26361925,-82.33462425,0,1.682045076,170.2328007,3G,0,0,0
43:42.9,Boring Road,25.43435825,85.20547035,-85.60256928,0,1.44399426,154.127694,3G,0,0,0
56:11.7,Patliputra Colony,25.61639651,85.27844215,-88.79699115,0,2.440692423,115.1830067,3G,0,0,0
21:09.4,Bailey Road,25.57313746,85.02907694,-84.93452807,0,1.973228395,193.7605834,3G,0,0,0
30:31.0,Pataliputra,25.63462189,85.1688443,-83.7385965,0,1.867205215,108.0034954,3G,0,0,0
39:52.7,Bailey Road,25.52808904,85.23282236,-85.484948,0,1.522495491,187.6407823,3G,0,0,0
49:14.3,Ashok Rajpath,25.58106776,85.28973088,-82.40743723,0,1.749549798,108.5085383,3G,0,0,0
52:21.5,Exhibition Road,25.49896778,85.12904505,-87.07240454,0,2.691088322,143.7720658,3G,0,0,0
11:04.8,Pataliputra,25.56989933,85.29378367,-88.71618759,0,2.396238625,179.988356,3G,0,0,0
14:12.0,Danapur,25.512881,85.04603257,-82.14726844,0,1.904590536,138.9301335,3G,0,0,0
23:33.6,Anandpuri,25.54416962,85.30241313,-82.48939951,0,2.253427794,188.4368586,3G,0,0,0
26:40.8,Gardanibagh,25.55843443,85.10085325,-85.59412905,0,2.683756728,104.0010748,3G,0,0,0
48:31.3,Gardanibagh,25.45899067,85.12979555,-85.13298932,0,1.265502251,151.4556744,3G,0,0,0
51:38.5,Gandhi Maidan,25.4834007,85.01852164,-86.74920593,0,2.788297867,158.6239799,3G,0,0,0
13:29.0,Bankipore,25.45836131,85.16847911,-86.17596909,0,1.742591299,107.2815555,3G,0,0,0
16:36.2,Gandhi Maidan,25.43808513,85.08532867,-81.68047037,0,2.176969698,183.4719865,3G,0,0,0
32:12.2,S.K. Puri,25.62619613,85.21602724,-85.88384134,0,1.252241762,197.2673475,3G,0,0,0
38:26.6,Rajendra Nagar,25.45923032,85.05918555,-82.53732256,0,2.481332826,113.8349386,3G,0,0,0
54:02.7,Exhibition Road,25.56504878,85.10290341,-80.64776494,0,1.597675615,187.3033262,3G,0,0,0
09:38.7,Rajendra Nagar,25.70622769,85.26207549,-86.67292663,0,1.663304953,164.4869954,3G,0,0,0
15:53.2,Danapur,25.4658705,85.05519814,-84.11154488,0,2.376409309,139.8434124,3G,0,0,0
28:22.0,Phulwari Sharif,25.53429139,85.10050857,-84.57075769,0,2.76640661,114.3911571,3G,0,0,0
40:50.9,Bailey Road,25.58031994,85.19599431,-83.13303826,0,2.655844971,185.0243841,3G,0,0,0
43:58.1,Boring Canal Road,25.74122241,85.0885075,-88.71366466,0,2.27594952,137.6832096,3G,0,0,0
59:34.1,Kidwaipuri,25.48056068,85.11610996,-84.60748539,0,2.462526583,123.5122763,3G,0,0,0
21:24.6,Fraser Road,25.60679142,85.31426905,-86.31344834,0,2.155041218,125.7835323,3G,0,0,0
40:07.8,Patliputra Colony,25.55727396,84.98286641,-84.9813263,0,1.127859568,129.3551835,3G,0,0,0
17:34.4,Bankipore,25.6217912,84.97234657,-82.57079547,0,1.977696859,100.1752864,3G,0,0,0
20:41.6,Phulwari Sharif,25.47579517,85.21322522,-81.78884717,0,2.184389591,145.5596606,3G,0,0,0
33:10.4,Anandpuri,25.51795676,85.1321585,-84.05333391,0,2.882905087,162.0283392,3G,0,0,0
39:24.8,Fraser Road,25.55775652,85.29637869,-83.02862547,0,1.06102481,168.0884643,3G,0,0,0
42:32.0,Gandhi Maidan,25.47433038,85.25117163,-88.33762407,0,2.299958179,139.4888857,3G,0,0,0
48:46.5,Boring Canal Road,25.66273874,85.11981508,-81.8997531,0,1.807044666,169.6477364,3G,0,0,0
51:53.7,Phulwari Sharif,25.75203292,85.1177596,-87.38783169,0,1.092433784,184.6077949,3G,0,0,0
01:15.3,Kankarbagh,25.57546369,85.0163492,-86.89564785,0,2.082371659,107.5111446,3G,0,0,0
07:29.7,Anandpuri,25.66604441,85.19451885,-88.62264394,0,2.233552051,101.3337507,3G,0,0,0
32:27.4,Kidwaipuri,25.59337931,84.97836273,-78.91414549,0,2.733531634,172.457929,3G,0,0,0
41:49.0,Gardanibagh,25.61689935,85.03837854,-82.63916477,0,2.808760466,108.8199233,3G,0,0,0
16:08.4,Bailey Road,25.48532546,85.24579458,-82.5298564,0,1.84550971,156.4173591,3G,0,0,0
34:51.6,Ashok Rajpath,25.44053933,85.18386662,-87.09259628,0,2.012166565,125.9764536,3G,0,0,0
47:20.5,Anisabad,25.45278676,85.04670074,-84.01415469,0,1.800541309,161.2187748,3G,0,0,0
02:56.5,Bankipore,25.64964761,85.13722335,-81.41008195,0,1.196795444,176.31481,3G,0,0,0
15:25.3,Fraser Road,25.58134411,84.97501067,-83.62924111,0,1.522124968,161.1635889,3G,0,0,0
21:39.8,Pataliputra,25.61348411,85.09772014,-83.52372853,0,1.075127566,157.5595567,3G,0,0,0
24:47.0,Bankipore,25.63594828,85.24870237,-84.74119343,0,1.901133541,115.27061,3G,0,0,0
27:54.2,Kidwaipuri,25.62566605,85.08451881,-81.85953328,0,2.134202912,170.7141691,3G,0,0,0
34:08.6,Gardanibagh,25.51991745,85.13914984,-89.85967767,0,2.122215448,178.0919023,3G,0,0,0
43:30.2,Ashok Rajpath,25.55434662,85.07424972,-80.32748975,0,2.528285499,189.7103975,3G,0,0,0
49:44.7,Kumhrar,25.48436854,85.24694629,-80.95407418,0,2.258210271,186.5965509,3G,0,0,0
59:06.3,Kidwaipuri,25.44973404,85.20277664,-87.0483634,0,2.07822343,101.7380356,3G,0,0,0
11:35.1,Patliputra Colony,25.58774468,85.17428266,-87.21934911,0,1.372678777,176.234006,3G,0,0,0
14:42.3,Anisabad,25.57247431,85.21874994,-83.81007959,0,1.081450021,174.8531036,3G,0,0,0
17:49.5,Exhibition Road,25.66957075,85.04042085,-86.89551459,0,1.579692693,100.8376033,3G,0,0,0
20:56.8,Boring Canal Road,25.63350717,85.08302413,-82.01086567,0,1.578410492,141.6885846,3G,0,0,0
30:18.4,Bankipore,25.7238768,85.16137987,-80.98838875,0,2.852289625,109.6554681,3G,0,0,0
13:59.3,Bankipore,25.63449464,85.24324398,-86.39841678,0,2.208257418,173.5647347,3G,0,0,0
17:06.5,Bailey Road,25.66271068,85.28167773,-88.04760759,0,1.935240558,142.4901646,3G,0,0,0
42:04.2,Fraser Road,25.51291861,85.1604916,-84.21642536,0,1.558896206,159.9652232,3G,0,0,0
45:11.4,Exhibition Road,25.52623349,85.09372186,-79.81790562,0,1.213182705,128.8287275,3G,0,0,0
00:47.5,Ashok Rajpath,25.48457865,85.17999958,-86.41901524,0,2.035353489,116.4292804,3G,0,0,0
03:54.7,S.K. Puri,25.67228228,84.98747171,-80.93528529,0,1.662493036,165.3270976,3G,0,0,0
31:59.6,Boring Canal Road,25.67370961,84.99176015,-86.88576812,0,2.07775719,166.4661832,3G,0,0,0
41:21.2,Phulwari Sharif,25.52786755,85.1624203,-84.31184376,0,2.674485527,190.716505,3G,0,0,0
53:50.1,Bailey Road,25.56312581,85.03320742,-88.36715628,0,2.023798488,134.0201995,3G,0,0,0
03:11.7,Ashok Rajpath,25.67885907,85.20909197,-85.02745994,0,2.073781664,105.8949399,3G,0,0,0
18:47.7,Pataliputra,25.54242297,85.18514352,-84.72881272,0,2.328202361,192.6321817,3G,0,0,0
40:38.2,Kumhrar,25.51797931,85.13663607,-89.50140911,0,2.077126795,106.2027771,3G,0,0,0
53:07.1,Kankarbagh,25.62198381,85.02741745,-87.92919109,0,2.38548691,162.7856433,3G,0,0,0
27:26.4,S.K. Puri,25.61318434,85.21140828,-84.89894155,0,2.154485067,178.5914165,3G,0,0,0
36:48.0,Boring Road,25.73323071,85.16853453,-83.72276023,0,2.554441893,151.4952147,3G,0,0,0
39:55.2,Fraser Road,25.51359227,85.28517714,-82.01323705,0,2.453733132,189.8004843,3G,0,0,0
58:38.5,Gardanibagh,25.57098344,85.25062301,-86.05582644,0,1.517792894,101.8031582,3G,0,0,0
32:57.8,Bailey Road,25.60920449,85.24670877,-85.5187773,0,1.741888653,182.583615,3G,0,0,0
36:05.0,S.K. Puri,25.55952515,85.02932047,-82.14191869,0,1.779284955,191.3310474,3G,0,0,0
45:26.6,Anandpuri,25.48992893,85.2625544,-86.85110589,0,1.797339097,119.5091995,3G,0,0,0
57:55.5,Patliputra Colony,25.73229883,85.20184082,-83.27856592,0,1.943510368,170.8371269,3G,0,0,0
10:24.3,Kumhrar,25.54666656,85.29286661,-82.58878707,0,2.79514271,139.5754681,3G,0,0,0
16:38.7,Bankipore,25.51212004,85.26130905,-87.12326942,0,1.311776778,110.4839502,3G,0,0,0
22:53.1,Anisabad,25.66168577,85.14686412,-81.74466193,0,1.691527256,173.475235,3G,0,0,0
35:22.0,Bankipore,25.63257613,85.11533837,-85.11236894,0,2.244042779,172.2650031,3G,0,0,0
54:05.2,Kidwaipuri,25.56171535,85.05977937,-85.17095042,0,2.72633884,144.1703077,3G,0,0,0
03:26.9,Gardanibagh,25.45038584,85.19630717,-84.1155749,0,1.97922098,185.3638179,3G,0,0,0
05:51.1,Bankipore,25.67823828,85.01873363,-82.70937938,0,2.274936827,103.3005234,3G,0,0,0
18:19.9,Anisabad,25.61369974,85.24085554,-81.1937581,0,2.75521432,149.1520964,3G,0,0,0
27:41.5,Fraser Road,25.44982511,85.15009808,-83.42229277,0,2.467398666,184.62421,3G,0,0,0
46:24.8,Boring Road,25.65387572,85.14345997,-83.91798846,0,2.380893634,165.6538418,3G,0,0,0
49:32.0,Danapur,25.5868639,84.98440491,-81.35948815,0,2.145630509,113.8117007,3G,0,0,0
52:39.2,Ashok Rajpath,25.56783563,85.0969789,-84.63394925,0,2.867474711,171.148426,3G,0,0,0
08:15.3,Boring Canal Road,25.74632553,85.06450554,-89.49035573,0,2.250489339,115.3846006,3G,0,0,0
11:22.5,Gandhi Maidan,25.5039948,85.09734948,-83.65808401,0,2.66780389,118.2158619,3G,0,0,0
23:51.3,Anisabad,25.6367025,85.21214871,-91.02496764,0,1.332598533,169.8843181,3G,0,0,0
45:41.8,Kankarbagh,25.63266031,85.00890289,-84.13068146,0,1.193223498,151.831197,3G,0,0,0
51:56.2,Boring Canal Road,25.66984026,85.13172014,-84.067802,0,1.5896355,103.6687798,3G,0,0,0
55:03.4,Patliputra Colony,25.67836224,85.18538548,-87.58114545,0,2.993612446,166.4302033,3G,0,0,0
10:39.5,Boring Road,25.6184921,85.02396862,-89.94632145,0,1.577400947,143.5583292,3G,0,0,0
48:06.0,Bankipore,25.69942764,85.10905383,-83.37131979,0,1.836685113,110.5149782,3G,0,0,0
19:18.1,Anisabad,25.75184428,85.05750396,-91.4065319,0,2.392663892,148.7430937,3G,0,0,0
25:32.5,Phulwari Sharif,25.6044287,85.01646027,-83.46397917,0,2.389117767,142.4861868,3G,0,0,0
28:39.7,Gandhi Maidan,25.71683436,85.15192957,-91.17324846,0,2.811224134,104.829575,3G,0,0,0
31:46.9,Anandpuri,25.60055795,84.99551957,-84.22371185,0,2.795214883,167.3234885,3G,0,0,0
53:37.4,Danapur,25.72464692,85.11494753,-82.10881566,0,2.601576282,117.8130426,3G,0,0,0
21:42.3,Gandhi Maidan,25.52612545,85.09112214,-86.60983604,0,1.865453341,174.7879091,3G,0,0,0
37:18.4,Anisabad,25.56021398,85.172993,-86.07475286,0,2.341550275,113.3326403,3G,0,0,0
40:25.6,Pataliputra,25.60689572,85.06452179,-84.4605405,0,2.971193682,138.3498286,3G,0,0,0
20:59.3,Gardanibagh,25.48607409,85.14191113,-81.53368934,0,2.094835679,122.466302,3G,0,0,0
55:18.6,Anandpuri,25.70883683,85.11435734,-86.90929011,0,2.565117147,193.0448247,3G,0,0,0
58:25.8,Boring Canal Road,25.52801904,85.26619609,-83.45186276,0,2.304612162,147.6667229,3G,0,0,0
04:40.2,Boring Canal Road,25.753959,85.05658369,-79.89701089,0,2.86207385,105.5832864,3G,0,0,0
14:01.9,Kidwaipuri,25.58834003,85.04073923,-84.39683722,0,2.007850238,198.963101,3G,0,0,0
23:23.5,Exhibition Road,25.57307869,84.99484359,-84.27322791,0,2.560253637,163.765843,3G,0,0,0
32:45.1,Rajendra Nagar,25.73481092,85.2225825,-84.5669958,0,1.446959737,160.6526234,3G,0,0,0
54:35.6,Boring Canal Road,25.49048546,85.19629978,-85.34877671,0,2.014778595,168.673728,3G,0,0,0
32:02.1,Boring Road,25.76708368,85.12830903,-82.90764864,0,1.842263289,111.8523893,3G,0,0,0
35:09.3,Bailey Road,25.70807224,85.17279776,-87.1650909,0,2.61568779,172.734911,3G,0,0,0
03:14.2,Ashok Rajpath,25.6840672,85.11669267,-85.07394472,0,2.183343688,104.9638417,3G,0,0,0
43:48.0,Ashok Rajpath,25.69007091,84.99727845,-81.15274202,0,1.042695872,153.4914354,3G,0,0,0
53:09.6,Boring Road,25.51036817,85.04084392,-82.89192595,0,2.808381584,164.0227889,3G,0,0,0
52:26.6,Patliputra Colony,25.52486479,85.02013734,-85.61639348,0,1.774757484,161.9740495,3G,0,0,0
58:41.0,Bailey Road,25.61474213,85.14077389,-83.36307567,0,2.347655279,117.1117793,3G,0,0,0
01:48.2,Kankarbagh,25.63303712,84.97788992,-85.21852472,0,2.4859546,169.3480551,3G,0,0,0
23:38.7,S.K. Puri,25.69793032,85.23450351,-88.33979865,0,1.050508204,169.04247,3G,0,0,0
39:14.7,Boring Road,25.68432076,85.13903884,-85.70963693,0,2.800650161,142.9056652,3G,0,0,0
51:43.6,Pataliputra,25.71306259,85.24035939,-85.41369997,0,1.471333221,108.1975667,3G,0,0,0
26:02.9,Anandpuri,25.61750415,85.07372371,-86.70688608,0,1.974059322,146.5774254,3G,0,0,0
41:38.9,Kumhrar,25.50098289,85.28536769,-89.76974226,0,2.949695509,110.9840285,3G,0,0,0
44:46.2,Fraser Road,25.60946356,85.13830382,-83.57501396,0,1.000423286,147.9937348,3G,0,0,0
47:53.4,Gandhi Maidan,25.46183614,85.23616393,-87.81291979,0,1.740196357,169.819062,3G,0,0,0
57:15.0,Phulwari Sharif,25.63433632,85.19129373,-88.08917708,0,2.575158142,172.6504674,3G,0,0,0
06:36.6,Fraser Road,25.55696497,85.06514115,-81.00668329,0,2.35210789,112.6752385,3G,0,0,0
22:12.7,Boring Road,25.6692287,85.22096639,-81.77590132,0,2.523591452,168.849872,3G,0,0,0
53:24.8,Bankipore,25.75396762,85.21589331,-82.57811722,0,2.340627585,131.9468849,3G,0,0,0
59:39.2,Ashok Rajpath,25.59181104,85.11196404,-80.64029454,0,1.502703951,135.4875082,3G,0,0,0
02:46.4,Phulwari Sharif,25.68397007,85.19259687,-86.32037025,0,1.583578521,108.413609,3G,0,0,0
05:53.6,Rajendra Nagar,25.70601522,85.06454828,-84.70957607,0,2.169005597,114.0020226,3G,0,0,0
12:08.0,Gardanibagh,25.59373042,85.11340722,-85.34894251,0,1.391400934,168.6669589,3G,0,0,0
21:29.7,Patliputra Colony,25.63610829,85.29998,-85.71497001,0,1.687828159,190.4124566,3G,0,0,0
49:34.6,Kidwaipuri,25.51499611,84.98718375,-87.07688436,0,2.944861758,144.3396555,3G,0,0,0
52:41.8,Exhibition Road,25.52934112,85.04628365,-84.55723796,0,1.349807971,103.7859247,3G,0,0,0
08:17.8,Patliputra Colony,25.4395572,85.15783541,-86.37006862,0,2.971049626,179.4458708,3G,0,0,0
17:39.5,Patliputra Colony,25.59340118,85.29534398,-85.48485116,0,1.251778619,107.7859472,3G,0,0,0
33:15.5,Bankipore,25.54854407,85.28219084,-87.53781907,0,1.003511641,114.1369192,3G,0,0,0
42:37.1,Pataliputra,25.57860252,85.30530111,-86.42851961,0,2.34120847,110.6291379,3G,0,0,0
51:58.8,Kankarbagh,25.61232083,85.18087281,-85.03764161,0,2.165204772,118.4815415,3G,0,0,0
58:13.2,Boring Road,25.61339024,85.17417476,-85.24105642,0,2.657993267,140.0615049,3G,0,0,0
04:27.6,Gandhi Maidan,25.54427246,85.19359581,-84.63633147,0,1.267736601,124.4390328,3G,0,0,0
13:06.2,Gandhi Maidan,25.4713817,85.02349511,-83.59218225,0,2.155917772,156.9619147,3G,0,0,0
03:01.6,Fraser Road,25.49904275,85.2101737,-86.61516725,0,1.551667541,154.1031053,3G,0,0,0
06:08.8,Ashok Rajpath,25.60760081,85.28558392,-87.30258412,0,1.568821381,151.596672,3G,0,0,0
09:16.0,S.K. Puri,25.71087193,85.05643113,-83.63775898,0,2.50766931,141.5637643,3G,0,0,0
12:23.2,Danapur,25.66561739,85.29527102,-89.86323923,0,1.741830883,129.9676914,3G,0,0,0
18:37.6,S.K. Puri,25.59938599,85.05296869,-82.89026808,0,1.726057968,110.0639504,3G,0,0,0
27:59.3,Kidwaipuri,25.7088587,85.23894522,-87.15028993,0,2.570475181,103.1404109,3G,0,0,0
34:13.7,Phulwari Sharif,25.58783258,84.97668287,-82.05721685,0,2.332279667,126.0292246,3G,0,0,0
17:54.6,Danapur,25.7288568,85.23706798,-80.33268789,0,2.399364577,110.7945428,3G,0,0,0
24:09.1,S.K. Puri,25.74579742,85.19611795,-79.91480681,0,2.868185239,158.0020127,3G,0,0,0
30:23.5,Boring Canal Road,25.67088908,85.28118141,-80.74600604,0,2.717588604,113.1518984,3G,0,0,0
39:45.1,Exhibition Road,25.5298606,85.21785257,-87.6472934,0,2.690894153,197.1388315,3G,0,0,0
58:28.4,Danapur,25.4830937,85.18345609,-88.03913037,0,2.062491979,189.8541959,3G,0,0,0
04:42.8,Anandpuri,25.45180006,85.14089993,-83.56623475,0,1.012024088,146.8193673,3G,0,0,0
10:57.2,Bailey Road,25.63738707,85.08545274,-83.8749207,0,2.176366645,104.7603196,3G,0,0,0
17:11.6,Anisabad,25.50578517,85.14177256,-88.47742298,0,1.270710726,141.7622003,3G,0,0,0
20:18.8,Kumhrar,25.61483497,85.05852757,-85.78502715,0,1.21874477,159.1843913,3G,0,0,0
48:23.7,S.K. Puri,25.48481862,85.10833138,-84.88463024,0,1.716490879,195.5574279,3G,0,0,0
51:30.9,Ashok Rajpath,25.48118693,85.09769483,-80.49505587,0,2.849274075,175.882824,3G,0,0,0
57:45.4,Gardanibagh,25.64692643,85.07848003,-88.12733318,0,2.900028249,108.5830492,3G,0,0,0
13:21.4,Fraser Road,25.5349517,85.15996786,-85.51213159,0,2.184348208,169.346534,3G,0,0,0
44:33.5,Rajendra Nagar,25.60480415,85.22157337,-86.99458222,0,2.501928317,105.4855365,3G,0,0,0
47:40.7,Danapur,25.53107292,85.0064617,-85.66276099,0,1.894317628,165.6504435,3G,0,0,0
34:28.9,Danapur,25.45213591,85.08287064,-86.87388033,0,1.260109969,121.5348332,3G,0,0,0
18:09.8,Patliputra Colony,25.51724052,85.24519511,-85.68595726,0,1.957623831,123.0762607,3G,0,0,0
27:31.4,Boring Road,25.61809217,85.09255982,-83.71233797,0,2.794807612,150.9825002,3G,0,0,0
30:38.7,Bankipore,25.66322692,85.25727948,-90.05911956,0,2.873636564,155.7200798,3G,0,0,0
36:53.1,Gandhi Maidan,25.68640281,85.03739198,-87.99147105,0,1.271236044,108.6512641,3G,0,0,0
52:29.1,Danapur,25.52979847,85.07163639,-84.81549051,0,2.129193538,164.8968767,3G,0,0,0
55:36.3,S.K. Puri,25.52119811,85.00688895,-88.4396659,0,2.630466979,127.4288768,3G,0,0,0
01:50.8,Bailey Road,25.5657401,85.17073059,-82.81112156,0,1.752569367,166.3744048,3G,0,0,0
08:05.2,Ashok Rajpath,25.58095241,85.03743685,-83.66319129,0,2.063111017,135.1258473,3G,0,0,0
14:19.6,Patliputra Colony,25.58306847,85.20303167,-91.03217789,0,2.139592592,130.5806054,3G,0,0,0
23:41.2,Kankarbagh,25.7443865,85.22217009,-88.35131828,0,2.914084912,121.371685,3G,0,0,0
48:38.9,Patliputra Colony,25.7591827,85.15056299,-82.29054212,0,1.191428171,108.6976253,3G,0,0,0
01:07.8,Boring Road,25.58452823,85.24779213,-81.31781263,0,1.731001558,147.5212192,3G,0,0,0
07:22.2,Boring Road,25.55966499,85.11982305,-84.32060914,0,1.754367977,145.3441305,3G,0,0,0
13:36.6,Gandhi Maidan,25.50245951,85.23245171,-84.40278107,0,1.022366821,192.8529147,3G,0,0,0
38:34.3,Gardanibagh,25.687393,85.11343452,-82.86171379,0,1.908480882,126.802836,3G,0,0,0
03:32.0,Anisabad,25.45696667,85.03078427,-88.1716344,0,2.919802176,150.1282734,3G,0,0,0
12:53.6,Gandhi Maidan,25.6482829,85.26106441,-85.65557246,0,2.613288393,130.9617898,3G,0,0,0
28:29.6,Boring Canal Road,25.4754894,85.19311677,-80.62628615,0,2.461290166,178.2039746,3G,0,0,0
09:03.4,Boring Canal Road,25.45600154,85.23500723,-84.42765511,0,1.192339674,143.6713287,3G,0,0,0
15:17.8,Anisabad,25.67699556,85.28504308,-85.36072806,0,1.478125617,173.1440938,3G,0,0,0
18:25.0,Gardanibagh,25.53378249,85.12127698,-80.30723838,0,2.947822643,108.1007636,3G,0,0,0
24:39.4,Gardanibagh,25.6510474,85.2744746,-79.23048496,0,1.019941071,170.423544,3G,0,0,0
30:53.8,Phulwari Sharif,25.6680474,85.06111421,-82.80660742,0,2.710696811,135.840806,3G,0,0,0
37:08.3,Anandpuri,25.5644395,85.28197369,-85.19864592,0,2.614124124,130.9194541,3G,0,0,0
46:29.9,Kankarbagh,25.60789701,85.25825167,-82.62482222,0,2.35154372,136.960161,3G,0,0,0
39:32.5,Gandhi Maidan,25.67239458,85.05464277,-87.35893004,0,2.157429822,108.3824449,3G,0,0,0
48:54.1,Rajendra Nagar,25.73773715,85.08741988,-86.20818211,0,1.704231501,167.808868,3G,0,0,0
52:01.3,Kumhrar,25.48890075,85.1852952,-83.17451676,0,2.380711738,124.0346837,3G,0,0,0
16:59.0,Rajendra Nagar,25.46709175,85.2223254,-86.61482017,0,2.662107608,165.6998431,3G,0,0,0
26:20.6,Boring Road,25.52654731,85.28930666,-80.10022013,0,1.575731712,111.8124501,3G,0,0,0
32:35.0,Kumhrar,25.47873131,85.06177413,-86.01903028,0,2.260752996,162.9208957,3G,0,0,0
16:16.0,Danapur,25.6890619,85.03642922,-88.13041745,0,2.304547458,196.5377959,3G,0,0,0
34:59.2,Rajendra Nagar,25.63936975,85.0077036,-84.90991074,0,1.899344971,134.3649948,3G,0,0,0
38:06.5,Kankarbagh,25.52843701,85.1222977,-85.74007035,0,2.433688932,182.1861422,3G,0,0,0
44:20.9,Bailey Road,25.4512827,85.09558783,-82.02070239,0,1.9745843,119.6227135,3G,0,0,0
47:28.1,Kankarbagh,25.48731317,85.02159799,-86.54656769,0,2.029680354,191.384964,3G,0,0,0
50:35.3,Ashok Rajpath,25.75494701,85.21362551,-80.95678636,0,1.710807231,187.8351065,3G,0,0,0
59:56.9,Kankarbagh,25.65557883,85.15770533,-78.75868833,0,2.110802972,118.9629947,3G,0,0,0
03:04.1,Rajendra Nagar,25.48527865,85.1798199,-85.31983569,0,1.925253093,168.88792,3G,0,0,0
24:54.6,Bankipore,25.47233541,85.04728513,-88.79134496,0,1.278976159,102.5180714,3G,0,0,0
52:59.5,Bailey Road,25.68883803,85.22964793,-82.31110127,0,1.802580938,107.7335829,3G,0,0,0
11:42.8,Rajendra Nagar,25.60142504,85.12312974,-86.89086943,0,1.356821861,111.0988006,3G,0,0,0
14:50.0,Ashok Rajpath,25.52503893,85.17540103,-85.82964108,0,1.636992222,167.7553603,3G,0,0,0
33:33.2,Boring Canal Road,25.6959395,85.27322228,-88.47640155,0,2.152482508,128.4435041,3G,0,0,0
42:54.9,Bailey Road,25.54862546,85.03810141,-88.51255175,0,2.515847728,186.5350456,3G,0,0,0
55:23.7,Gardanibagh,25.52002313,85.07826634,-83.57125824,0,2.726408758,139.8096459,3G,0,0,0
10:59.8,Anandpuri,25.68749897,85.22487044,-83.25293088,0,1.591421664,193.2796995,3G,0,0,0
29:43.0,Exhibition Road,25.53823585,85.21085116,-90.80521558,0,1.604341557,160.7347568,3G,0,0,0
48:26.3,Danapur,25.7494236,85.10167844,-84.8439492,0,2.277931665,117.1447436,3G,0,0,0
54:40.7,Bankipore,25.41683479,85.11855692,-89.56792739,0,2.205577627,105.3932365,3G,0,0,0
00:55.1,Fraser Road,25.52137628,85.07726522,-84.47647236,0,2.853308758,188.6376304,3G,0,0,0
41:28.8,Exhibition Road,25.59002202,85.2377535,-83.25757975,0,2.474015225,138.6925982,3G,0,0,0
00:12.1,Pataliputra,25.5563316,85.09725843,-79.86999626,0,1.341026828,116.1447686,3G,0,0,0
12:40.9,Gardanibagh,25.7356912,85.07688236,-91.27257807,0,1.178187227,108.7124591,3G,0,0,0
31:24.2,Pataliputra,25.53860893,85.17320172,-87.57787993,0,2.388911485,196.1900204,3G,0,0,0
37:38.6,Pataliputra,25.53469729,85.21039823,-87.74606104,0,1.182180491,125.1926486,3G,0,0,0
40:45.8,Patliputra Colony,25.76311869,85.17987275,-83.1765862,0,1.590545017,117.7119625,3G,0,0,0
50:07.5,Pataliputra,25.58573894,85.01774877,-89.16354059,0,2.402244222,106.9894985,3G,0,0,0
56:21.9,Danapur,25.56422915,84.97030045,-85.48084633,0,1.912252913,113.2396074,3G,0,0,0
05:43.5,Patliputra Colony,25.4164496,85.12619558,-84.28874133,0,2.194710076,135.8872259,3G,0,0,0
08:50.7,Pataliputra,25.51938407,85.17620918,-79.15931868,0,2.264661517,122.4620337,3G,0,0,0
18:12.4,Fraser Road,25.63156448,85.03311728,-90.44458759,0,1.386729928,196.9047504,3G,0,0,0
21:19.6,Exhibition Road,25.48776894,84.99570943,-85.35128673,0,1.569856224,179.9452573,3G,0,0,0
27:34.0,Exhibition Road,25.59561186,85.31405562,-88.76220285,0,2.199269315,124.8786291,3G,0,0,0
33:48.4,Gandhi Maidan,25.50307697,85.20837816,-89.43033983,0,1.738964591,174.27031,3G,0,0,0
55:38.9,Boring Canal Road,25.61165848,85.13814908,-82.64368283,0,1.295256886,100.30897,3G,0,0,0
01:53.3,Fraser Road,25.55258403,85.29749663,-84.71144666,0,1.29988205,177.9820038,3G,0,0,0
05:00.5,S.K. Puri,25.50700373,85.13751511,-84.65824802,0,1.711886632,107.9211762,3G,0,0,0
42:27.0,Gardanibagh,25.60744529,85.17275538,-83.55866744,0,2.648653176,180.4878724,3G,0,0,0
51:48.7,Anisabad,25.75563721,85.20127036,-78.67967241,0,1.354842038,147.000076,3G,0,0,0
54:55.9,Pataliputra,25.42255184,85.09054569,-87.06556127,0,2.206894803,176.9478712,3G,0,0,0
04:17.5,Phulwari Sharif,25.51867857,85.2462161,-80.24240965,0,2.583496863,198.9722246,3G,0,0,0
47:58.5,Kidwaipuri,25.70739353,85.07531335,-87.10866739,0,1.48180013,180.4334071,3G,0,0,0
54:12.9,Fraser Road,25.47596266,85.25539262,-87.95398069,0,2.302752502,123.180057,3G,0,0,0
03:34.5,Kumhrar,25.6510058,85.03098814,-81.36768006,0,2.493045887,150.6224978,3G,0,0,0
25:25.0,Gardanibagh,25.57543442,85.14630169,-87.96859022,0,2.628557133,149.3061952,3G,0,0,0
37:53.8,Anandpuri,25.6501656,85.2552228,-87.96172289,0,1.795465443,154.0224464,3G,0,0,0
59:44.3,Bailey Road,25.67408187,85.04027544,-85.54424341,0,1.231533501,161.3580201,3G,0,0,0
09:05.9,Anandpuri,25.50378642,85.12768447,-82.02404678,0,2.790383013,182.08495,3G,0,0,0
15:20.3,Kankarbagh,25.71580267,85.06680492,-90.27001723,0,1.729663281,194.2363038,3G,0,0,0
21:34.8,Pataliputra,25.67503493,85.19777231,-85.68124797,0,2.923118324,177.9182997,3G,0,0,0
46:32.4,Exhibition Road,25.44985225,85.21309726,-83.33882409,0,2.385581574,119.4002003,3G,0,0,0
52:46.9,Kidwaipuri,25.64243523,85.06507438,-85.75378465,0,1.301456486,128.0112942,3G,0,0,0
11:30.1,Phulwari Sharif,25.58618829,85.06133062,-78.68889866,0,2.499869867,124.6420467,3G,0,0,0
20:51.7,Danapur,25.49209118,85.0399027,-84.36334172,0,1.351162129,142.7346385,3G,0,0,0
23:59.0,Phulwari Sharif,25.58479312,85.27016818,-85.5914724,0,1.215832571,178.078668,3G,0,0,0
27:06.2,Bankipore,25.43540973,85.16871579,-86.6993479,0,1.016121351,187.862827,3G,0,0,0
30:13.4,Boring Road,25.41873177,85.11533213,-84.62724504,0,1.623555537,144.3959946,3G,0,0,0
32:37.6,Kumhrar,25.61572915,85.10526172,-78.84473904,0,1.28491316,139.7306682,3G,0,0,0
19:25.7,Rajendra Nagar,25.74575025,85.18357248,-85.38894163,0,1.350789748,167.5393014,3G,0,0,0
25:40.2,Phulwari Sharif,25.64509819,85.2451805,-85.93293311,0,1.392948991,116.2217231,3G,0,0,0
44:23.4,Ashok Rajpath,25.65689793,85.21073407,-79.57194933,0,1.67172364,108.823633,3G,0,0,0
56:52.3,Kidwaipuri,25.61644918,84.98888587,-87.10517778,0,1.099966786,192.8026083,3G,0,0,0
06:13.9,Bailey Road,25.58407676,85.08545776,-82.55691602,0,1.793351831,123.5205788,3G,0,0,0
15:35.5,S.K. Puri,25.5749144,85.20194633,-86.37449885,0,1.656840356,178.4038584,3G,0,0,0
18:42.7,Exhibition Road,25.52984266,85.07211606,-84.39878261,0,2.639341883,197.8871363,3G,0,0,0
31:11.6,Rajendra Nagar,25.43012225,85.15872188,-87.18547538,0,2.582668185,163.209909,3G,0,0,0
43:40.4,Pataliputra,25.53807349,85.26235486,-81.18763143,0,2.528462901,113.6600875,3G,0,0,0
46:47.6,Anisabad,25.56068558,85.1491382,-89.05116037,0,2.248108947,151.8743403,3G,0,0,0
49:54.8,Anandpuri,25.75206796,85.18205453,-86.3493326,0,1.056289639,176.2418994,3G,0,0,0
59:16.5,Gandhi Maidan,25.44883689,85.12661426,-82.73254124,0,2.659023417,113.0930318,3G,0,0,0
08:38.1,Kumhrar,25.61714813,85.18882567,-82.76273463,0,2.849784758,186.466921,3G,0,0,0
17:59.7,Phulwari Sharif,25.52637801,85.00620079,-84.26462976,0,1.627965947,170.067119,3G,0,0,0
33:35.8,Anandpuri,25.49563592,85.06986634,-86.83390007,0,2.237098479,146.927937,3G,0,0,0
39:50.2,Danapur,25.6222127,85.14057229,-84.1621567,0,1.825851934,144.5279284,3G,0,0,0
52:19.0,Ashok Rajpath,25.54839259,84.98164493,-86.81465139,0,1.136690008,198.7928949,3G,0,0,0
04:47.9,Ashok Rajpath,25.63149489,85.22686029,-82.77048154,0,2.136574933,134.010595,3G,0,0,0
11:02.3,Bankipore,25.7618844,85.12519371,-84.53725943,0,2.043278463,102.9998393,3G,0,0,0
32:52.8,Bankipore,25.75920103,85.17023641,-85.73228969,0,2.620851262,144.4658701,3G,0,0,0
10:19.3,S.K. Puri,25.59642292,85.22692803,-88.18627376,0,2.194430847,132.0823592,3G,0,0,0
19:40.9,Gardanibagh,25.54048962,85.00050582,-83.15285427,0,2.920646587,132.0464501,3G,0,0,0
25:55.3,S.K. Puri,25.53349136,85.30035758,-83.33463094,0,2.07846558,107.428863,3G,0,0,0
32:09.8,Rajendra Nagar,25.53679877,85.02853696,-84.17482697,0,1.014109641,144.9325128,3G,0,0,0
47:45.8,Kankarbagh,25.44933873,85.07458511,-79.00144819,0,1.843786791,141.9787506,3G,0,0,0
09:36.3,S.K. Puri,25.51253217,85.23127455,-88.17037085,0,2.391265262,188.1691023,3G,0,0,0
12:43.5,Gandhi Maidan,25.64454156,85.03333869,-86.72202998,0,1.678857438,154.0770513,3G,0,0,0
15:50.7,Anisabad,25.50172627,85.13574665,-85.76263435,0,1.03659511,172.917868,3G,0,0,0
31:26.8,Anisabad,25.51536003,85.21956708,-84.0317249,0,2.72379621,183.366753,3G,0,0,0
37:41.2,Kumhrar,25.42335453,85.16852568,-81.72266448,0,1.804375951,151.2958712,3G,0,0,0
50:10.0,Danapur,25.47817855,85.14580226,-87.89641323,0,1.289906908,192.5709938,3G,0,0,0
53:17.2,Phulwari Sharif,25.51494703,85.21791082,-86.03161998,0,1.072253727,166.1840486,3G,0,0,0
56:24.4,Rajendra Nagar,25.64921492,85.05918121,-78.54659141,0,1.254659133,185.7572097,3G,0,0,0
59:31.6,Gandhi Maidan,25.64648819,85.1488853,-85.69500789,0,1.900347855,178.7473962,3G,0,0,0
08:53.3,Kidwaipuri,25.51653804,85.19257175,-82.62529991,0,1.113828742,154.6734461,3G,0,0,0
21:22.1,Gandhi Maidan,25.55533207,85.15882056,-87.92994418,0,1.589826504,104.4026678,3G,0,0,0
33:51.0,Boring Canal Road,25.70565267,85.22875729,-85.63514585,0,2.081959257,115.8975079,3G,0,0,0
36:58.2,Pataliputra,25.53685718,85.08031995,-87.8912862,0,2.94866656,110.6574389,3G,0,0,0
40:05.4,Bankipore,25.73085527,85.03998891,-86.52143162,0,2.562640684,127.4466759,3G,0,0,0
05:03.1,Pataliputra,25.47483996,85.26043179,-89.29148352,0,2.101691577,129.5461761,3G,0,0,0
08:10.3,Danapur,25.61770357,85.26090401,-81.0498178,0,2.289763599,176.7446837,3G,0,0,0
23:46.3,Rajendra Nagar,25.47390151,85.04091196,-79.6844173,0,1.921523812,124.3521215,3G,0,0,0
26:53.5,Pataliputra,25.45615801,85.24855151,-85.59108939,0,2.948323206,174.3134777,3G,0,0,0
30:00.7,Exhibition Road,25.6645661,85.06188421,-83.20505508,0,2.527979644,105.0002306,3G,0,0,0
04:20.1,Exhibition Road,25.48229054,85.14135033,-88.23334503,0,2.145542318,161.5141977,3G,0,0,0
07:27.3,Bankipore,25.61227254,85.313492,-85.13875656,0,2.331650872,101.4272437,3G,0,0,0
13:41.7,Boring Road,25.72909421,85.1859203,-83.25863466,0,1.284849081,132.394925,3G,0,0,0
23:03.3,Boring Canal Road,25.56924921,84.98777276,-83.30963118,0,2.047996141,132.4478291,3G,0,0,0
44:53.8,Kumhrar,25.66548167,85.04176953,-85.67205954,0,2.054378335,172.8655441,3G,0,0,0
48:01.0,Kidwaipuri,25.55027468,85.02413719,-82.41097545,0,1.112184409,104.4455762,3G,0,0,0
51:08.2,Boring Road,25.69141907,84.99778642,-83.79967307,0,2.204725434,169.5784162,3G,0,0,0
54:15.4,Bailey Road,25.56733156,85.0805383,-81.51691193,0,2.68311731,135.0844992,3G,0,0,0
57:22.6,Patliputra Colony,25.57857327,85.15775839,-86.3795861,0,1.919278197,199.7462397,3G,0,0,0
03:37.0,Kumhrar,25.63009206,85.13407517,-86.30267588,0,1.965890094,144.9356935,3G,0,0,0
19:13.1,Patliputra Colony,25.48497062,85.00221183,-84.67219553,0,1.859722476,117.7262435,3G,0,0,0
28:34.7,Phulwari Sharif,25.5027914,85.19424074,-86.85182303,0,1.363255892,149.7819675,3G,0,0,0
31:41.9,Patliputra Colony,25.48343155,85.02242752,-85.81129483,0,1.263521069,132.4315352,3G,0,0,0
37:56.4,Pataliputra,25.58702896,85.16554173,-82.35099111,0,1.600326388,113.3464057,3G,0,0,0
44:10.8,S.K. Puri,25.50559866,85.14186753,-86.65726527,0,2.344848009,111.8562404,3G,0,0,0
53:32.4,Boring Road,25.4864968,85.02911052,-85.28737505,0,2.666368389,198.2128548,3G,0,0,0
59:46.8,Kankarbagh,25.68792423,85.15266064,-81.37642966,0,2.903543392,126.930171,3G,0,0,0
09:08.5,Fraser Road,25.66654468,85.06015351,-89.59968713,0,2.261924329,109.7731587,3G,0,0,0
18:30.1,Phulwari Sharif,25.49701453,85.03627776,-85.0055674,0,2.672442563,125.8907566,3G,0,0,0
37:13.3,Kankarbagh,25.60083631,85.12567428,-88.63728584,0,1.016841764,157.7220594,3G,0,0,0
46:35.0,Gardanibagh,25.72230471,85.01432038,-85.30622636,0,1.870285165,121.4500709,3G,0,0,0
02:11.0,Kumhrar,25.47603293,85.15919937,-79.51191508,0,2.932242405,102.1688114,3G,0,0,0
20:54.3,Patliputra Colony,25.50747477,85.10720715,-85.52568832,0,2.198035809,170.5639645,3G,0,0,0
36:30.3,Boring Canal Road,25.71542667,85.03222201,-86.08733812,0,2.079509557,113.4657262,3G,0,0,0
20:11.3,Patliputra Colony,25.56226848,84.9831013,-87.00031421,0,2.486300719,134.0285632,3G,0,0,0
42:01.8,Kumhrar,25.60498848,85.31163324,-78.07761244,0,2.66206321,179.5316433,3G,0,0,0
45:09.0,Fraser Road,25.72853975,85.02365649,-85.95316056,0,2.301178538,149.4667002,3G,0,0,0
48:16.2,Danapur,25.45556482,85.03907328,-85.92983393,0,2.127760616,118.7997578,3G,0,0,0
00:45.0,Danapur,25.57231355,85.27179635,-89.55396397,0,2.805143186,109.4681043,3G,0,0,0
10:06.6,Danapur,25.49906676,84.99838033,-83.34357341,0,2.117344255,141.2551128,3G,0,0,0
19:28.3,Rajendra Nagar,25.56445212,85.26969257,-89.12070356,0,1.320483142,170.9487599,3G,0,0,0
35:04.3,Ashok Rajpath,25.6719532,85.00874989,-91.0166744,0,1.508757012,187.8497836,3G,0,0,0
44:26.0,Gandhi Maidan,25.63561282,85.20124285,-85.47624895,0,1.472357352,178.2992579,3G,0,0,0
12:30.9,Gandhi Maidan,25.53101839,85.24117552,-81.06808375,0,1.198557448,170.1758942,3G,0,0,0
28:06.9,S.K. Puri,25.74344126,85.10761754,-86.44375259,0,1.678863641,157.7432765,3G,0,0,0
34:21.3,Boring Canal Road,25.51557087,84.99883537,-84.71828361,0,1.635549719,158.1947069,3G,0,0,0
46:50.2,Gardanibagh,25.6151307,85.18036893,-87.43887262,0,1.874566738,194.6360079,3G,0,0,0
05:33.4,Kankarbagh,25.6000278,85.191733,-84.70968479,0,1.291963568,158.8614158,3G,0,0,0
08:40.6,Ashok Rajpath,25.49748529,85.23315645,-89.29691216,0,2.863904133,101.1616671,3G,0,0,0
11:47.8,Kidwaipuri,25.66470789,84.98138882,-83.52713542,0,1.064949097,119.2742087,3G,0,0,0
24:16.7,Anisabad,25.60742725,84.99176555,-86.86932975,0,1.250394984,171.7386997,3G,0,0,0
36:45.5,Boring Road,25.50456968,85.1315812,-80.06566193,0,1.858174122,141.5644352,3G,0,0,0
55:28.8,Ashok Rajpath,25.74669947,85.16943032,-85.56826218,0,2.297900195,169.7799964,3G,0,0,0
58:36.0,Bailey Road,25.65429085,85.01071247,-87.27659242,0,2.03467136,153.8059324,3G,0,0,0
11:04.8,Bankipore,25.63330242,85.106862,-83.25826192,0,2.200654612,175.4559223,3G,0,0,0
20:26.5,Gandhi Maidan,25.64170315,85.23909573,-84.46283998,0,2.84887467,141.9393698,3G,0,0,0
48:31.4,Ashok Rajpath,25.46422332,85.09376308,-90.45844617,0,2.336142875,141.3515444,3G,0,0,0
04:07.4,Anandpuri,25.52552572,85.23574311,-86.3466286,0,2.266362839,175.7422922,3G,0,0,0
25:57.9,Kidwaipuri,25.67489868,85.07809901,-84.01116424,0,1.271461457,191.1911504,3G,0,0,0
29:05.1,Kankarbagh,25.62013306,85.19509276,-85.92433741,0,1.775524664,137.9323221,3G,0,0,0
32:12.3,Bankipore,25.68479504,85.0891954,-89.38794738,0,1.022529932,161.5917913,3G,0,0,0
03:24.4,Bailey Road,25.60680285,85.01212425,-87.60755394,0,2.768121655,137.043262,3G,0,0,0
22:07.7,Exhibition Road,25.68190375,85.07268077,-79.29441988,0,2.567825392,151.3378559,3G,0,0,0
28:22.1,Phulwari Sharif,25.43871419,85.22678657,-81.9427182,0,2.102686577,143.9872958,3G,0,0,0
50:12.6,Fraser Road,25.60061903,85.19758601,-82.91879623,0,2.137956883,106.3852337,3G,0,0,0
53:19.8,S.K. Puri,25.55327726,85.06290322,-87.59952476,0,2.46026415,172.0177742,3G,0,0,0
56:27.0,Ashok Rajpath,25.70373017,85.03496409,-80.39603857,0,2.168568723,175.2683656,3G,0,0,0
05:48.6,Gandhi Maidan,25.61507867,84.96152931,-87.3764847,0,2.623023827,151.488568,3G,0,0,0
40:07.9,Exhibition Road,25.73503638,85.19833443,-80.13895522,0,2.413370011,120.8843533,3G,0,0,0
49:29.6,S.K. Puri,25.58248971,85.065404,-87.77927739,0,2.398416558,164.9858097,3G,0,0,0
36:17.7,Kumhrar,25.55711287,85.12652135,-87.17164323,0,2.264196492,192.3321409,3G,0,0,0
51:53.8,Patliputra Colony,25.65496162,85.26064203,-80.0623407,0,1.983778896,114.5750561,3G,0,0,0
01:15.4,Kidwaipuri,25.6141455,85.01549257,-80.00018002,0,2.106135572,123.8460586,3G,0,0,0
04:22.6,Fraser Road,25.75602031,85.12513073,-83.2723337,0,2.687292393,149.4159865,3G,0,0,0
10:37.0,Fraser Road,25.59380664,85.10725446,-87.74548789,0,1.180273908,111.4800109,3G,0,0,0
54:18.0,Rajendra Nagar,25.57155263,85.0913928,-83.01540179,0,1.898464253,154.4370953,3G,0,0,0
00:32.4,Boring Canal Road,25.54182286,85.05942182,-87.12373725,0,2.411699696,179.2765172,3G,0,0,0
31:44.5,Boring Road,25.53120749,85.23425502,-83.6987426,0,1.915427748,148.3097383,3G,0,0,0
59:49.4,Anandpuri,25.74134521,85.14443694,-85.10132525,0,2.375501166,173.0111571,3G,0,0,0
06:03.8,Fraser Road,25.69270306,85.22590022,-88.63625857,0,2.766515184,125.8318297,3G,0,0,0
34:08.7,Kidwaipuri,25.46230524,85.13223704,-85.93876545,0,1.252835783,137.2625568,3G,0,0,0
52:51.9,Gardanibagh,25.55283193,85.30566364,-82.64281205,0,2.516153259,133.2861052,3G,0,0,0
08:28.0,Anandpuri,25.66110808,85.22532561,-84.69176412,0,2.857275726,162.8582307,3G,0,0,0
11:35.2,Danapur,25.55770824,85.16599414,-83.26593038,0,2.006577194,157.3126235,3G,0,0,0
20:56.8,Kumhrar,25.52400742,85.269919,-83.54465406,0,1.724424385,194.2710484,3G,0,0,0
24:04.0,Phulwari Sharif,25.49509333,85.01445695,-88.43845214,0,1.707588394,101.1877337,3G,0,0,0
33:25.7,Danapur,25.60888017,84.97619509,-81.66631736,0,2.280589641,188.3020198,3G,0,0,0
39:40.1,Kumhrar,25.68897516,85.19599326,-81.86271488,0,1.809111534,118.0209638,3G,0,0,0
13:59.4,Bankipore,25.68368306,85.14123734,-84.25539801,0,2.882019883,151.286917,3G,0,0,0
17:06.6,Ashok Rajpath,25.70886996,85.02643285,-86.50706164,0,1.790574322,132.3096427,3G,0,0,0
20:13.8,Phulwari Sharif,25.55470796,85.13626312,-88.80757208,0,2.132382339,127.0338124,3G,0,0,0
26:28.2,Kumhrar,25.64554805,85.06437264,-84.47647555,0,1.010187641,194.7456802,3G,0,0,0
45:11.5,Rajendra Nagar,25.46025771,85.24255289,-84.99350435,0,2.225303612,128.3636817,3G,0,0,0
51:25.9,Boring Canal Road,25.55707039,85.1438359,-84.75047544,0,1.275031071,114.1138006,3G,0,0,0
07:02.0,Pataliputra,25.67790647,85.19107801,-85.22816044,0,1.114806804,109.7710668,3G,0,0,0
31:59.7,Kidwaipuri,25.51710962,85.01256483,-78.95234317,0,1.270704115,122.4377972,3G,0,0,0
41:21.3,Gardanibagh,25.62027772,85.26886208,-80.00592691,0,2.86739252,118.1143433,3G,0,0,0
06:19.0,Boring Road,25.46780815,85.24730342,-84.15621972,0,2.120972124,194.8865695,3G,0,0,0
25:02.2,Boring Canal Road,25.61385643,85.0950735,-84.01341044,0,2.428285696,166.6708123,3G,0,0,0
37:31.1,Kumhrar,25.53441541,85.25021342,-88.50208466,0,2.507871227,158.6846246,3G,0,0,0
43:45.5,Bailey Road,25.54740507,85.20905173,-93.40967608,0,1.289546378,188.6778466,3G,0,0,0
46:52.7,Rajendra Nagar,25.5752593,85.15416372,-85.60553071,0,2.662572855,185.800107,3G,0,0,0
56:14.3,Bankipore,25.6538839,85.20100683,-87.70246377,0,1.862489446,168.2873719,3G,0,0,0
59:21.5,Rajendra Nagar,25.69173376,85.17943909,-89.11616474,0,2.4930334,118.3350253,3G,0,0,0
02:28.8,Boring Canal Road,25.45973244,85.12966494,-81.66886654,0,1.876172771,159.7384967,3G,0,0,0
14:57.6,Bankipore,25.68071708,85.16763422,-86.45124547,0,1.530006967,136.210146,3G,0,0,0
18:04.8,Kidwaipuri,25.66012803,84.99471926,-82.30251998,0,1.256524271,197.1862709,3G,0,0,0
30:33.6,Kumhrar,25.63386603,85.07328276,-85.40256954,0,2.940344846,196.7249223,3G,0,0,0
55:31.3,Fraser Road,25.46291054,85.25069122,-84.03553942,0,1.675149194,163.3254682,3G,0,0,0
01:45.8,Kumhrar,25.54988619,84.97246618,-81.35193882,0,1.781027018,110.1429599,3G,0,0,0
20:29.0,Gardanibagh,25.51959571,85.05309996,-80.98404607,0,1.940130878,188.2382239,3G,0,0,0
23:36.2,Kankarbagh,25.70483715,85.21270966,-84.40801196,0,1.834511487,108.3950671,3G,0,0,0
29:50.6,Kankarbagh,25.52599136,85.26552411,-85.30886337,0,2.583856721,168.5281822,3G,0,0,0
32:57.9,Boring Canal Road,25.43597263,85.14489643,-82.21439119,0,2.917057841,177.4800412,3G,0,0,0
39:12.3,Kankarbagh,25.69771169,85.14003065,-83.24617881,0,1.307969767,174.7186962,3G,0,0,0
45:26.7,Kankarbagh,25.51551688,85.12164058,-86.52625944,0,1.193843692,175.5382531,3G,0,0,0
04:10.0,Bailey Road,25.68560298,85.01158753,-81.60589965,0,1.801961185,106.3117721,3G,0,0,0
07:17.2,Anisabad,25.6668299,85.27388436,-86.29179774,0,2.728024279,165.9426955,3G,0,0,0
22:53.2,Kidwaipuri,25.6429105,84.96479455,-81.59514875,0,2.822531592,157.293016,3G,0,0,0
31:31.8,Exhibition Road,25.76694788,85.09906182,-85.1355801,0,2.702277512,145.6512039,3G,0,0,0
53:22.3,Rajendra Nagar,25.43518189,85.17024635,-84.92768912,0,1.688841849,120.1513897,3G,0,0,0
15:12.8,Kidwaipuri,25.5321486,85.21596552,-84.75340784,0,2.418486865,180.5790009,3G,0,0,0
33:56.0,Kankarbagh,25.52463888,84.98740633,-78.94232288,0,2.333886746,167.4073513,3G,0,0,0
46:24.9,Boring Canal Road,25.58611241,85.08837333,-83.36512166,0,2.815475678,191.2155551,3G,0,0,0
52:39.3,Boring Road,25.50445394,85.22396044,-87.26522188,0,2.677485492,104.3876895,3G,0,0,0
05:08.1,Bailey Road,25.58935158,85.15875094,-83.24031537,0,1.134215928,127.379537,3G,0,0,0
11:22.6,Bailey Road,25.55004309,85.12229187,-83.52944137,0,1.264577886,138.2380422,3G,0,0,0
55:03.5,Boring Road,25.59973786,85.1605792,-86.3538019,0,1.134830523,174.4513879,3G,0,0,0
58:10.7,Exhibition Road,25.50645603,85.24838651,-83.1384244,0,2.839885102,165.3648325,3G,0,0,0
10:39.6,Exhibition Road,25.70076239,85.00707713,-82.60386607,0,2.051828042,171.1391684,3G,0,0,0
16:54.0,Ashok Rajpath,25.726163,85.23288035,-81.93623067,0,1.731263422,172.8284913,3G,0,0,0
20:01.2,Bailey Road,25.5066364,85.29022357,-87.72089765,0,1.623469703,139.4113704,3G,0,0,0
26:15.6,Patliputra Colony,25.58289081,85.30165814,-87.15442789,0,2.926803936,137.9188463,3G,0,0,0
41:51.7,Bankipore,25.5573304,85.08678611,-86.23720346,0,1.601160176,159.4037151,3G,0,0,0
57:27.7,Anandpuri,25.7005844,84.99940236,-83.51715066,0,1.390664033,135.9005171,3G,0,0,0
03:42.1,Ashok Rajpath,25.60530459,85.30037879,-80.18371816,0,1.47879168,138.6547575,3G,0,0,0
09:56.6,Anisabad,25.53097907,85.0551122,-84.94747282,0,1.540464255,148.7081996,3G,0,0,0
47:23.1,Anandpuri,25.54837155,85.23975017,-86.46330045,0,2.629796755,126.2055799,3G,0,0,0
24:49.6,Pataliputra,25.57335563,85.2850939,-85.93884835,0,1.012844633,162.3896906,3G,0,0,0
37:18.4,Boring Road,25.45737078,85.02458209,-85.6246494,0,1.63728723,110.2674627,3G,0,0,0
43:32.9,Kumhrar,25.59180936,85.14126994,-86.44530939,0,2.749886163,112.2981992,3G,0,0,0
49:47.3,Fraser Road,25.7096253,85.03244155,-86.4396588,0,2.691843872,178.1776876,3G,0,0,0
39:42.6,Kidwaipuri,25.6824216,84.98758781,-89.45011767,0,2.336855023,135.9370387,3G,0,0,0
45:57.1,Fraser Road,25.50152482,85.25313024,-84.68301021,0,2.52360892,182.5918141,3G,0,0,0
58:25.9,Phulwari Sharif,25.4753185,85.06681007,-83.80447923,0,2.036175019,114.3927453,3G,0,0,0
14:02.0,Kumhrar,25.53729643,84.99387289,-89.85839099,0,2.556518699,105.3850049,3G,0,0,0
26:30.8,Anandpuri,25.71874657,85.03324608,-86.7649922,0,2.413225952,113.1846895,3G,0,0,0
35:52.4,Phulwari Sharif,25.68370154,85.1942688,-82.46844067,0,1.672127817,115.365806,3G,0,0,0
45:14.1,Pataliputra,25.58661397,85.02899715,-87.28037335,0,1.997088764,197.5369259,3G,0,0,0
51:28.5,Anisabad,25.53171331,85.03602286,-88.96063989,0,2.445614415,180.6457515,3G,0,0,0
16:26.2,Bailey Road,25.49097176,85.25878717,-84.16262474,0,2.723162239,117.6414895,3G,0,0,0
22:40.6,S.K. Puri,25.69770713,85.02348773,-83.35532409,0,1.811990917,164.3721342,3G,0,0,0
41:23.8,Ashok Rajpath,25.50790931,85.02091211,-81.6041135,0,1.074604689,181.1923098,3G,0,0,0
53:52.7,Anandpuri,25.5199102,85.00994438,-82.60656609,0,1.998144131,115.9204743,3G,0,0,0
00:07.1,Kankarbagh,25.67788267,85.25892095,-87.05480104,0,2.33440503,181.0718243,3G,0,0,0
28:12.0,Gandhi Maidan,25.63034117,85.14934613,-87.30903193,0,2.247108367,199.5691671,3G,0,0,0
40:40.8,Gardanibagh,25.58132078,85.13434476,-83.44865344,0,1.61739389,175.3282559,3G,0,0,0
53:09.7,Bankipore,25.62766044,85.14462734,-94.91315456,0,2.735465679,162.8581947,3G,0,0,0
56:16.9,Anandpuri,25.6519837,85.24379738,-83.97725063,0,1.180775809,181.7423387,3G,0,0,0
59:24.1,Anandpuri,25.63314705,84.99637549,-91.23696515,0,1.813627512,132.7110895,3G,0,0,0
27:29.0,S.K. Puri,25.55885,84.99355315,-88.70370291,0,1.095686891,175.7226898,3G,0,0,0
01:48.3,Gandhi Maidan,25.6249731,85.04184599,-88.57371305,0,1.491302088,160.2995047,3G,0,0,0
11:09.9,Danapur,25.64727549,85.05928489,-88.77529367,0,2.067054267,116.3955613,3G,0,0,0
14:17.1,Gandhi Maidan,25.57713472,85.12352067,-86.74796716,0,2.411657186,186.0615876,3G,0,0,0
29:53.2,Rajendra Nagar,25.69892353,85.18476981,-80.54041074,0,2.690672337,153.5302833,3G,0,0,0
36:07.6,Kumhrar,25.42951751,85.15428677,-81.74240566,0,2.400660541,111.654251,3G,0,0,0
39:14.8,Kidwaipuri,25.57071584,84.98623785,-88.34604901,0,2.813028795,100.5910856,3G,0,0,0
01:05.3,Kumhrar,25.73436027,85.05885561,-86.42408533,0,2.926267671,175.1007556,3G,0,0,0
04:12.5,Kankarbagh,25.66829089,85.07206817,-79.522935,0,1.495974278,177.7068792,3G,0,0,0
16:41.3,Pataliputra,25.71355006,85.11955718,-83.52798832,0,1.635773993,121.3564289,3G,0,0,0
22:55.8,Kidwaipuri,25.75870436,85.16799212,-84.22793211,0,2.153185165,143.0151034,3G,0,0,0
32:17.4,Kumhrar,25.47718523,85.15247527,-83.70310877,0,2.872170565,150.1451898,3G,0,0,0
35:24.6,Kumhrar,25.73828104,85.06861004,-85.37691074,0,2.499681437,186.7894997,3G,0,0,0
06:36.7,Rajendra Nagar,25.53009453,85.0294074,-87.83080013,0,2.446938445,181.5227709,3G,0,0,0
25:20.0,Patliputra Colony,25.68694944,85.11593461,-84.62607344,0,2.203249692,161.0252049,3G,0,0,0
31:34.4,Anisabad,25.51818921,85.25465417,-83.24031407,0,1.741515635,141.9327825,3G,0,0,0
37:48.8,Boring Canal Road,25.70738904,85.12982172,-87.12417676,0,1.927443272,176.4388368,3G,0,0,0
47:10.4,Exhibition Road,25.47644198,85.01158653,-87.07333691,0,2.717780462,145.8019992,3G,0,0,0
53:24.9,Phulwari Sharif,25.54675302,84.99089843,-88.60812316,0,1.061242267,145.6443996,3G,0,0,0
56:32.1,Rajendra Nagar,25.53608078,85.10197732,-82.51271871,0,1.163914951,133.9712419,3G,0,0,0
09:00.9,Pataliputra,25.71697931,85.26470508,-82.16540184,0,2.066978922,145.167943,3G,0,0,0
52:41.8,Anisabad,25.65057343,85.02572414,-89.57571957,0,2.276609764,175.5454174,3G,0,0,0
05:10.7,Danapur,25.51290364,85.26549173,-88.01713099,0,1.286371326,104.316289,3G,0,0,0
08:17.9,Bankipore,25.71179176,85.01219522,-87.9497978,0,1.573949427,191.4779592,3G,0,0,0
11:25.1,Pataliputra,25.47802976,85.13291024,-84.66206997,0,2.588540938,176.930682,3G,0,0,0
33:15.6,Anisabad,25.47359542,85.00604841,-83.64154992,0,1.746940291,195.6488814,3G,0,0,0
42:37.2,Kidwaipuri,25.51632008,85.03846812,-80.6600356,0,2.558213735,167.9791433,3G,0,0,0
58:13.3,Fraser Road,25.50141375,85.04910772,-86.80825339,0,2.999332061,138.803943,3G,0,0,0
10:42.1,Gardanibagh,25.5200351,84.98979886,-83.47941126,0,2.224264174,106.9112596,3G,0,0,0
38:47.0,Gandhi Maidan,25.63853006,85.27046406,-83.16454903,0,2.617482715,190.9960322,3G,0,0,0
41:54.2,Kankarbagh,25.56204945,84.97055928,-88.8260161,0,1.146142009,176.9968588,3G,0,0,0
03:44.7,Gandhi Maidan,25.63793465,85.10345585,-87.5330791,0,1.388647726,191.1110889,3G,0,0,0
13:06.3,Rajendra Nagar,25.76678486,85.11380935,-84.04364827,0,2.701353265,149.4397677,3G,0,0,0
25:35.1,Phulwari Sharif,25.69384371,85.12459317,-86.76668125,0,2.148358662,116.6382652,3G,0,0,0
28:42.4,Patliputra Colony,25.51549342,85.0027271,-90.45089534,0,1.961362543,126.1517374,3G,0,0,0
44:18.4,Bailey Road,25.50074809,85.2571587,-86.95315845,0,1.171588084,146.6125013,3G,0,0,0
53:40.0,Boring Canal Road,25.62096088,84.97843062,-86.58395834,0,2.380098875,170.7292956,3G,0,0,0
56:47.2,Boring Canal Road,25.63869422,85.06669451,-85.57349805,0,2.812644115,137.0692971,3G,0,0,0
03:01.7,Danapur,25.61335104,85.01908096,-84.1735869,0,2.694508332,141.6553999,3G,0,0,0
24:52.1,Ashok Rajpath,25.58163546,85.1062816,-88.21584443,0,2.209768795,128.050251,3G,0,0,0
31:06.6,Gandhi Maidan,25.66590065,85.0280907,-81.25458834,0,2.996933267,129.1626895,3G,0,0,0
40:28.2,Pataliputra,25.53508416,85.14318019,-83.18958493,0,1.814980996,177.7664452,3G,0,0,0
46:42.6,Gardanibagh,25.51719406,85.18486939,-85.46297191,0,2.581495665,146.8709356,3G,0,0,0
56:04.2,Kumhrar,25.61855649,85.11405052,-84.82371928,0,2.813375421,102.5121809,3G,0,0,0
59:11.5,Kidwaipuri,25.74392364,85.06690182,-90.94054226,0,1.844220824,155.5481549,3G,0,0,0
14:47.5,Gardanibagh,25.60147905,85.04135196,-83.32805901,0,1.343872199,150.2736978,3G,0,0,0
27:16.3,Kumhrar,25.65696711,85.16312265,-87.00131448,0,1.696799419,111.5874504,3G,0,0,0
52:14.0,Anandpuri,25.53842,85.15020942,-84.75491068,0,2.188156957,135.3149146,3G,0,0,0
01:35.7,Anandpuri,25.61256476,84.98980048,-90.7860969,0,2.712542167,104.4486491,3G,0,0,0
07:50.1,Danapur,25.46626445,85.17399816,-85.61156996,0,2.030273819,127.2608724,3G,0,0,0
29:40.5,Fraser Road,25.53914908,85.03906986,-82.73014504,0,1.118532348,166.7967654,3G,0,0,0
35:55.0,Boring Canal Road,25.62338945,85.22170609,-83.82390005,0,1.693874785,104.363322,3G,0,0,0
39:02.2,Patliputra Colony,25.70340005,85.0004054,-81.55570565,0,2.211672112,152.7708822,3G,0,0,0
45:16.6,S.K. Puri,25.54207321,85.10313793,-84.09023096,0,2.814794589,104.8410226,3G,0,0,0
51:31.0,Kankarbagh,25.42566546,85.1975899,-85.71900762,0,2.540694466,121.4937287,3G,0,0,0
54:38.2,Phulwari Sharif,25.5764966,85.16888696,-84.91344823,0,1.357597241,177.2068992,3G,0,0,0
57:45.4,Bankipore,25.64425278,85.0393877,-86.25684325,0,2.13700573,123.7870811,3G,0,0,0
00:52.6,Bankipore,25.74593639,85.10125398,-90.2186408,0,1.342042231,138.0111898,3G,0,0,0
13:21.5,Bailey Road,25.55349581,85.11197211,-85.15815398,0,1.804890938,112.8031197,3G,0,0,0
28:57.5,Patliputra Colony,25.46465747,85.01929275,-81.61074981,0,2.934219409,199.6441596,3G,0,0,0
41:26.4,Exhibition Road,25.44666411,85.17300636,-85.61880342,0,2.193534754,118.780764,3G,0,0,0
50:48.0,Anandpuri,25.65170198,85.23083456,-84.44816796,0,1.790014374,134.9043868,3G,0,0,0
53:55.2,Kumhrar,25.576414,84.97123408,-83.30174354,0,1.88986298,122.089739,3G,0,0,0
06:24.1,Anandpuri,25.54315654,85.27728316,-77.93073836,0,2.372954188,167.1043123,3G,0,0,0
25:07.3,Ashok Rajpath,25.67182188,85.10060075,-81.14379233,0,1.566933293,163.5719228,3G,0,0,0
43:50.6,S.K. Puri,25.71118202,85.23804361,-86.63567761,0,1.252271949,146.5815629,3G,0,0,0
50:05.0,Kankarbagh,25.49053241,85.21043107,-80.821719,0,2.803655675,198.184364,3G,0,0,0
53:12.2,Kankarbagh,25.61074229,85.2434728,-83.69581765,0,2.336438731,190.6405892,3G,0,0,0
18:09.9,Exhibition Road,25.44032782,85.11146134,-80.21057518,0,1.009186421,139.2092087,3G,0,0,0
36:53.2,Exhibition Road,25.54488749,84.9899019,-80.93295788,0,1.142348543,167.3220566,3G,0,0,0
01:50.8,Ashok Rajpath,25.72198114,85.15596691,-90.5357893,0,2.626930891,136.6992084,3G,0,0,0
08:05.3,Kankarbagh,25.7063677,85.24124504,-86.05304544,0,1.338304886,158.5802665,3G,0,0,0
11:12.5,Gandhi Maidan,25.66372114,85.02252076,-85.7313709,0,1.059868595,195.414748,3G,0,0,0
17:26.9,Pataliputra,25.72597124,85.24951046,-88.65661868,0,1.742753296,135.2855171,3G,0,0,0
26:48.5,Anisabad,25.55037775,85.25103859,-78.48882723,0,1.459042194,140.2910461,3G,0,0,0
42:24.6,Boring Canal Road,25.60114217,85.28179244,-89.16210704,0,1.633988853,120.113533,3G,0,0,0
54:53.4,Gandhi Maidan,25.46929186,85.24040913,-80.56755578,0,1.591681913,105.7402235,3G,0,0,0
13:36.7,Anisabad,25.49543104,85.1388157,-84.80645913,0,2.949616834,198.6212885,3G,0,0,0
35:27.1,S.K. Puri,25.61458052,85.18240199,-88.27005495,0,1.90151295,102.9629671,3G,0,0,0
00:24.8,Bankipore,25.6438272,85.22120379,-81.89815854,0,2.00378817,131.6230568,3G,0,0,0
09:46.5,Boring Road,25.5731086,85.23675763,-86.51401653,0,2.773021165,186.7355571,3G,0,0,0
16:00.9,S.K. Puri,25.61539251,84.97081186,-84.91586607,0,1.959750479,117.8523719,3G,0,0,0
19:08.1,Patliputra Colony,25.54887487,84.97438564,-83.4989969,0,2.884748865,101.9469602,3G,0,0,0
25:22.5,Danapur,25.57427103,84.99918155,-86.55244696,0,1.647972401,124.7547519,3G,0,0,0
37:51.3,Pataliputra,25.52302641,85.26745598,-87.63118726,0,2.859478291,108.7711402,3G,0,0,0
47:13.0,Kumhrar,25.57279245,84.99051784,-88.92493129,0,2.988494149,119.7195466,3G,0,0,0
53:27.4,Anisabad,25.53072609,85.15726386,-83.81872218,0,2.542122967,164.83035,3G,0,0,0
09:03.4,Fraser Road,25.62316076,85.18662591,-83.41745065,0,2.199505692,196.8147465,3G,0,0,0
15:17.9,Bailey Road,25.46610783,85.15097106,-90.84017331,0,2.130539673,159.715783,3G,0,0,0
34:01.1,Ashok Rajpath,25.59690582,85.05615689,-84.93704882,0,2.889699912,167.4847838,3G,0,0,0
55:51.6,Anisabad,25.66804791,85.14053091,-85.94342122,0,2.923315532,196.4664236,3G,0,0,0
05:13.2,Gandhi Maidan,25.42617846,85.17071878,-86.03183886,0,2.077920835,101.2231961,3G,0,0,0
14:34.9,Kankarbagh,25.45040847,85.06175022,-87.29267971,0,1.940536856,135.9211897,3G,0,0,0
23:56.5,Exhibition Road,25.7370979,85.22877233,-84.38211156,0,2.435705378,162.6495603,3G,0,0,0
27:03.7,Kankarbagh,25.68317924,85.09558187,-85.73722341,0,1.915729029,136.3237809,3G,0,0,0
36:25.3,Ashok Rajpath,25.71878657,85.2404335,-83.49165525,0,2.330715317,154.1923741,3G,0,0,0
58:15.8,Gardanibagh,25.64795898,85.02582773,-79.45602275,0,1.801408304,116.9744242,3G,0,0,0
13:51.9,Boring Canal Road,25.64051993,85.11587808,-81.10049687,0,1.557288243,143.495205,3G,0,0,0
23:13.5,Kankarbagh,25.48512431,85.22024481,-84.3733903,0,1.569673704,141.4528587,3G,0,0,0
57:32.8,Boring Road,25.6035969,85.01070618,-80.96352979,0,1.561917936,162.4588037,3G,0,0,0
22:30.5,Boring Road,25.57337818,85.12260821,-80.61165859,0,1.574486686,145.8249268,3G,0,0,0
28:44.9,S.K. Puri,25.48166789,85.11878451,-85.91563937,0,2.25994078,135.4875015,3G,0,0,0
41:13.7,Kidwaipuri,25.65060005,85.20037133,-81.7190266,0,2.1883753,135.1200151,3G,0,0,0
47:28.2,Anisabad,25.67395837,85.04923402,-86.27901199,0,2.0000503,138.7580693,3G,0,0,0
09:18.6,Gardanibagh,25.59180773,85.05532191,-84.87849298,0,2.335999339,129.4837297,3G,0,0,0
12:25.8,Fraser Road,25.69206497,85.00055763,-82.09663748,0,2.817328118,101.0615331,3G,0,0,0
31:09.1,Patliputra Colony,25.75505316,85.13467033,-83.90321848,0,1.98406448,183.7759064,3G,0,0,0
40:30.7,Danapur,25.61494739,85.30498026,-83.5924875,0,1.044608606,171.494042,3G,0,0,0
56:06.8,Kumhrar,25.59684364,85.14169765,-82.31320437,0,2.067954504,143.9914826,3G,0,0,0
24:11.7,Bankipore,25.50011295,85.03846064,-85.28001328,0,2.701166534,158.2432825,3G,0,0,0
33:33.3,Ashok Rajpath,25.71830711,85.23328141,-85.4366404,0,1.923396886,111.4511825,3G,0,0,0
36:40.5,Kankarbagh,25.67395294,85.23405539,-89.40047432,0,1.088649456,156.4384843,3G,0,0,0
14:07.0,Exhibition Road,25.69979888,85.03663922,-84.35355722,0,2.560330858,126.4385235,3G,0,0,0
17:14.2,Gardanibagh,25.4967115,85.09123925,-80.76860951,0,2.163869663,156.5053794,3G,0,0,0
20:21.5,Pataliputra,25.6631714,85.24506517,-85.43688592,0,1.459619923,159.9886611,3G,0,0,0
39:04.7,Bankipore,25.70179451,85.27940135,-83.13382601,0,2.900263713,140.9105021,3G,0,0,0
42:11.9,S.K. Puri,25.54159987,85.02702582,-83.11125338,0,2.97918926,103.1751236,3G,0,0,0
45:19.1,Gandhi Maidan,25.70152062,85.0613719,-86.84368258,0,2.773936149,128.3162689,3G,0,0,0
48:26.3,Bailey Road,25.57353402,85.11105056,-82.88275926,0,2.270375672,181.627539,3G,0,0,0
51:33.6,Gardanibagh,25.47920736,85.0491173,-85.399232,0,2.823718781,134.5870466,3G,0,0,0
13:24.0,Danapur,25.56985929,85.26847941,-80.62102108,0,1.137450782,111.1487697,3G,0,0,0
16:31.2,Kankarbagh,25.59000047,84.96341188,-86.85497252,0,1.802171471,152.0345655,3G,0,0,0
19:38.5,Boring Road,25.71400485,85.02487881,-85.73589082,0,2.675444996,103.5186551,3G,0,0,0
38:21.7,Danapur,25.5086958,85.1599907,-91.71089994,0,2.052972321,149.609616,3G,0,0,0
57:05.0,Bailey Road,25.42243799,85.18672845,-85.40764921,0,1.089313302,109.3083291,3G,0,0,0
06:26.6,Fraser Road,25.58168994,85.19645621,-88.67223331,0,1.760815948,149.3085505,3G,0,0,0
09:33.8,Gardanibagh,25.68573009,85.18441607,-83.44600214,0,1.603956778,117.8601086,3G,0,0,0
37:38.7,Kankarbagh,25.69500638,85.14763964,-83.42045868,0,2.886290862,123.7770918,3G,0,0,0
40:45.9,Gandhi Maidan,25.62459884,85.06014583,-82.26155986,0,2.69859021,119.6869537,3G,0,0,0
50:07.5,Anandpuri,25.4736701,85.02037854,-88.01378098,0,2.053870824,153.4854878,3G,0,0,0
56:22.0,Ashok Rajpath,25.61756487,85.18738491,-81.25079148,0,2.562489389,115.0021032,3G,0,0,0
18:12.4,Rajendra Nagar,25.72620118,85.06467501,-86.62717658,0,1.927289038,120.4754458,3G,0,0,0
24:26.9,Bankipore,25.70800333,85.12598104,-89.67784475,0,2.365240668,109.0674561,3G,0,0,0
30:41.3,Boring Road,25.6654994,85.13247127,-80.00926167,0,2.722747526,133.9124157,3G,0,0,0
33:48.5,Exhibition Road,25.55082041,85.14560302,-85.22200585,0,1.460072369,191.361798,3G,0,0,0
08:07.8,Bailey Road,25.66066447,85.28955421,-87.17922644,0,1.337867335,127.1908056,3G,0,0,0
20:36.6,Anandpuri,25.4486498,85.23844129,-85.07827309,0,1.620892975,180.7654964,3G,0,0,0
51:48.7,Bailey Road,25.56179084,85.08635938,-83.28471674,0,1.76481902,172.9277872,3G,0,0,0
54:56.0,Kidwaipuri,25.53153304,85.02340475,-88.23126037,0,1.105766016,110.4316419,3G,0,0,0
01:10.4,Rajendra Nagar,25.54099024,85.0470812,-77.7715669,0,1.05053739,146.6985919,3G,0,0,0
07:24.8,Ashok Rajpath,25.54292697,84.97637806,-84.50850539,0,2.352555087,187.019714,3G,0,0,0
10:32.0,Anisabad,25.67540926,85.20223013,-90.5833619,0,1.015771135,197.9887505,3G,0,0,0
38:36.9,Gandhi Maidan,25.63281491,84.98230165,-80.17860257,0,2.969550719,157.1030863,3G,0,0,0
06:41.8,Kumhrar,25.68489222,85.11205611,-80.01096128,0,2.207870892,172.3206625,3G,0,0,0
09:49.0,Boring Road,25.60755161,85.04063133,-85.36844171,0,2.451496415,100.9401095,3G,0,0,0
16:03.4,Pataliputra,25.46590531,85.2401788,-82.26791401,0,2.714261163,103.4492415,3G,0,0,0
19:10.6,Boring Road,25.4916067,85.02532333,-82.29462111,0,2.299755739,184.0640756,3G,0,0,0
22:17.8,S.K. Puri,25.45053297,85.05139369,-90.62558249,0,1.550796724,148.1510484,3G,0,0,0
34:46.7,Boring Canal Road,25.57044832,85.10307739,-85.69522288,0,2.942327961,182.0381635,3G,0,0,0
37:53.9,Kumhrar,25.7558913,85.18078291,-82.15769292,0,2.90397283,114.5447069,3G,0,0,0
56:37.2,Rajendra Nagar,25.64723046,85.04337416,-88.35629038,0,1.825234945,171.6010039,3G,0,0,0
27:49.3,Bankipore,25.58889699,85.11095883,-83.84688722,0,1.504358648,127.192226,3G,0,0,0
43:25.3,Boring Road,25.59044267,85.06285087,-80.93594358,0,1.545144015,124.565296,3G,0,0,0
46:32.5,Gandhi Maidan,25.71260826,85.25682529,-87.02530673,0,1.062826719,104.3678568,3G,0,0,0
05:15.8,Fraser Road,25.69097911,85.13804496,-84.61832545,0,1.082249088,164.6302315,3G,0,0,0
11:30.2,Anisabad,25.74221193,85.14146987,-81.99820098,0,2.044930215,143.5821908,3G,0,0,0
17:44.6,Gardanibagh,25.67037883,85.19973343,-84.91645122,0,2.008593172,143.4501402,3G,0,0,0
20:51.8,S.K. Puri,25.63489132,85.161595,-84.96869289,0,1.371073695,176.2375168,3G,0,0,0
39:35.1,Patliputra Colony,25.64974008,85.00197047,-86.2737179,0,2.172325548,133.1812203,3G,0,0,0
45:49.5,Ashok Rajpath,25.44688572,85.16268744,-84.64197679,0,1.694648925,115.8690062,3G,0,0,0
48:56.7,Boring Road,25.68269671,85.08628001,-84.55519575,0,1.351009463,126.3637289,3G,0,0,0
13:54.4,Boring Canal Road,25.57051737,85.10101426,-83.46695758,0,2.075359215,148.4240462,3G,0,0,0
32:37.7,Kankarbagh,25.5796005,84.95975171,-86.98283003,0,1.92542689,161.3879947,3G,0,0,0
35:44.9,Phulwari Sharif,25.68433518,85.26606547,-79.25138213,0,2.418508552,104.8409707,3G,0,0,0
45:06.5,Ashok Rajpath,25.46460617,85.05573807,-87.16174959,0,1.38243657,199.8611345,3G,0,0,0
51:20.9,Patliputra Colony,25.55275426,85.15791383,-85.08650731,0,2.554369765,175.298738,3G,0,0,0
13:11.4,Patliputra Colony,25.72580135,85.25516957,-80.59214853,0,2.5588156,131.1628151,3G,0,0,0
19:25.8,Danapur,25.48156365,85.10129403,-84.92133712,0,1.519365196,157.7147107,3G,0,0,0
22:33.0,Anisabad,25.62341961,85.12169135,-79.57891106,0,2.451063942,180.7487466,3G,0,0,0
25:40.2,Patliputra Colony,25.62367649,85.1628286,-87.00914569,0,2.520783258,176.0497851,3G,0,0,0
35:01.9,Danapur,25.67681753,85.15506134,-88.27523099,0,1.796844684,124.3343386,3G,0,0,0
53:45.1,Phulwari Sharif,25.57650235,85.19891087,-86.77871633,0,2.742640016,165.9738839,3G,0,0,0
24:57.2,Anisabad,25.48547105,85.17478768,-87.83327589,0,2.207893951,145.9266977,3G,0,0,0
40:33.3,Danapur,25.5942534,85.03651892,-85.59189139,0,1.447057647,141.4016327,3G,0,0,0
43:40.5,Kidwaipuri,25.63815101,85.00101248,-84.98014948,0,2.375145191,164.3550691,3G,0,0,0
02:23.7,Anisabad,25.59025926,84.96190626,-89.54707689,0,2.869732051,152.0076475,3G,0,0,0
08:38.2,Boring Road,25.50690901,85.27782348,-90.47562059,0,2.011679502,138.7090752,3G,0,0,0
24:14.2,Kumhrar,25.48677711,85.00331926,-81.85169524,0,2.755042597,143.4166448,3G,0,0,0
33:35.8,Pataliputra,25.52384679,85.10574866,-81.35195514,0,2.554496219,145.2687028,3G,0,0,0
36:43.1,Danapur,25.60714533,85.175687,-81.76897356,0,1.246717697,109.5330795,3G,0,0,0
39:50.3,Bankipore,25.45498242,85.18012787,-84.66124394,0,2.713255723,105.5330667,3G,0,0,0
01:40.7,Bailey Road,25.59245311,84.98585146,-86.07073554,0,1.986117731,151.1267274,3G,0,0,0
26:38.4,S.K. Puri,25.51273303,85.00658058,-81.44350231,0,2.298079014,101.775122,3G,0,0,0
07:12.2,Exhibition Road,25.7098316,85.14691994,-88.80326877,0,2.597857711,153.0019969,3G,0,0,0
50:53.1,Rajendra Nagar,25.59630648,85.12984311,-78.1606344,0,1.107191362,120.8795094,3G,0,0,0
03:21.9,Kumhrar,25.68195129,85.10652185,-84.43868944,0,2.14559944,177.0753482,3G,0,0,0
12:43.6,Rajendra Nagar,25.67131785,85.01831762,-87.72317272,0,1.34010185,131.9840982,3G,0,0,0
15:50.8,S.K. Puri,25.52201079,85.12393601,-85.96445807,0,1.147007759,155.5696128,3G,0,0,0
25:12.4,Pataliputra,25.49673389,85.16701874,-83.12562187,0,1.531269469,179.5555863,3G,0,0,0
31:26.8,Patliputra Colony,25.52841347,85.00023867,-84.65735419,0,1.265805155,195.8642239,3G,0,0,0
53:17.3,Exhibition Road,25.46917331,85.24636795,-87.33296164,0,1.939166792,192.3899391,3G,0,0,0
05:46.1,Boring Road,25.7123779,85.21479047,-86.60075475,0,1.313012326,181.8464462,3G,0,0,0
12:00.6,Boring Canal Road,25.5737403,85.1835826,-87.78802582,0,1.539244131,196.9403826,3G,0,0,0
15:07.8,Boring Canal Road,25.65025539,85.02669618,-81.53396459,0,2.416389715,139.2276504,3G,0,0,0
30:43.8,Kidwaipuri,25.58501729,85.11301324,-86.12488218,0,2.147047067,155.9311539,3G,0,0,0
43:12.7,Kidwaipuri,25.60368806,84.98818126,-80.21436423,0,1.410412734,188.3229364,3G,0,0,0
58:48.7,Boring Road,25.72963328,85.02030219,-84.14846314,0,2.823164404,107.2320923,3G,0,0,0
05:03.1,Bankipore,25.60465289,85.12925066,-84.81169002,0,2.661134717,137.3775881,3G,0,0,0
08:10.3,S.K. Puri,25.62648139,84.98778026,-83.44528198,0,1.491143975,102.5808774,3G,0,0,0
11:17.6,Ashok Rajpath,25.70654527,85.09269342,-84.76651485,0,2.877026266,187.7851473,3G,0,0,0
30:00.8,Anisabad,25.47137966,85.16636091,-85.52199642,0,2.772190026,187.1520982,3G,0,0,0
54:58.5,S.K. Puri,25.45346576,85.21150925,-89.73487896,0,1.898304733,121.4024619,3G,0,0,0
10:34.5,Bankipore,25.45162367,85.18954624,-81.37404072,0,1.12212042,101.330102,3G,0,0,0
23:03.4,Gardanibagh,25.60118587,85.23280832,-83.89066063,0,1.554465332,108.1739751,3G,0,0,0
29:17.8,Exhibition Road,25.50882841,85.25578709,-83.33826868,0,1.712379261,105.1965982,3G,0,0,0
35:32.2,Phulwari Sharif,25.72138551,85.01292462,-91.74151044,0,2.732573563,162.4494203,3G,0,0,0
38:39.4,Bankipore,25.53284201,85.1588453,-88.0323448,0,2.874487951,182.5678448,3G,0,0,0
03:37.1,Phulwari Sharif,25.61847287,85.24686962,-82.43445356,0,2.349512174,191.9421429,3G,0,0,0
09:51.5,Boring Road,25.58967327,85.04697375,-88.90327121,0,2.929393332,164.701045,3G,0,0,0
16:06.0,Boring Road,25.66931512,85.20712257,-86.25416883,0,1.939126443,182.9927546,3G,0,0,0
31:42.0,Kidwaipuri,25.61762221,85.15069165,-88.85727089,0,1.028674803,132.2767475,3G,0,0,0
41:03.6,S.K. Puri,25.66698314,84.97962777,-84.43135081,0,1.82695725,159.9372174,3G,0,0,0
06:01.3,Anandpuri,25.69551591,85.26030031,-85.02118156,0,1.522228405,144.3646732,3G,0,0,0
09:08.5,Boring Road,25.46845854,85.15696205,-87.445352,0,1.674785301,141.4452839,3G,0,0,0
15:23.0,Bailey Road,25.4892252,85.04139215,-86.22992681,0,1.36330162,159.400413,3G,0,0,0
18:30.2,Ashok Rajpath,25.60252529,85.22090553,-85.5733948,0,2.299157804,194.8502851,3G,0,0,0
30:59.0,Gandhi Maidan,25.51513475,85.23057325,-87.9005954,0,2.743219335,176.8994865,3G,0,0,0
34:06.2,Bailey Road,25.69500651,85.18607903,-80.68129963,0,1.394024152,102.0798647,3G,0,0,0
59:03.9,Exhibition Road,25.59181038,85.22388952,-87.85984949,0,1.203504669,145.3968595,3G,0,0,0
02:11.1,Ashok Rajpath,25.51984266,85.03857628,-85.89810117,0,2.459301958,171.457264,3G,0,0,0
20:54.4,Anisabad,25.51321488,84.99175604,-82.01897557,0,2.223377176,110.8442837,3G,0,0,0
39:37.6,Kankarbagh,25.49602628,85.14877017,-88.11036458,0,1.733431716,174.3850465,3G,0,0,0
48:59.3,Anandpuri,25.51960868,85.08546012,-81.92779484,0,2.967690669,116.802331,3G,0,0,0
23:18.6,Patliputra Colony,25.62412937,85.28707455,-87.18524305,0,2.545093928,176.7968463,3G,0,0,0
32:40.2,Bailey Road,25.63104507,84.96502623,-83.14403923,0,2.67104643,181.3409998,3G,0,0,0
45:09.0,Kumhrar,25.49289402,85.2386955,-83.30633764,0,1.668589904,195.294631,3G,0,0,0
16:21.1,S.K. Puri,25.68868805,85.07122117,-86.9445434,0,2.936033389,115.0412061,3G,0,0,0
19:28.4,Fraser Road,25.59098899,85.07409932,-81.56578779,0,2.380136355,195.547882,3G,0,0,0
22:35.6,Anandpuri,25.51194547,85.01302332,-84.20803563,0,2.002733251,195.3701827,3G,0,0,0
28:50.0,Ashok Rajpath,25.50863076,85.16282773,-85.9387974,0,2.954909016,133.6500631,3G,0,0,0
31:57.2,Phulwari Sharif,25.65218054,85.17974124,-83.39694177,0,1.198664013,122.7914344,3G,0,0,0
41:18.8,Anandpuri,25.58128735,85.03155198,-86.69373232,0,2.745174421,147.5502292,3G,0,0,0
44:26.0,Exhibition Road,25.57501469,85.2545415,-80.30748518,0,1.406710672,133.4344024,3G,0,0,0
47:33.2,Kankarbagh,25.43303151,85.13502538,-81.37971256,0,1.2995158,193.1633939,3G,0,0,0
53:47.7,Anisabad,25.55543129,85.29621799,-84.50459371,0,1.414424344,149.015697,3G,0,0,0
18:45.3,Pataliputra,25.50406082,85.17282888,-84.28749472,0,1.873556778,134.2557659,3G,0,0,0
21:52.6,Kankarbagh,25.53316813,84.9891942,-83.81322135,0,1.484505036,126.0550146,3G,0,0,0
31:14.2,Kankarbagh,25.54162188,85.01495374,-85.51421304,0,1.815953962,199.1850832,3G,0,0,0
43:43.0,Boring Road,25.5623358,84.9692643,-85.63860138,0,2.11328813,127.3736352,3G,0,0,0
46:50.2,Ashok Rajpath,25.66572444,85.26466188,-85.13324524,0,1.201871795,144.9491268,3G,0,0,0
49:57.4,Gandhi Maidan,25.68268786,85.05387291,-78.79040546,0,1.855568971,176.501184,3G,0,0,0
33:38.4,Boring Road,25.72456943,85.02247311,-86.75617925,0,1.317153737,133.6921931,3G,0,0,0
49:14.4,Kidwaipuri,25.57558428,85.09949236,-79.90827573,0,1.360684833,112.9234287,3G,0,0,0
52:21.7,Exhibition Road,25.58538909,85.17360734,-89.64071615,0,1.769227292,138.6650548,3G,0,0,0
01:43.3,Rajendra Nagar,25.63711742,85.22701288,-88.20039245,0,1.530840279,104.7322589,3G,0,0,0
11:04.9,Anisabad,25.47697224,85.18142583,-80.40300104,0,2.705605592,125.2428782,3G,0,0,0
48:31.4,Exhibition Road,25.55877983,85.08086809,-85.73883803,0,1.701225093,168.5693925,3G,0,0,0
51:38.6,Phulwari Sharif,25.63635236,85.28215449,-85.46477459,0,1.400480181,126.8226011,3G,0,0,0
04:07.5,S.K. Puri,25.67898936,85.25968051,-83.95995232,0,1.459883775,192.8075936,3G,0,0,0
10:21.9,Patliputra Colony,25.73008229,85.16121404,-78.45631381,0,2.273971455,126.6120432,3G,0,0,0
13:29.1,Phulwari Sharif,25.67325931,85.19369695,-86.10994615,0,1.374720925,134.1147354,3G,0,0,0
16:36.3,Anisabad,25.54594188,85.01734879,-84.50090308,0,1.569506298,158.2879263,3G,0,0,0
25:58.0,Kankarbagh,25.72144685,85.16046518,-86.09707129,0,1.6643433,184.6847761,3G,0,0,0
29:05.2,Kidwaipuri,25.48044541,85.00711247,-86.14950393,0,1.068416796,186.6682752,3G,0,0,0
38:26.8,Anisabad,25.62438746,85.20130336,-85.26195351,0,2.362049464,115.7740986,3G,0,0,0
47:48.4,Rajendra Nagar,25.71045996,85.06201684,-83.6416513,0,2.398427036,136.3566634,3G,0,0,0
00:17.3,Gandhi Maidan,25.66377656,85.1596276,-86.33561843,0,2.94616783,121.376934,3G,0,0,0
03:24.5,Boring Canal Road,25.59693479,84.96612129,-91.60558337,0,2.136106112,192.8084975,3G,0,0,0
09:38.9,S.K. Puri,25.55420606,85.30924974,-82.17568699,0,1.832863315,107.9098296,3G,0,0,0
12:46.1,Bankipore,25.72973407,85.21125592,-89.3848974,0,1.265431375,127.7182502,3G,0,0,0
19:00.5,Bankipore,25.67039464,85.02378963,-84.36292306,0,2.332710047,138.7087605,3G,0,0,0
43:58.2,Gandhi Maidan,25.67150032,85.27977499,-86.58766955,0,1.640493943,184.1244921,3G,0,0,0
08:55.9,Kankarbagh,25.72095118,85.13926002,-85.22440056,0,2.370688065,199.2250821,3G,0,0,0
49:29.6,Anisabad,25.71048567,85.26771211,-79.63052895,0,2.481077419,197.7570456,3G,0,0,0
55:44.0,Ashok Rajpath,25.75269407,85.15543919,-81.10230772,0,1.350445843,107.9350659,3G,0,0,0
11:20.1,Pataliputra,25.53071565,85.27379038,-81.88728648,0,2.353322911,151.8661295,3G,0,0,0
23:48.9,S.K. Puri,25.61707666,84.97052541,-84.63955389,0,2.855587354,117.8734118,3G,0,0,0
07:29.9,Kumhrar,25.66902335,85.15063802,-81.73149571,0,1.986136651,102.409936,3G,0,0,0
10:37.1,Boring Road,25.75196625,85.21349167,-85.70915828,0,2.305170011,108.2572457,3G,0,0,0
23:05.9,Kankarbagh,25.59229145,85.17351826,-87.39956786,0,1.092052455,163.2444384,3G,0,0,0
32:27.6,Patliputra Colony,25.54140134,85.11676658,-82.33717705,0,2.353786777,138.8738481,3G,0,0,0
54:18.0,S.K. Puri,25.70024377,85.16672273,-81.32993833,0,2.054384594,184.4646423,3G,0,0,0
57:25.2,Boring Road,25.52933463,85.07363619,-88.69300626,0,1.642003613,195.7277436,3G,0,0,0
41:06.2,Anisabad,25.60503358,84.98467312,-89.94402247,0,1.089713928,108.2496784,3G,0,0,0
47:20.6,Phulwari Sharif,25.68722338,85.14863621,-84.98299925,0,2.765097643,147.4365826,3G,0,0,0
56:42.2,Danapur,25.5769767,85.27992975,-87.89229802,0,2.656336,195.0643255,3G,0,0,0
59:49.4,Boring Canal Road,25.75250278,85.09623206,-78.13403389,0,1.522121489,188.1225025,3G,0,0,0
15:25.5,Patliputra Colony,25.48974906,85.19850473,-85.40270181,0,1.216318219,159.779988,3G,0,0,0
21:39.9,Pataliputra,25.56210997,85.14754802,-91.07018406,0,2.607481644,137.8525083,3G,0,0,0
24:47.1,Anandpuri,25.66020858,84.99407566,-83.69155263,0,2.509320637,100.7189014,3G,0,0,0
40:23.2,Patliputra Colony,25.63813746,85.05371975,-88.1122752,0,2.306731898,183.846672,3G,0,0,0
49:44.8,Exhibition Road,25.71131136,85.1379883,-89.89693017,0,1.509010358,171.3318311,3G,0,0,0
14:42.5,Gandhi Maidan,25.73418019,85.15412068,-82.38450409,0,1.490413294,115.1602889,3G,0,0,0
17:49.7,Danapur,25.72634283,85.14919283,-83.3364317,0,1.919564125,197.8249037,3G,0,0,0
39:40.2,Danapur,25.5943669,85.06935012,-85.17900997,0,1.315562132,122.2396019,3G,0,0,0
42:47.4,Patliputra Colony,25.54707664,85.20067189,-84.40125704,0,1.808013558,172.4627982,3G,0,0,0
55:16.2,S.K. Puri,25.63344244,85.00910241,-79.81885668,0,2.586046115,137.1647758,3G,0,0,0
10:52.3,Gandhi Maidan,25.70117144,85.06157354,-80.18344351,0,2.031081854,159.9129506,3G,0,0,0
23:21.1,Phulwari Sharif,25.62941936,85.08229545,-88.12764527,0,2.792173301,154.5731264,3G,0,0,0
35:50.0,Kankarbagh,25.64294659,85.28115969,-82.91622523,0,2.194681392,118.5635168,3G,0,0,0
42:04.4,Pataliputra,25.5783795,85.02521352,-84.58320963,0,1.390705563,184.383965,3G,0,0,0
57:40.4,Anandpuri,25.67213794,85.20904466,-82.35491094,0,2.685518405,109.8283344,3G,0,0,0
00:47.6,Gardanibagh,25.5978824,85.09162485,-84.29916873,0,1.417431078,171.3158268,3G,0,0,0
10:09.3,Kumhrar,25.50564934,85.16603196,-89.61719577,0,2.934597959,155.4217479,3G,0,0,0
25:45.3,Boring Canal Road,25.57322405,85.04575958,-88.70119234,0,1.174358171,191.9898853,3G,0,0,0
47:35.8,Bankipore,25.52097311,85.11085126,-87.45442774,0,2.004728152,171.5295293,3G,0,0,0
53:50.2,Kumhrar,25.50545316,85.18871818,-81.83266592,0,1.603944504,151.8340259,3G,0,0,0
06:19.1,Boring Road,25.64335409,85.17131467,-83.18221923,0,2.571699122,132.5953962,3G,0,0,0
15:40.7,Pataliputra,25.48452396,85.20116502,-89.47787891,0,1.883695111,135.826026,3G,0,0,0
25:02.3,Patliputra Colony,25.73703548,85.0836454,-83.44661932,0,1.613642144,152.2199134,3G,0,0,0
28:09.5,Pataliputra,25.4340544,85.07197589,-81.90034562,0,2.24890628,125.117332,3G,0,0,0
34:23.9,Ashok Rajpath,25.67417298,85.14899176,-85.78017227,0,2.135425294,136.9820549,3G,0,0,0
43:45.6,S.K. Puri,25.43842661,85.14872336,-82.88387329,0,2.790394769,155.6900548,3G,0,0,0
53:07.2,Fraser Road,25.62873558,85.0992234,-89.1902934,0,2.888006393,185.2916173,3G,0,0,0
05:36.0,Ashok Rajpath,25.73292283,85.13360615,-87.44494412,0,1.750614085,103.1520968,3G,0,0,0
01:45.8,Gandhi Maidan,25.57516607,85.3086357,-88.77718548,0,2.820200018,121.7105239,3G,0,0,0
04:53.0,Kankarbagh,25.55831226,85.19705065,-82.48841297,0,1.342007105,186.8636738,3G,0,0,0
08:00.2,S.K. Puri,25.50741294,85.05534402,-81.89970383,0,1.421236613,123.0030541,3G,0,0,0
11:07.5,Kankarbagh,25.70040456,85.07979446,-84.49624121,0,1.301803654,175.1276246,3G,0,0,0
29:50.7,Kumhrar,25.7507094,85.05219915,-85.06397833,0,1.863296956,149.1502239,3G,0,0,0
48:34.0,Gardanibagh,25.61339115,85.31366725,-82.79291182,0,1.07174111,139.7414696,3G,0,0,0
57:55.6,Kumhrar,25.74489986,85.08490613,-85.41635259,0,1.877957547,150.3157812,3G,0,0,0
19:46.1,Ashok Rajpath,25.65029723,85.07435438,-84.53142052,0,2.073716244,170.849489,3G,0,0,0
22:53.3,Ashok Rajpath,25.42545959,85.12693259,-86.57224374,0,1.218493108,105.5293443,3G,0,0,0
38:29.3,Bankipore,25.69663111,85.15882049,-80.26114829,0,1.587437926,112.3767739,3G,0,0,0
41:36.6,Kumhrar,25.665522,85.06617314,-85.33009153,0,1.90442243,199.3451442,3G,0,0,0
44:43.8,Pataliputra,25.67042409,85.18610699,-83.56983005,0,1.964470416,107.0304768,3G,0,0,0
00:19.8,Danapur,25.54591189,84.9681207,-85.25687774,0,2.060777967,198.156347,3G,0,0,0
03:27.0,Rajendra Nagar,25.73576323,85.19562867,-84.10861053,0,1.450013283,124.8505749,3G,0,0,0
47:08.0,Exhibition Road,25.73318745,85.20862967,-84.03040616,0,2.688469694,168.3308237,3G,0,0,0
50:15.2,Boring Canal Road,25.70911266,85.01327807,-88.62871636,0,2.850856498,130.4878833,3G,0,0,0
15:12.9,Ashok Rajpath,25.63321362,84.99042707,-88.22594132,0,1.331865634,148.6056675,3G,0,0,0
18:20.1,Ashok Rajpath,25.42289797,85.093588,-86.45869356,0,1.98443073,117.2774036,3G,0,0,0
55:46.6,Bailey Road,25.70188746,85.07722354,-85.79954241,0,2.83548897,103.186991,3G,0,0,0
39:27.5,Boring Canal Road,25.53543922,85.01687912,-78.87469594,0,1.102216747,143.8583741,3G,0,0,0
45:42.0,Patliputra Colony,25.66776674,85.1777558,-88.23567526,0,1.212558524,116.0091974,3G,0,0,0
01:18.0,Boring Canal Road,25.60936019,85.2843526,-86.84899179,0,1.259748211,182.4599719,3G,0,0,0
20:01.3,Pataliputra,25.57928395,85.07312561,-87.68879897,0,2.32289028,176.649295,3G,0,0,0
26:15.7,Kumhrar,25.47473515,85.02668175,-86.13271682,0,1.56390634,188.2041222,3G,0,0,0
32:30.1,Danapur,25.50820575,85.04452352,-81.87080395,0,2.679513926,100.1451712,3G,0,0,0
38:44.5,Patliputra Colony,25.65116667,85.23908554,-86.79957319,0,1.060964682,182.2791818,3G,0,0,0
51:13.4,Anisabad,25.44887704,85.08921688,-82.7251428,0,1.645027398,124.2793237,3G,0,0,0
09:56.6,Patliputra Colony,25.53186413,84.9901506,-87.68365256,0,2.735252197,169.9733731,3G,0,0,0
25:32.7,Anisabad,25.4657341,85.16346522,-81.12911768,0,2.175322007,140.538149,3G,0,0,0
41:08.7,Kankarbagh,25.75409066,85.05768699,-85.16155737,0,2.217705632,112.9553672,3G,0,0,0
47:23.1,Danapur,25.57484457,85.22878364,-87.5610958,0,2.897192491,134.4525386,3G,0,0,0
12:20.8,Boring Road,25.6376556,85.08162809,-83.50937458,0,2.161654291,189.5770446,3G,0,0,0
31:04.1,Gandhi Maidan,25.72915045,85.09869121,-85.77087659,0,1.223713991,110.3219962,3G,0,0,0
08:30.6,Rajendra Nagar,25.45255407,85.219649,-87.81381091,0,2.968662793,188.0144496,3G,0,0,0
17:52.2,Anandpuri,25.53524469,85.24245578,-88.54560144,0,1.126144434,162.1145312,3G,0,0,0
30:21.1,Bailey Road,25.57797222,85.18288748,-86.36529204,0,2.43271458,188.5011158,3G,0,0,0
42:49.9,Bailey Road,25.77151448,85.14204055,-83.57546945,0,2.928440995,168.3956249,3G,0,0,0
49:04.3,Exhibition Road,25.71593101,85.13255214,-81.32734559,0,2.533246502,185.3029184,3G,0,0,0
52:11.6,Anisabad,25.70356074,85.17718316,-85.09215193,0,2.023961286,187.2404506,3G,0,0,0
01:33.2,Kankarbagh,25.57243237,85.21468023,-88.24111082,0,2.112698858,120.7082015,3G,0,0,0
10:54.8,Exhibition Road,25.64101744,84.97007032,-89.11476531,0,2.536549112,197.126818,3G,0,0,0
26:30.9,Pataliputra,25.60335691,85.15384871,-79.68889425,0,1.975787312,128.3808241,3G,0,0,0
35:52.5,Gardanibagh,25.53639294,85.04262513,-82.83645882,0,2.45719451,198.0740763,3G,0,0,0
45:14.1,Pataliputra,25.44167747,85.19656489,-85.71755139,0,2.036354996,116.3851379,3G,0,0,0
54:35.8,Danapur,25.71304867,85.26610435,-82.77515536,0,2.109123209,128.5638153,3G,0,0,0
57:43.0,Bankipore,25.50104936,85.0381775,-83.8941115,0,2.977101663,100.4579957,3G,0,0,0
00:50.2,Exhibition Road,25.60844118,85.11164059,-82.52515037,0,1.167188936,131.6517648,3G,0,0,0
13:19.0,Rajendra Nagar,25.47039619,85.04326268,-88.2172451,0,2.471407037,164.0662416,3G,0,0,0
19:33.4,Kankarbagh,25.52659777,85.2524837,-80.91357826,0,2.369778212,162.3605535,3G,0,0,0
32:02.3,Ashok Rajpath,25.63575677,85.09963895,-86.02267144,0,2.356964842,132.3782995,3G,0,0,0
41:23.9,Fraser Road,25.45952932,85.13320075,-87.2821416,0,2.028849624,168.4851956,3G,0,0,0
53:52.8,Exhibition Road,25.54488402,85.10295299,-81.77086101,0,2.453281147,199.1934613,3G,0,0,0
00:07.2,Gardanibagh,25.73566204,85.14778129,-83.74257648,0,2.726716261,101.9797488,3G,0,0,0
25:04.9,Rajendra Nagar,25.73780849,85.21835015,-87.50256629,0,1.976829331,103.9950271,3G,0,0,0
31:19.3,Bailey Road,25.58950643,84.96805383,-83.46206176,0,1.193689076,137.1451318,3G,0,0,0
37:33.7,Fraser Road,25.55500819,85.2493899,-86.47986697,0,1.303986066,181.3785271,3G,0,0,0
43:48.1,Kumhrar,25.63225186,85.27341102,-87.75611577,0,1.990393816,171.039495,3G,0,0,0
05:38.6,Phulwari Sharif,25.62471651,85.29326237,-81.27240788,0,1.759823018,178.3023033,3G,0,0,0
08:45.8,Pataliputra,25.54457724,85.20815058,-84.16827223,0,2.193264634,113.7742928,3G,0,0,0
11:53.0,Anandpuri,25.70702422,85.21932202,-84.00938859,0,2.322247154,128.6343825,3G,0,0,0
24:21.8,Boring Road,25.47226398,85.09382117,-84.39381963,0,1.622764727,121.6580943,3G,0,0,0
27:29.1,Fraser Road,25.72942485,85.24107217,-85.40772318,0,1.188024965,156.6994834,3G,0,0,0
30:36.3,Rajendra Nagar,25.65378111,85.26614937,-83.20454198,0,1.896443529,150.9016793,3G,0,0,0
33:43.5,Boring Canal Road,25.63094124,85.04066946,-91.49408084,0,2.614587036,124.8589849,3G,0,0,0
52:26.7,Pataliputra,25.42437507,85.13767293,-82.6964199,0,1.075990572,152.3506931,3G,0,0,0
01:48.4,Boring Road,25.52737527,85.17020091,-86.70320683,0,2.385349731,198.9797573,3G,0,0,0
04:55.6,Ashok Rajpath,25.43811108,85.16639353,-88.5384672,0,1.406264489,120.8948342,3G,0,0,0
11:10.0,Boring Road,25.69402653,85.18440439,-87.21641205,0,2.997304752,145.2950647,3G,0,0,0
14:17.2,Patliputra Colony,25.64069155,85.2619422,-79.79750693,0,2.975900967,139.9415269,3G,0,0,0
39:14.9,Rajendra Nagar,25.64946612,85.08003,-90.91533226,0,1.053760585,150.7087009,3G,0,0,0
54:50.9,Boring Canal Road,25.70929752,85.12581391,-83.95817149,0,2.621894483,138.5557616,3G,0,0,0
01:05.4,Pataliputra,25.51873838,85.06586071,-80.8605988,0,2.974772874,164.1162851,3G,0,0,0
29:10.3,Kankarbagh,25.58765348,85.24038807,-85.05944062,0,2.690404679,104.0367075,3G,0,0,0
51:00.7,Anisabad,25.46953717,85.16733785,-86.74326854,0,2.882545519,156.9556068,3G,0,0,0
19:05.6,Danapur,25.44254569,85.1408392,-87.35520664,0,1.651275152,194.0943921,3G,0,0,0
31:34.5,Gandhi Maidan,25.52833592,85.04537583,-92.46527532,0,1.915425435,121.0603863,3G,0,0,0
37:48.9,Bankipore,25.76040339,85.14297856,-85.42413727,0,2.226998946,154.0713403,3G,0,0,0
50:17.7,Rajendra Nagar,25.61701735,85.24415282,-87.35028614,0,2.107224012,146.5863065,3G,0,0,0
56:32.1,Exhibition Road,25.5306007,85.06096323,-81.96960738,0,2.338331441,133.0031185,3G,0,0,0
15:15.4,Fraser Road,25.49314119,85.20709103,-85.23014828,0,2.4321944,174.4807482,3G,0,0,0
24:37.0,Kidwaipuri,25.62782613,85.17152785,-87.37756632,0,1.115060799,190.557428,3G,0,0,0
02:03.6,Bailey Road,25.68587645,85.25794787,-88.00199158,0,1.086528697,100.4513208,3G,0,0,0
05:10.8,Gardanibagh,25.58775558,85.29186195,-87.89990904,0,1.131596607,137.1996014,3G,0,0,0
23:54.0,Rajendra Nagar,25.4794124,85.16712181,-91.64965287,0,1.893411364,169.8413249,3G,0,0,0
36:22.9,Fraser Road,25.54768513,85.05722748,-84.25392768,0,2.545130653,108.2269054,3G,0,0,0
13:49.4,Kidwaipuri,25.5826712,85.29728413,-90.65096425,0,1.774280781,190.9101079,3G,0,0,0
16:56.6,Exhibition Road,25.65302828,85.28694037,-84.05873936,0,2.590757264,161.1136524,3G,0,0,0
35:39.9,Kumhrar,25.65976167,85.2440629,-84.26255161,0,1.25362115,147.4720022,3G,0,0,0
41:54.3,S.K. Puri,25.56220345,85.28789061,-85.88964832,0,2.498130809,131.7128674,3G,0,0,0
45:01.5,Anandpuri,25.44860478,85.24212228,-89.482587,0,2.393633104,189.328718,3G,0,0,0
48:08.7,Pataliputra,25.52404369,85.17076689,-82.55111424,0,1.514613978,131.1535608,3G,0,0,0
54:23.1,Bankipore,25.64673113,85.0095707,-84.87051177,0,1.123567405,108.078098,3G,0,0,0
00:37.5,Gardanibagh,25.68261802,85.20601137,-82.75009068,0,2.361128617,134.2885851,3G,0,0,0
09:59.2,Bankipore,25.75772348,85.14092673,-87.27488561,0,1.594480055,194.5866199,3G,0,0,0
16:13.6,Fraser Road,25.63711378,84.97059625,-88.44771148,0,1.322116455,183.79284,3G,0,0,0
34:56.9,Bankipore,25.67637011,85.01431118,-82.07560571,0,1.285480879,124.095645,3G,0,0,0
56:47.3,Kankarbagh,25.6226129,85.02932334,-89.88676505,0,1.975437702,169.1762364,3G,0,0,0
12:23.4,Gandhi Maidan,25.51389899,85.29236092,-82.71287917,0,2.979171439,131.4175529,3G,0,0,0
34:13.8,Kumhrar,25.50309097,85.01925068,-88.83984864,0,1.736492405,181.9499221,3G,0,0,0
43:35.5,Anisabad,25.57136815,85.19322143,-80.96047206,0,1.605818974,157.8593894,3G,0,0,0
46:42.7,Patliputra Colony,25.75121397,85.15375894,-85.9273665,0,1.590047949,165.8112634,3G,0,0,0
56:04.3,Boring Canal Road,25.45202121,85.11114585,-83.25090158,0,2.892469159,115.4048208,3G,0,0,0
11:40.4,Anisabad,25.7299539,85.08404856,-85.96914033,0,1.657820453,160.6358496,3G,0,0,0
30:23.6,Kidwaipuri,25.61150571,85.02596155,-81.97109474,0,2.016562432,156.3088068,3G,0,0,0
39:45.3,Rajendra Nagar,25.4309198,85.13994866,-86.17251764,0,2.466263442,135.3847445,3G,0,0,0
42:52.5,Patliputra Colony,25.73458173,85.09801977,-86.38116578,0,1.136349271,141.5647243,3G,0,0,0
55:21.3,Boring Road,25.4794886,85.12219921,-89.68251077,0,1.24566836,140.128324,3G,0,0,0
58:28.5,Boring Road,25.61477334,85.18330278,-80.75917093,0,1.748933349,159.8173371,3G,0,0,0
07:50.2,Kankarbagh,25.67482191,85.07399956,-87.91254041,0,2.917608107,130.3902847,3G,0,0,0
26:33.4,Kumhrar,25.50348095,85.24169231,-88.55943615,0,2.558977861,111.6436472,3G,0,0,0
29:40.6,Boring Road,25.58104943,84.99190709,-90.56245355,0,1.743703947,161.5246682,3G,0,0,0
35:55.0,Anisabad,25.69569126,85.21967007,-85.3978248,0,2.135222503,177.0252917,3G,0,0,0
03:59.9,Rajendra Nagar,25.67169508,85.15104415,-82.46310296,0,2.453230804,142.4418905,3G,0,0,0
13:21.6,Pataliputra,25.65863288,85.09378081,-87.22775671,0,1.428075554,177.2146077,3G,0,0,0
22:43.2,Anandpuri,25.69021508,85.00169351,-83.23001769,0,1.685282248,183.1040667,3G,0,0,0
38:19.2,S.K. Puri,25.6916711,85.11640254,-76.59863259,0,1.881190952,143.9573317,3G,0,0,0
53:55.3,Bailey Road,25.54090499,85.21695025,-83.22385057,0,1.288955375,130.3101529,3G,0,0,0
57:02.5,Anisabad,25.56179246,85.22946246,-81.73214045,0,2.625085303,131.1855641,3G,0,0,0
09:31.3,Gardanibagh,25.60615829,85.23359694,-82.93052738,0,2.220803074,150.5449669,3G,0,0,0
34:29.0,Ashok Rajpath,25.6410811,85.16444936,-88.60482545,0,2.963590037,179.4835728,3G,0,0,0
37:36.2,Gardanibagh,25.72313477,85.205437,-82.41215938,0,2.563321279,120.4926549,3G,0,0,0
43:50.7,Fraser Road,25.69684109,85.06134405,-84.19477399,0,1.303269711,198.1216501,3G,0,0,0
53:12.3,Rajendra Nagar,25.65924655,85.23597229,-86.47342769,0,2.902592302,100.5032667,3G,0,0,0
59:26.7,Bailey Road,25.50835116,85.02189822,-85.48674174,0,2.246655973,147.8649878,3G,0,0,0
02:33.9,Bailey Road,25.67695675,85.27267963,-86.41229173,0,2.283561925,150.3170924,3G,0,0,0
05:41.1,Fraser Road,25.52126544,85.1937908,-85.31920769,0,2.009657132,183.746992,3G,0,0,0
33:46.0,Danapur,25.49315845,85.256999,-84.79499117,0,1.988365085,147.554315,3G,0,0,0
40:00.4,Boring Canal Road,25.71236701,85.10945412,-84.6974852,0,1.422817591,184.5973589,3G,0,0,0
43:07.7,Danapur,25.52460934,85.22933211,-82.34120165,0,2.791320549,163.200439,3G,0,0,0
46:14.9,Exhibition Road,25.74165079,85.07850533,-75.38119454,0,1.508664447,159.4636519,3G,0,0,0
49:22.1,Bailey Road,25.65393788,84.97605707,-84.67189805,0,1.155095738,164.7488485,3G,0,0,0
14:19.8,Gardanibagh,25.49207557,85.25662966,-82.55761012,0,2.203127769,152.6457181,3G,0,0,0
26:48.6,Kankarbagh,25.55029808,85.13358582,-85.45273466,0,1.224863657,172.2203864,3G,0,0,0
29:55.8,Kankarbagh,25.54577056,85.09549029,-82.13278475,0,1.073569492,117.1696755,3G,0,0,0
36:10.2,Gandhi Maidan,25.62302458,84.99550228,-85.58553756,0,1.029853727,103.1274012,3G,0,0,0
39:17.4,Danapur,25.67384782,85.25301222,-86.37280682,0,1.143123157,112.1770373,3G,0,0,0
07:22.3,Exhibition Road,25.70363376,85.10553848,-82.2085741,0,2.527444565,167.3277183,3G,0,0,0
10:29.5,Anisabad,25.57492856,85.15649589,-88.93350881,0,2.871991106,186.4934131,3G,0,0,0
22:58.4,Boring Road,25.50885557,85.15414984,-87.26268356,0,2.346283859,141.8173971,3G,0,0,0
35:27.2,Kidwaipuri,25.5862164,85.00647408,-87.7638474,0,2.294737688,154.1732237,3G,0,0,0
12:53.7,Bailey Road,25.55265549,85.12022957,-83.80865612,0,1.071170758,160.3914572,3G,0,0,0
16:01.0,Phulwari Sharif,25.66013666,85.22313092,-78.26078484,0,1.893419736,130.2652866,3G,0,0,0
47:13.1,Pataliputra,25.47385157,85.03433075,-87.30690569,0,1.841704679,109.6270173,3G,0,0,0
53:27.5,Kankarbagh,25.72988719,85.25025937,-85.5982037,0,1.189362695,199.6742772,3G,0,0,0
59:41.9,Danapur,25.49151524,85.04584046,-89.01035828,0,1.050899078,183.230528,3G,0,0,0
05:56.3,Patliputra Colony,25.4407116,85.0790079,-86.81058275,0,2.934471848,104.5701628,3G,0,0,0
12:10.7,Gandhi Maidan,25.73286906,85.23852968,-78.74231967,0,1.187456846,136.4275389,3G,0,0,0
55:51.7,Danapur,25.66037673,85.28383924,-84.2418697,0,1.322338801,137.1215117,3G,0,0,0
36:25.4,Anisabad,25.49015253,85.10996245,-88.28788726,0,2.914924993,131.2765482,3G,0,0,0
52:01.5,Rajendra Nagar,25.46707687,85.12341898,-83.21715336,0,2.211624172,158.8115762,3G,0,0,0
58:15.9,Danapur,25.47162518,85.16112417,-87.65024944,0,1.686128047,134.1978482,3G,0,0,0
04:30.3,Rajendra Nagar,25.5775728,85.24112541,-85.38205694,0,1.570639117,139.1055039,3G,0,0,0
16:59.1,Bailey Road,25.68146562,85.16764165,-87.07185121,0,1.668434893,182.3091761,3G,0,0,0
38:49.6,Bailey Road,25.65869951,85.27281926,-88.13584266,0,2.269080362,168.2977133,3G,0,0,0
45:04.0,Bailey Road,25.64494152,85.25258717,-86.94278825,0,1.724367256,145.1520899,3G,0,0,0
48:11.2,Fraser Road,25.46989827,85.0821296,-85.00941303,0,1.587787805,162.3338333,3G,0,0,0
51:18.5,Pataliputra,25.54715242,85.10803845,-85.06798673,0,1.695089545,104.8500331,3G,0,0,0
54:25.7,Anisabad,25.55860362,85.03510685,-81.67152581,0,1.481300691,195.6772033,3G,0,0,0
06:54.5,Patliputra Colony,25.45050309,85.1046758,-89.89114056,0,1.596917958,119.2349412,3G,0,0,0
10:01.7,Anandpuri,25.60153375,85.23767463,-82.74762316,0,2.287456728,151.7985839,3G,0,0,0
13:08.9,Anandpuri,25.58134106,85.09819982,-83.54386767,0,1.351936753,189.4470797,3G,0,0,0
22:30.6,Fraser Road,25.55397301,84.9722396,-91.41938513,0,2.183080433,105.5706079,3G,0,0,0
28:02.0,Rajendra Nagar,25.61573077,85.01233147,-79.97371657,0,1.493681204,123.0705112,3G,0,0,0
37:23.6,Bankipore,25.46620472,85.08599576,-86.42200082,0,2.608581744,150.8753502,3G,0,0,0
52:59.6,Rajendra Nagar,25.4688884,85.10407302,-83.7126759,0,1.999018449,192.5577588,3G,0,0,0
21:04.5,Pataliputra,25.74582706,85.10871071,-84.351567,0,2.178008492,127.2512312,3G,0,0,0
55:23.9,Bankipore,25.56503003,85.19978363,-87.87835854,0,1.820950705,180.6852308,3G,0,0,0
42:12.0,Ashok Rajpath,25.46091891,85.2133039,-87.81955912,0,1.103159789,192.762364,3G,0,0,0
45:19.2,Boring Canal Road,25.69594853,85.22753846,-84.10126534,0,1.719633804,161.938284,3G,0,0,0
57:48.1,Boring Canal Road,25.65802318,85.24967637,-92.15983781,0,1.377170079,139.0666828,3G,0,0,0
19:38.5,Exhibition Road,25.59263777,85.07200731,-88.0223758,0,1.016423492,116.4614017,3G,0,0,0
29:00.2,Patliputra Colony,25.47754449,85.00859694,-81.89130277,0,2.808967418,184.0225344,3G,0,0,0
32:07.4,Ashok Rajpath,25.63750021,85.16829248,-84.1140911,0,1.807414495,143.7683322,3G,0,0,0
47:43.4,Anandpuri,25.61977261,85.05577227,-88.24948091,0,1.737183768,125.1499765,3G,0,0,0
50:50.6,Phulwari Sharif,25.55164722,85.21102416,-84.44373461,0,1.754899606,163.1519302,3G,0,0,0
03:19.5,Rajendra Nagar,25.74395486,85.048383,-85.17585856,0,1.41954821,116.0155601,3G,0,0,0
22:02.7,Patliputra Colony,25.43066683,85.1396485,-88.02094367,0,2.522949169,160.6640898,3G,0,0,0
31:24.4,Kumhrar,25.49920691,85.0187911,-88.86474079,0,2.890329456,158.3031749,3G,0,0,0
43:53.2,Pataliputra,25.62385797,84.98140082,-89.62247517,0,2.496189464,162.3066141,3G,0,0,0
02:36.5,Anisabad,25.50197498,85.23438558,-87.02004357,0,1.578481171,180.564172,3G,0,0,0
08:50.9,Bankipore,25.66191654,85.08481505,-88.96866097,0,1.791234259,120.0226517,3G,0,0,0
40:03.0,Bankipore,25.46947036,85.03643766,-83.55714793,0,1.251498459,163.4370638,3G,0,0,0
01:53.5,Boring Road,25.52292861,85.10667199,-85.52649172,0,2.597492767,126.902846,3G,0,0,0
17:29.5,Fraser Road,25.71708254,85.04991675,-82.7049057,0,2.013996371,153.2208358,3G,0,0,0
26:51.1,Kidwaipuri,25.44235957,85.17262511,-87.99673016,0,2.280505625,169.3885709,3G,0,0,0
29:58.3,S.K. Puri,25.5006188,85.18395695,-83.52626135,0,2.164668319,117.8127233,3G,0,0,0
33:05.6,Anandpuri,25.55597355,85.05591051,-85.83710243,0,2.713779451,131.7199645,3G,0,0,0
42:27.2,Kumhrar,25.48463808,85.11877662,-79.76453208,0,1.491520105,178.0838467,3G,0,0,0
01:10.5,Patliputra Colony,25.5847331,85.13983672,-84.27666648,0,1.962600344,188.7588696,3G,0,0,0
19:53.7,Kumhrar,25.57811848,85.30233653,-88.60880448,0,1.635860492,106.3061068,3G,0,0,0
09:49.1,Gandhi Maidan,25.61252235,85.20515552,-85.16416969,0,2.617749003,102.4505639,3G,0,0,0
12:56.3,Kankarbagh,25.52540856,85.19560953,-85.44894016,0,1.993678213,100.6839149,3G,0,0,0
34:46.8,Kankarbagh,25.61707181,85.15761784,-85.00707705,0,2.416436584,178.6611112,3G,0,0,0
56:37.2,Kidwaipuri,25.45028586,85.1968224,-82.22026571,0,2.771270432,153.2243202,3G,0,0,0
43:25.4,Rajendra Nagar,25.42227003,85.13772574,-89.51334383,0,2.110119009,113.8673122,3G,0,0,0
08:23.1,Anisabad,25.60702523,85.25430982,-83.87930341,0,2.604128784,193.451374,3G,0,0,0
20:51.9,S.K. Puri,25.48417682,85.06622735,-84.33684274,0,1.595948192,178.4978016,3G,0,0,0
30:13.5,Kidwaipuri,25.48620849,84.99543726,-82.47943746,0,2.066629767,159.5754524,3G,0,0,0
45:49.6,Pataliputra,25.69951354,85.02418796,-81.16562464,0,1.718394196,166.7136329,3G,0,0,0
04:32.8,Boring Road,25.48362741,85.27363805,-83.11438134,0,2.137698005,173.1944102,3G,0,0,0
17:01.7,Gandhi Maidan,25.6748745,85.15982332,-83.32511221,0,1.935916717,177.6109795,3G,0,0,0
23:16.1,Anisabad,25.71567151,85.04571157,-85.5864931,0,2.055266147,154.9870154,3G,0,0,0
29:30.5,Boring Canal Road,25.44486749,85.12725481,-87.01998363,0,1.817720767,173.8679588,3G,0,0,0
45:06.6,Boring Canal Road,25.67645483,85.26511326,-79.09523487,0,2.926974302,168.8470633,3G,0,0,0
48:13.8,Gardanibagh,25.52954037,85.05454174,-87.079951,0,1.349711512,100.9143904,3G,0,0,0
06:57.0,Phulwari Sharif,25.71973023,85.06162882,-90.64460212,0,2.499276378,115.5100752,3G,0,0,0
16:18.7,Gardanibagh,25.70702177,85.23648876,-85.9858615,0,1.370673236,159.2651979,3G,0,0,0
22:33.1,Bankipore,25.60365675,85.15133071,-83.20401907,0,1.020597636,131.3592597,3G,0,0,0
31:54.7,Boring Canal Road,25.61858156,85.1708679,-88.31472916,0,2.750638442,122.0161623,3G,0,0,0
44:23.6,Bailey Road,25.56512412,85.31188716,-80.69547614,0,1.09877189,160.1893603,3G,0,0,0
47:30.8,Danapur,25.74631997,85.09882321,-85.16795007,0,1.86421048,130.4172345,3G,0,0,0
50:38.0,Anandpuri,25.66949305,85.1128843,-82.10679568,0,2.551993043,192.9148307,3G,0,0,0
12:28.5,Kankarbagh,25.5878262,85.12100238,-84.67484017,0,2.383002273,152.786859,3G,0,0,0
21:50.1,Danapur,25.63510551,85.15800468,-86.71519971,0,1.097780905,178.000589,3G,0,0,0
28:04.5,Rajendra Nagar,25.62146323,84.96466938,-86.07022255,0,1.324586,123.0949109,3G,0,0,0
40:33.4,Pataliputra,25.49919424,85.02333474,-87.16502635,0,1.122903874,159.4010027,3G,0,0,0
53:02.2,Anisabad,25.71698243,85.12090411,-84.79953231,0,2.583143629,105.8910113,3G,0,0,0
42:57.6,Gandhi Maidan,25.43545508,85.13570099,-83.81272551,0,1.719945266,139.7180693,3G,0,0,0
52:19.2,Boring Road,25.71389875,85.24329794,-85.52201147,0,2.298273821,192.4034628,3G,0,0,0
55:26.4,Kankarbagh,25.5402595,85.21866573,-80.88634516,0,1.964891395,183.7056325,3G,0,0,0
01:40.8,Kumhrar,25.43122692,85.17857645,-84.12434023,0,1.348927561,157.7854071,3G,0,0,0
14:09.7,Exhibition Road,25.66345478,84.98771832,-84.71340801,0,2.676775627,128.3668235,3G,0,0,0
17:16.9,Boring Canal Road,25.61616653,85.16120306,-82.63045834,0,1.982422344,144.4540898,3G,0,0,0
20:24.1,Fraser Road,25.50739887,85.03697451,-85.67098452,0,1.243023287,176.2696089,3G,0,0,0
26:38.5,Bailey Road,25.69618922,85.05050307,-89.97041114,0,1.996684615,148.3992443,3G,0,0,0
36:00.1,Patliputra Colony,25.65771871,85.06727581,-84.68328406,0,2.563565293,120.7863946,3G,0,0,0
39:07.3,Boring Canal Road,25.51990453,85.026837,-85.74237786,0,2.616160206,145.6807912,3G,0,0,0
48:29.0,Fraser Road,25.60353789,85.18306008,-86.63674057,0,1.675101256,124.0694854,3G,0,0,0
13:26.7,Exhibition Road,25.7165758,85.22940789,-82.88006489,0,2.936732676,116.5721539,3G,0,0,0
19:41.1,Patliputra Colony,25.49959261,85.21609707,-89.04741887,0,2.539379556,147.48863,3G,0,0,0
25:55.5,Fraser Road,25.63206934,85.00109242,-84.87357155,0,2.682975052,181.9956191,3G,0,0,0
38:24.3,Phulwari Sharif,25.67205391,85.17490487,-87.40440836,0,2.242402942,191.5779092,3G,0,0,0
41:31.5,Rajendra Nagar,25.4269769,85.13950161,-86.61605723,0,1.830919626,123.6683151,3G,0,0,0
03:22.0,S.K. Puri,25.43902122,85.17578153,-91.40580013,0,2.699356691,195.9814951,3G,0,0,0
25:12.5,Exhibition Road,25.62634337,85.18848002,-80.17823328,0,1.303150518,119.1000734,3G,0,0,0
37:41.3,Bailey Road,25.47189449,85.12535676,-83.71097072,0,1.750355906,131.6473608,3G,0,0,0
40:48.5,Fraser Road,25.60313113,85.26878662,-85.88344965,0,2.860623857,129.5924295,3G,0,0,0
50:10.2,Kumhrar,25.58826109,85.04772512,-87.77487309,0,2.535038994,189.0860391,3G,0,0,0
53:17.4,S.K. Puri,25.52672724,84.990685,-85.25500149,0,2.699914207,112.9845749,3G,0,0,0
56:24.6,Boring Road,25.54193746,85.00584171,-85.60026824,0,2.359771357,138.6030318,3G,0,0,0
18:15.1,Gardanibagh,25.51852574,85.19390072,-81.66002053,0,1.615356711,187.1908579,3G,0,0,0
27:36.7,Bankipore,25.51120266,85.25244332,-86.86749628,0,2.532804951,106.1403607,3G,0,0,0
40:05.5,S.K. Puri,25.65524742,85.1556892,-86.33977826,0,1.985266507,100.4117857,3G,0,0,0
20:39.3,S.K. Puri,25.63116894,84.97236038,-80.6764494,0,1.399039031,147.5304561,3G,0,0,0
26:53.7,S.K. Puri,25.42008885,85.09846615,-83.51078481,0,1.152690832,181.0979153,3G,0,0,0
36:15.3,Pataliputra,25.68364989,85.15966076,-84.57785597,0,1.723810578,160.9587341,3G,0,0,0
04:20.2,Ashok Rajpath,25.62908121,85.23952736,-86.2895806,0,1.597676756,182.6119526,3G,0,0,0
10:34.6,Boring Canal Road,25.6748653,85.0482226,-83.43102004,0,1.355493727,161.0869473,3G,0,0,0
13:41.8,Pataliputra,25.73612779,85.14493895,-85.96704634,0,1.139640235,170.5918601,3G,0,0,0
16:49.0,Anandpuri,25.7137573,85.25018653,-88.70176442,0,2.402607298,124.7027324,3G,0,0,0
26:10.7,Exhibition Road,25.69909099,85.26971061,-85.83108981,0,2.700109935,131.31615,3G,0,0,0
48:01.1,Gardanibagh,25.63368442,85.06369781,-81.9416468,0,2.809953908,104.3927659,3G,0,0,0
54:15.6,Gandhi Maidan,25.4763773,85.05843647,-87.00585876,0,1.136509214,195.4194365,3G,0,0,0
57:22.8,Boring Road,25.68813958,85.01472309,-85.11260535,0,2.606175846,106.3033904,3G,0,0,0
00:30.0,Kankarbagh,25.59589146,85.13294666,-83.17892894,0,1.077381598,152.1515045,3G,0,0,0
06:44.4,Fraser Road,25.67714397,84.98705347,-87.67318942,0,2.564997088,117.244138,3G,0,0,0
28:34.9,Kidwaipuri,25.61711603,85.05255162,-82.39853062,0,1.098690695,139.7955638,3G,0,0,0
31:42.1,Pataliputra,25.5063299,85.1531016,-92.41499486,0,1.485653328,103.9136722,3G,0,0,0
44:10.9,Phulwari Sharif,25.68736916,85.05546573,-86.33250258,0,1.307701877,148.8401853,3G,0,0,0
47:18.1,Patliputra Colony,25.46164772,85.02164658,-80.98185962,0,1.958928806,131.9048043,3G,0,0,0
56:39.8,Bankipore,25.6789034,85.23554629,-80.53821401,0,2.76914469,100.0233495,3G,0,0,0
18:30.2,Ashok Rajpath,25.48428885,85.27951592,-89.01387791,0,1.26383631,187.3948228,3G,0,0,0
27:51.9,Kidwaipuri,25.60327405,85.19236862,-83.6070651,0,1.303865869,144.4672459,3G,0,0,0
30:59.1,Anisabad,25.62031159,85.05137167,-82.22122789,0,1.12922674,179.5768992,3G,0,0,0
43:27.9,Kumhrar,25.63667721,85.18278825,-88.22390672,0,2.792482089,186.9228504,3G,0,0,0
59:04.0,Gardanibagh,25.43110893,85.06330952,-83.76158872,0,2.401534204,139.5227997,3G,0,0,0
14:40.0,Gandhi Maidan,25.69129918,85.05576427,-87.92533438,0,2.0880545,101.4696181,3G,0,0,0
17:47.2,Phulwari Sharif,25.76777351,85.18104049,-83.54242461,0,2.28504616,113.5476495,3G,0,0,0
20:54.4,Gandhi Maidan,25.58955167,85.11643622,-79.57163073,0,2.703982259,192.2938803,3G,0,0,0
24:01.7,Bankipore,25.47074882,85.20019488,-86.66788835,0,1.236630278,107.187622,3G,0,0,0
36:30.5,Anandpuri,25.61920114,85.0360654,-84.38275927,0,1.118186058,138.1803669,3G,0,0,0
52:06.5,S.K. Puri,25.70885298,85.16164644,-85.52809815,0,2.277650468,148.6141864,3G,0,0,0
55:13.8,Fraser Road,25.69612342,85.22395574,-84.94068635,0,1.810000978,125.998912,3G,0,0,0
17:04.2,Boring Canal Road,25.58993792,84.96160012,-83.41647743,0,1.163567721,124.56697,3G,0,0,0
26:25.9,Kankarbagh,25.64710553,85.2088992,-86.47397898,0,1.149766654,117.895862,3G,0,0,0
29:33.1,Ashok Rajpath,25.55711838,85.1757982,-90.43342143,0,1.054994475,198.6772387,3G,0,0,0
35:47.5,Danapur,25.54077976,85.01827541,-84.37234413,0,2.98326669,175.7964969,3G,0,0,0
38:54.7,Gandhi Maidan,25.59322154,85.2422296,-91.1197383,0,2.622480389,147.9729241,3G,0,0,0
41:18.9,Ashok Rajpath,25.55953419,85.13210235,-83.90041747,0,2.058211732,117.8395756,3G,0,0,0
50:40.5,Gardanibagh,25.61960739,85.03621612,-83.09043381,0,1.450870227,180.9880776,3G,0,0,0
56:55.0,Anandpuri,25.73610701,85.0760631,-87.76744127,0,2.586879739,176.7531302,3G,0,0,0
00:02.2,Kumhrar,25.50891215,85.23260766,-82.92384053,0,2.123066176,181.1613372,3G,0,0,0
03:09.4,S.K. Puri,25.43245582,85.10373172,-82.06890293,0,1.759222958,155.6962873,3G,0,0,0
24:59.8,S.K. Puri,25.64020814,84.98943024,-88.88797181,0,1.196146756,169.7563576,3G,0,0,0
05:33.6,Exhibition Road,25.58812116,85.2719024,-84.44216882,0,1.827202718,128.7806267,3G,0,0,0
24:16.8,Pataliputra,25.55172321,85.12371746,-83.55377058,0,1.219116307,180.5810379,3G,0,0,0
30:31.3,Bailey Road,25.56196021,84.97701613,-82.17095259,0,2.065373333,114.8318559,3G,0,0,0
07:57.8,Kumhrar,25.55563034,85.10465736,-86.69774841,0,2.217803698,119.8116634,3G,0,0,0
20:26.6,Boring Canal Road,25.73616567,85.04658404,-85.12877033,0,2.191402085,153.2220101,3G,0,0,0
26:41.0,Fraser Road,25.61116062,85.08373736,-85.21554729,0,1.842030744,138.4815232,3G,0,0,0
32:55.5,Anandpuri,25.67396346,85.27575598,-84.09591845,0,1.987791197,103.3246339,3G,0,0,0
36:02.7,Gandhi Maidan,25.61025296,85.14328007,-85.02204862,0,1.907747267,104.3691323,3G,0,0,0
48:31.5,Gandhi Maidan,25.59478738,85.26825744,-89.7609939,0,2.645343878,114.2612673,3G,0,0,0
57:53.1,Boring Canal Road,25.61069721,85.02806889,-88.08003719,0,1.590243631,157.7489726,3G,0,0,0
25:58.0,Anisabad,25.53345734,85.12599876,-88.87157616,0,1.490495824,117.7355022,3G,0,0,0
47:48.5,Gardanibagh,25.70269682,85.17734791,-86.47772288,0,2.175581912,121.5860676,3G,0,0,0
15:53.4,Bailey Road,25.68775981,85.05651426,-87.11895729,0,1.84262162,119.6582377,3G,0,0,0
19:00.6,Pataliputra,25.61894533,85.15007356,-88.65551041,0,2.219083459,156.329165,3G,0,0,0
25:15.0,Fraser Road,25.65983232,85.19925928,-85.65434936,0,1.620342242,141.624113,3G,0,0,0
31:29.4,Pataliputra,25.51507084,85.29666881,-76.26614761,0,1.045993775,130.0858815,3G,0,0,0
40:51.1,Pataliputra,25.55436341,84.97945281,-83.32534436,0,2.763237301,161.6651078,3G,0,0,0
02:41.6,Gardanibagh,25.52426823,85.19019132,-81.63717072,0,1.428244554,108.4203115,3G,0,0,0
08:56.0,S.K. Puri,25.45873884,85.15621622,-91.35327108,0,1.884589244,194.0983847,3G,0,0,0
15:10.4,Kidwaipuri,25.68230779,85.10151102,-89.66160881,0,2.43268846,102.3569625,3G,0,0,0
18:17.6,Pataliputra,25.58462573,85.28176337,-84.4938158,0,2.143753827,164.1763204,3G,0,0,0
21:24.8,Exhibition Road,25.7401586,85.21725459,-91.2239987,0,2.280241102,165.4951057,3G,0,0,0
27:39.2,Anisabad,25.58243681,85.23688393,-85.03058338,0,1.757231248,122.974468,3G,0,0,0
30:46.4,Danapur,25.72803556,85.12623529,-81.30717431,0,2.042489841,133.0812186,3G,0,0,0
37:00.9,Boring Road,25.64521815,85.29621948,-88.3133259,0,1.377997318,103.0893761,3G,0,0,0
46:22.5,Kankarbagh,25.58269343,85.30253822,-86.76954126,0,2.958996399,114.5229973,3G,0,0,0
01:58.5,Ashok Rajpath,25.72910216,85.13229795,-85.83194813,0,2.324442448,105.6112495,3G,0,0,0
11:20.2,Exhibition Road,25.65196862,85.23792138,-82.76643927,0,1.229065329,195.0245203,3G,0,0,0
36:17.9,Pataliputra,25.51990473,85.27199306,-82.02089001,0,2.73871181,105.0781529,3G,0,0,0
48:46.7,Bankipore,25.58121708,84.97432886,-82.79598119,0,1.469688442,106.8749139,3G,0,0,0
51:53.9,Anandpuri,25.68732112,85.21696611,-81.92643688,0,2.691276605,134.3219937,3G,0,0,0
55:01.1,Bankipore,25.75972094,85.15556701,-83.25791353,0,1.90698229,110.2521067,3G,0,0,0
04:22.7,Gardanibagh,25.62795935,85.24239763,-87.45182066,0,1.790203068,192.1888279,3G,0,0,0
10:37.2,Phulwari Sharif,25.69487244,85.28590602,-76.91359216,0,1.175008844,191.5345246,3G,0,0,0
23:06.0,Boring Road,25.7100325,85.09163283,-80.56182223,0,2.800955688,159.9071095,3G,0,0,0
29:20.4,Kankarbagh,25.59264192,85.072417,-84.57722289,0,1.611241788,174.9458107,3G,0,0,0
51:10.9,Kankarbagh,25.56938433,85.01930454,-85.9876336,0,1.79567942,164.9887972,3G,0,0,0
57:25.3,Phulwari Sharif,25.4779167,85.03547753,-84.49106816,0,2.175408523,183.7616054,3G,0,0,0
03:39.7,Pataliputra,25.46744024,85.0648271,-88.94114295,0,2.182695461,112.7226334,3G,0,0,0
19:15.8,Anisabad,25.60264163,85.17698538,-86.00297291,0,2.38981,100.6038997,3G,0,0,0
31:44.6,Gardanibagh,25.68363493,85.18635981,-82.17848454,0,2.523247564,170.6835138,3G,0,0,0
09:11.2,Kankarbagh,25.7534536,85.18844853,-85.20536735,0,2.658963045,112.6855136,3G,0,0,0
12:18.4,Kankarbagh,25.7270776,85.04126464,-84.70057047,0,2.629346606,148.1981989,3G,0,0,0
18:32.8,Rajendra Nagar,25.49841989,84.99512861,-86.99367709,0,2.078364437,110.3317167,3G,0,0,0
27:54.4,Pataliputra,25.65887378,85.08617722,-80.21573875,0,1.925466719,166.7931909,3G,0,0,0
43:30.5,Fraser Road,25.70078161,85.25734083,-87.19128913,0,2.495093591,144.4673863,3G,0,0,0
46:37.7,Kidwaipuri,25.67870219,84.99192164,-85.67139414,0,1.23930867,120.1672795,3G,0,0,0
49:44.9,Kankarbagh,25.72175501,85.1808218,-86.28206471,0,1.36087293,172.3064917,3G,0,0,0
52:52.1,Bailey Road,25.6895817,85.02837369,-82.75023518,0,2.590692119,102.3934003,3G,0,0,0
02:13.7,Phulwari Sharif,25.70679154,85.10506125,-85.13573431,0,1.786018658,158.2669359,3G,0,0,0
14:42.6,Boring Canal Road,25.53096233,85.2087535,-84.48102348,0,1.590387912,157.2888227,3G,0,0,0
27:11.4,Exhibition Road,25.58217347,85.18408994,-84.14457616,0,2.65656428,164.1479161,3G,0,0,0
30:18.6,Anandpuri,25.6887948,85.19897679,-82.16510887,0,2.421903768,132.9605081,3G,0,0,0
36:33.0,Anandpuri,25.66069739,85.15602694,-92.66321742,0,1.014695236,147.7956591,3G,0,0,0
49:01.9,Gandhi Maidan,25.63256656,84.99900167,-83.25842349,0,1.461750206,126.1299847,3G,0,0,0
55:16.3,Anandpuri,25.61510475,84.99406963,-85.94491308,0,1.835170156,110.2956264,3G,0,0,0
58:23.5,Fraser Road,25.69362398,85.00761622,-80.04636478,0,1.684896678,196.4552369,3G,0,0,0
07:45.1,Boring Canal Road,25.74792152,85.1029089,-77.73181437,0,2.328649685,137.8672177,3G,0,0,0
13:59.6,Gandhi Maidan,25.57348372,85.03203645,-87.05649805,0,1.653529148,176.4006469,3G,0,0,0
20:14.0,Gandhi Maidan,25.64313129,85.06638047,-87.2357886,0,2.606143516,131.8073128,3G,0,0,0
23:21.2,Pataliputra,25.63773711,85.02441527,-87.13370592,0,2.94561987,170.2348881,3G,0,0,0
03:54.9,Bankipore,25.73318751,85.23305941,-89.49147468,0,2.015140186,172.5306206,3G,0,0,0
31:59.8,Rajendra Nagar,25.49181072,85.07634808,-85.58910201,0,1.371342648,105.4715194,3G,0,0,0
47:35.9,Boring Canal Road,25.59268067,85.04616406,-86.37885391,0,1.359386215,194.2086746,3G,0,0,0
00:04.7,Pataliputra,25.59703635,85.07516142,-89.74305081,0,2.162635279,133.3784799,3G,0,0,0
09:26.3,Bailey Road,25.64558687,85.01599863,-87.52840499,0,1.844504912,177.2056569,3G,0,0,0
21:55.2,S.K. Puri,25.62840348,85.00738925,-87.72249407,0,1.868423295,189.6772189,3G,0,0,0
25:02.4,Fraser Road,25.64691296,85.08475148,-82.48418493,0,2.010186039,151.3650746,3G,0,0,0
40:38.4,S.K. Puri,25.49402835,85.20669347,-84.03575306,0,2.099338794,123.2428682,3G,0,0,0
46:52.9,Ashok Rajpath,25.49207674,85.06358833,-87.14043982,0,1.092231067,100.0053559,3G,0,0,0
59:21.7,Kankarbagh,25.48533812,85.05258707,-83.31524892,0,2.375167379,109.5309933,3G,0,0,0
24:19.4,Kumhrar,25.55380661,85.27317242,-82.58252015,0,2.539384283,141.1539695,3G,0,0,0
27:26.6,Kankarbagh,25.54392857,85.27312129,-89.61077004,0,2.03708537,101.8705474,3G,0,0,0
46:09.9,Kumhrar,25.66183974,85.00993571,-83.64838566,0,1.587265795,186.5669164,3G,0,0,0
49:17.1,Exhibition Road,25.61429652,85.30397218,-78.27642509,0,2.248771085,110.8015475,3G,0,0,0
26:43.6,Ashok Rajpath,25.65066773,85.16274751,-80.39875558,0,1.805647669,104.2834203,3G,0,0,0
29:50.8,Bailey Road,25.43968761,85.11546302,-81.83074015,0,2.516138912,141.6102218,3G,0,0,0
39:12.4,Boring Canal Road,25.66713019,85.23538985,-80.48464198,0,2.432499965,183.516524,3G,0,0,0
42:19.6,Anisabad,25.6617358,85.1616663,-85.53370828,0,2.435851007,124.5882176,3G,0,0,0
54:48.5,Kidwaipuri,25.62706052,85.08568263,-79.89374729,0,1.261143883,106.5744692,3G,0,0,0
13:31.7,Fraser Road,25.52645463,85.05146292,-85.18015539,0,2.199041658,107.9525684,3G,0,0,0
19:46.2,Kankarbagh,25.65187288,85.02061068,-90.27897656,0,1.209105854,147.2900477,3G,0,0,0
26:00.6,Anandpuri,25.60877517,85.09129233,-82.61526823,0,2.280499871,146.3701443,3G,0,0,0
29:07.8,Bankipore,25.57038234,85.279434,-85.18308193,0,2.588682389,154.0170936,3G,0,0,0
41:36.6,Ashok Rajpath,25.68696458,85.06248596,-84.37962547,0,2.908227702,188.4830333,3G,0,0,0
44:43.8,Anandpuri,25.61982813,85.28037892,-86.30955461,0,1.711541696,115.3830386,3G,0,0,0
47:51.0,Gandhi Maidan,25.60978204,85.15098765,-85.67275941,0,1.065738596,134.9821828,3G,0,0,0
50:58.3,Kumhrar,25.57347301,85.01822771,-81.86973659,0,1.811363087,120.4733544,3G,0,0,0
57:12.7,Anisabad,25.70992595,85.2590882,-84.20117195,0,1.190530199,189.8552645,3G,0,0,0
06:34.3,Kumhrar,25.62004307,85.27305397,-84.03369641,0,1.827899116,107.5826564,3G,0,0,0
12:48.7,Anisabad,25.54696608,85.26093027,-85.14317246,0,1.575649883,109.136512,3G,0,0,0
15:55.9,Anandpuri,25.69241702,85.05420924,-87.49082022,0,1.334188636,147.3687526,3G,0,0,0
31:32.0,Gardanibagh,25.72444163,85.22056239,-86.75261626,0,1.615916936,106.8508519,3G,0,0,0
44:00.8,Boring Road,25.56978435,85.30672076,-84.90777969,0,2.946228777,163.9287855,3G,0,0,0
50:15.3,Pataliputra,25.67833827,85.15500706,-84.88336675,0,2.310817211,161.3122341,3G,0,0,0
53:22.5,Kidwaipuri,25.6333473,85.26487349,-85.42068658,0,2.988696555,114.8738113,3G,0,0,0
02:44.1,Kidwaipuri,25.64287395,85.15396368,-87.54558335,0,1.652803246,144.1759438,3G,0,0,0
05:51.3,S.K. Puri,25.71556006,85.19684639,-84.67833185,0,2.886580493,186.9936074,3G,0,0,0
12:05.7,Bailey Road,25.7066341,85.2375583,-81.74450625,0,2.109472182,131.9348976,3G,0,0,0
18:20.1,Exhibition Road,25.74378262,85.1346455,-82.48796494,0,2.963264965,192.3568611,3G,0,0,0
21:27.4,Bankipore,25.63147532,85.14977056,-86.35140753,0,2.860365041,174.7473212,3G,0,0,0
49:32.2,S.K. Puri,25.59991734,85.20741526,-83.30270661,0,1.409249608,196.6897879,3G,0,0,0
58:53.9,Boring Road,25.43727464,85.09657195,-90.14825417,0,1.115481105,100.665617,3G,0,0,0
08:15.5,Ashok Rajpath,25.56416143,85.1407816,-86.7924597,0,1.668326813,144.7430109,3G,0,0,0
36:20.4,Rajendra Nagar,25.62976459,85.10702419,-87.78497183,0,1.688129735,131.7997579,3G,0,0,0
48:49.2,Rajendra Nagar,25.51184099,85.13715986,-85.04544536,0,1.429339487,101.6897566,3G,0,0,0
07:32.5,Kumhrar,25.65763159,85.06007021,-85.99681575,0,2.594599785,164.2348086,3G,0,0,0
20:01.3,Gandhi Maidan,25.58821098,85.24224269,-91.27619649,0,1.584954774,187.345314,3G,0,0,0
23:08.6,Exhibition Road,25.75114981,85.20875044,-85.83045579,0,2.231958714,189.4816372,3G,0,0,0
26:15.8,Patliputra Colony,25.48860959,85.21762044,-88.42129749,0,1.570660446,108.0770737,3G,0,0,0
38:44.6,Kumhrar,25.44428544,85.22295307,-83.76837087,0,2.95895241,193.3512572,3G,0,0,0
44:59.0,Gardanibagh,25.64433949,85.10518955,-78.97234924,0,1.06588019,175.1556112,3G,0,0,0
13:03.9,Ashok Rajpath,25.57997351,85.16734437,-84.02469474,0,1.316154582,115.1633119,3G,0,0,0
22:25.5,Anisabad,25.63876917,85.03422762,-85.56076347,0,1.452562263,150.6037958,3G,0,0,0
28:40.0,Bailey Road,25.65366646,85.08905282,-83.00961237,0,1.952771671,166.437711,3G,0,0,0
31:47.2,Gandhi Maidan,25.68844247,85.12661367,-84.98953257,0,2.218762081,144.0100654,3G,0,0,0
47:23.2,Gardanibagh,25.71599709,85.14159687,-88.13377098,0,1.239627212,172.2350651,3G,0,0,0
09:13.7,Boring Canal Road,25.63765288,85.08394213,-82.37822799,0,2.423255853,110.8086612,3G,0,0,0
15:28.1,S.K. Puri,25.74843022,85.06066508,-86.91447227,0,2.872385125,108.5972126,3G,0,0,0
21:42.5,Pataliputra,25.6699384,85.20511214,-86.23126457,0,1.690961597,147.9506132,3G,0,0,0
34:11.4,Gardanibagh,25.43471485,85.17096956,-84.89753817,0,2.141264564,158.7680002,3G,0,0,0
49:47.4,Rajendra Nagar,25.5771487,85.18685389,-87.16125508,0,2.197239738,113.0537066,3G,0,0,0
08:30.7,Danapur,25.76776344,85.10415244,-78.95156801,0,1.267370091,144.9955973,3G,0,0,0
14:45.1,Bailey Road,25.7247112,85.17231068,-86.92925766,0,2.940491663,129.9331385,3G,0,0,0
17:52.3,Phulwari Sharif,25.55481093,85.12188693,-84.14146767,0,2.147191558,185.0411483,3G,0,0,0
33:28.4,Gandhi Maidan,25.70654036,85.0138066,-85.10149456,0,2.255511379,131.0710634,3G,0,0,0
04:40.5,Gandhi Maidan,25.55950772,85.08973577,-87.31807185,0,2.113132636,162.6007646,3G,0,0,0
23:23.7,Anisabad,25.61823576,85.23757973,-81.40892931,0,2.346484444,196.7480671,3G,0,0,0
51:28.6,Ashok Rajpath,25.71218815,85.04684328,-85.47933286,0,2.804934419,155.7190663,3G,0,0,0
54:35.8,Kidwaipuri,25.52791454,85.15479006,-88.59653555,0,2.571570815,149.1110816,3G,0,0,0
07:04.7,Anandpuri,25.6619314,85.04792384,-83.82468443,0,2.244271847,142.3341167,3G,0,0,0
16:26.3,Rajendra Nagar,25.69436739,85.12770363,-88.60992172,0,2.833803765,160.8519443,3G,0,0,0
25:47.9,Fraser Road,25.48658546,85.15725283,-83.00259547,0,2.884471503,127.7446986,3G,0,0,0
32:02.4,Anisabad,25.68077503,85.26760771,-84.22595481,0,1.324386091,128.2474719,3G,0,0,0
35:09.6,Ashok Rajpath,25.73256884,85.06977514,-84.26976153,0,1.454236223,144.2756384,3G,0,0,0
38:16.8,Fraser Road,25.68647978,85.12057149,-85.96841234,0,2.548625335,139.2429639,3G,0,0,0
50:45.6,Ashok Rajpath,25.43560885,85.13209936,-84.80750454,0,1.494479821,166.2175083,3G,0,0,0
00:07.2,Exhibition Road,25.65604144,85.13251683,-81.09655303,0,2.4672684,179.3304188,3G,0,0,0
18:50.5,Gandhi Maidan,25.45494311,85.04757475,-84.71679759,0,2.976454241,180.7823311,3G,0,0,0
25:04.9,Patliputra Colony,25.4411104,85.22574894,-84.53455579,0,2.019671051,152.8505024,3G,0,0,0
37:33.8,Danapur,25.50838488,85.25440723,-85.45518212,0,2.694322487,136.3432992,3G,0,0,0
40:41.0,Bailey Road,25.7253932,85.25998246,-80.98163513,0,2.459150875,178.6905151,3G,0,0,0
43:48.2,Anandpuri,25.72669977,85.24286714,-85.84027509,0,1.37639612,148.5326085,3G,0,0,0
53:09.8,Boring Canal Road,25.75029832,85.12596156,-84.63704401,0,1.289515726,100.6195142,3G,0,0,0
56:17.0,Boring Canal Road,25.63226459,85.29161708,-91.01149956,0,1.99183372,147.2913908,3G,0,0,0
59:24.2,Kumhrar,25.71953055,85.06126875,-82.46617458,0,1.441799365,137.5640337,3G,0,0,0
02:31.5,Patliputra Colony,25.58939238,85.2596846,-82.75437688,0,1.290386742,171.2157871,3G,0,0,0
08:45.9,Pataliputra,25.70217177,85.14332473,-86.11342416,0,2.283630489,113.5478516,3G,0,0,0
33:43.6,Phulwari Sharif,25.43519126,85.19940382,-86.23821351,0,1.409898914,140.2507124,3G,0,0,0
49:19.6,Patliputra Colony,25.50369205,85.08779095,-84.52901235,0,1.06359343,174.8450009,3G,0,0,0
26:46.1,Kumhrar,25.73325023,85.12611902,-82.92362739,0,1.363450235,120.2441442,3G,0,0,0
29:53.3,Anandpuri,25.56151778,84.98879156,-87.68928934,0,2.315347721,127.671674,3G,0,0,0
33:00.5,Danapur,25.42713793,85.19340834,-85.13246313,0,2.433156756,109.1438759,3G,0,0,0
39:15.0,Rajendra Nagar,25.58497702,85.13398025,-86.14768323,0,2.221594591,101.7162598,3G,0,0,0
48:36.6,Pataliputra,25.61364805,85.00655487,-84.88619652,0,1.898156293,175.1678095,3G,0,0,0
10:27.1,Danapur,25.50225043,85.18934252,-84.74439976,0,1.643208688,124.8737126,3G,0,0,0
16:41.5,Bailey Road,25.53550451,85.14917444,-82.07284634,0,2.757099009,134.4823294,3G,0,0,0
38:32.0,Fraser Road,25.63368957,85.2818165,-82.3065074,0,1.649807433,192.8927977,3G,0,0,0
41:39.2,Kankarbagh,25.48226743,85.18439651,-85.16699421,0,2.840575396,174.6802181,3G,0,0,0
28:27.3,Rajendra Nagar,25.44626069,85.16056657,-85.95570711,0,1.577750783,134.0883494,3G,0,0,0
44:03.4,Fraser Road,25.57364766,85.24626774,-81.89048707,0,2.325906712,135.1487803,3G,0,0,0
05:53.8,Bailey Road,25.73220871,85.15871764,-92.80092508,0,2.373430609,112.7058742,3G,0,0,0
37:05.9,Bankipore,25.44207958,85.22459913,-89.51414883,0,2.627602695,167.8302,3G,0,0,0
52:42.0,Phulwari Sharif,25.69626906,85.25280169,-84.59498098,0,1.051853186,121.1112276,3G,0,0,0
36:22.9,Kankarbagh,25.70733617,85.26040307,-86.34087293,0,1.472561619,125.6236955,3G,0,0,0
39:30.2,Danapur,25.45365608,85.18347604,-79.71090411,0,1.025289406,170.3261172,3G,0,0,0
42:37.4,Danapur,25.60014051,85.00827597,-90.34313003,0,2.084124846,175.0847125,3G,0,0,0
45:44.6,Exhibition Road,25.60523275,85.25252938,-83.71313111,0,2.355488049,176.0557319,3G,0,0,0
48:51.8,Pataliputra,25.71573419,85.26377716,-89.15269531,0,2.433763359,156.1328882,3G,0,0,0
58:13.4,Kankarbagh,25.66680351,85.2461099,-86.18918191,0,2.249871111,116.1098925,3G,0,0,0
26:18.3,Gandhi Maidan,25.66512456,84.97648404,-80.93695232,0,1.300614875,152.5924145,3G,0,0,0
45:01.6,Kidwaipuri,25.60865917,85.18085927,-83.31978931,0,2.032748795,176.6545771,3G,0,0,0
48:08.8,Pataliputra,25.60848262,85.17247529,-88.88481567,0,2.35923177,180.45603,3G,0,0,0
51:16.0,Kumhrar,25.65019251,85.01486227,-88.87670307,0,1.827439826,185.6686113,3G,0,0,0
57:30.4,Patliputra Colony,25.74149475,85.09041732,-88.85185548,0,1.993315721,194.6577205,3G,0,0,0
22:28.1,Anandpuri,25.74277814,85.2155747,-78.67362991,0,1.39192842,134.8948393,3G,0,0,0
34:56.9,Kumhrar,25.57107667,85.01395175,-90.6650162,0,1.57253447,173.8775737,3G,0,0,0
41:11.3,Kankarbagh,25.51926228,85.07003588,-84.65689228,0,1.111039543,166.9741148,3G,0,0,0
06:09.0,Gardanibagh,25.578113,85.01634162,-86.47292987,0,2.666077578,122.4588136,3G,0,0,0
24:52.3,Patliputra Colony,25.69423687,85.0458508,-82.74069326,0,1.81022988,187.2668379,3G,0,0,0
27:59.5,Boring Canal Road,25.44243815,85.20915005,-80.51147859,0,1.386639665,180.6392173,3G,0,0,0
43:35.6,Anandpuri,25.68223385,85.03454011,-85.66885365,0,1.942511747,139.8040834,3G,0,0,0
46:42.8,S.K. Puri,25.55317439,85.30721952,-87.97656562,0,1.620538659,170.7387164,3G,0,0,0
59:11.6,Patliputra Colony,25.4531119,85.22879892,-84.08746657,0,1.488977202,183.576066,3G,0,0,0
17:54.9,Kumhrar,25.47043955,85.1811174,-87.2915244,0,1.047435254,158.7491731,3G,0,0,0
27:16.5,Patliputra Colony,25.56395413,85.290999,-86.6180005,0,1.904236888,106.6377665,3G,0,0,0
33:30.9,Gardanibagh,25.63691593,85.0282787,-92.9060899,0,2.174344535,197.6706185,3G,0,0,0
45:59.8,Kankarbagh,25.64905928,85.13701356,-85.16702423,0,2.990873974,134.3881605,3G,0,0,0
52:14.2,Pataliputra,25.49204764,85.02876817,-84.457396,0,1.578775131,184.4446063,3G,0,0,0
01:35.8,Kankarbagh,25.48853706,85.03005354,-84.22788944,0,1.760019316,143.6404881,3G,0,0,0
04:43.0,Boring Canal Road,25.44797564,85.12637467,-80.2870333,0,2.205717322,178.4920625,3G,0,0,0
07:50.2,Fraser Road,25.66218702,85.13256064,-90.18517914,0,1.666354463,144.8398007,3G,0,0,0
14:04.6,Boring Canal Road,25.50482826,85.20703327,-88.38950695,0,2.948021698,110.1427852,3G,0,0,0
20:19.1,Boring Road,25.63238182,85.08548606,-79.24580567,0,2.257986624,172.666942,3G,0,0,0
54:38.4,Kumhrar,25.46340003,85.06719211,-85.9115632,0,2.91370112,114.950636,3G,0,0,0
57:45.6,S.K. Puri,25.53151529,85.04657335,-90.80727097,0,1.465342761,134.6038872,3G,0,0,0
00:52.8,Gardanibagh,25.7384852,85.03768748,-81.94053312,0,1.203632398,178.0543792,3G,0,0,0
04:00.0,Exhibition Road,25.72867232,85.25273302,-82.39396303,0,1.494702356,142.7021932,3G,0,0,0
25:50.5,Pataliputra,25.65858905,85.18969708,-87.95090415,0,1.772002051,171.1958375,3G,0,0,0
38:19.3,Anandpuri,25.68980546,85.13293797,-83.55726335,0,2.051447756,139.5599394,3G,0,0,0
00:09.8,Kankarbagh,25.73216847,85.16635004,-85.26936259,0,1.924361511,131.4759762,3G,0,0,0
15:45.8,Danapur,25.44394788,85.04902011,-84.70592973,0,1.198136648,164.3653674,3G,0,0,0
40:43.5,Kankarbagh,25.53464035,85.00800067,-82.32999795,0,2.582828547,122.6683775,3G,0,0,0
43:50.7,Danapur,25.62347868,85.06616397,-91.37197754,0,1.094555012,172.3643718,3G,0,0,0
02:34.0,Danapur,25.55877198,85.26585813,-85.32485803,0,2.283644139,168.0962854,3G,0,0,0
21:17.3,S.K. Puri,25.44687651,85.16563111,-86.1179263,0,1.402311605,199.9119284,3G,0,0,0
46:14.9,Anandpuri,25.50055225,85.28361703,-83.47210144,0,1.412660804,125.8839645,3G,0,0,0
49:22.1,Boring Road,25.71300806,85.03498555,-85.04038405,0,1.903058653,114.9510905,3G,0,0,0
58:43.8,Bailey Road,25.58423635,85.0611332,-86.60585915,0,1.749653583,100.2643178,3G,0,0,0
01:51.0,Kidwaipuri,25.63137148,84.99149998,-84.86054755,0,1.82281506,168.525907,3G,0,0,0
17:27.0,Kankarbagh,25.74790394,85.11698725,-85.67192398,0,1.171856297,111.5890324,3G,0,0,0
20:34.3,S.K. Puri,25.52303847,85.10789656,-84.35746101,0,1.049545371,118.5385436,3G,0,0,0
33:03.1,Patliputra Colony,25.69476434,85.03702332,-85.06080963,0,2.069123701,155.3051343,3G,0,0,0
36:10.3,Anandpuri,25.59913506,85.29696654,-85.16329808,0,2.791537637,140.3498907,3G,0,0,0
42:24.7,S.K. Puri,25.527188,85.2483235,-85.94905123,0,2.196383331,190.2276595,3G,0,0,0
54:53.6,Boring Road,25.45422912,85.09008336,-85.10947212,0,2.996765413,187.8350391,3G,0,0,0
58:00.8,Anisabad,25.53791888,85.28794502,-85.70011861,0,1.082013678,119.9973923,3G,0,0,0
01:08.0,Bailey Road,25.60043231,85.00383706,-84.32568022,0,1.67279481,111.5588311,3G,0,0,0
32:20.1,Fraser Road,25.57032485,85.14635212,-90.6915165,0,2.754649954,155.1885895,3G,0,0,0
35:27.3,S.K. Puri,25.50787597,85.08006144,-80.17017133,0,2.993297368,197.8819474,3G,0,0,0
51:03.3,Exhibition Road,25.54514807,85.09733744,-79.14043634,0,2.365829653,109.9900676,3G,0,0,0
03:32.2,Gandhi Maidan,25.71574486,85.11669487,-87.66969458,0,1.67398841,137.7770664,3G,0,0,0
22:15.4,Bailey Road,25.72440522,85.17592515,-82.94383757,0,1.755463625,175.9387739,3G,0,0,0
28:29.9,Anisabad,25.58420802,84.97804286,-86.55658182,0,1.875730818,153.6117541,3G,0,0,0
40:58.7,Kankarbagh,25.65560521,85.26928492,-84.11554555,0,1.004907644,155.7097446,3G,0,0,0
47:13.1,Phulwari Sharif,25.59458856,84.97087035,-82.94725607,0,2.902879605,117.8591898,3G,0,0,0
02:49.2,Kankarbagh,25.61488177,85.16502496,-85.70001978,0,1.585553323,197.0114005,3G,0,0,0
09:03.6,Gandhi Maidan,25.5169649,85.11367562,-87.45328639,0,1.74640593,196.3920414,3G,0,0,0
21:32.4,Kumhrar,25.45171426,85.09196853,-87.15792808,0,2.627120332,123.9102147,3G,0,0,0
40:15.7,Rajendra Nagar,25.66373952,85.22916384,-91.50478936,0,1.46321689,106.964344,3G,0,0,0
49:37.3,Kidwaipuri,25.46849024,85.01251887,-83.00053235,0,1.794602072,110.3498803,3G,0,0,0
42:39.9,Bankipore,25.70330104,85.16143059,-81.58575305,0,2.761796968,165.7763413,3G,0,0,0
45:47.1,Gandhi Maidan,25.58562902,85.17414752,-82.29154391,0,1.029312132,156.390134,3G,0,0,0
58:16.0,Gardanibagh,25.50529291,85.18644275,-82.2531394,0,1.079844872,100.8904298,3G,0,0,0
16:59.2,S.K. Puri,25.749395,85.11581729,-84.84473339,0,1.076635571,105.9981712,3G,0,0,0
57:32.9,Pataliputra,25.53593926,85.07267992,-88.25796023,0,1.229947291,181.1572653,3G,0,0,0
22:30.6,Pataliputra,25.66132817,85.22402546,-87.26838148,0,1.679001353,146.7028639,3G,0,0,0
53:42.7,Kidwaipuri,25.62948328,85.0201531,-82.77598149,0,1.556331023,117.7868207,3G,0,0,0
59:57.2,Kankarbagh,25.61154928,85.28385585,-80.90228955,0,1.09912732,151.1368135,3G,0,0,0
31:09.3,Bankipore,25.52149086,85.0828179,-84.16734898,0,1.580765128,196.1385394,3G,0,0,0
40:30.9,Kidwaipuri,25.67216819,85.02621346,-82.54620181,0,2.670397692,107.3201256,3G,0,0,0
46:45.3,Kumhrar,25.63838207,85.23289531,-85.04759266,0,2.08838233,190.3774352,3G,0,0,0
49:52.5,Phulwari Sharif,25.61038929,85.23425613,-85.87927144,0,1.112860781,118.2438923,3G,0,0,0
59:14.1,Bankipore,25.50911169,85.00826139,-88.0035444,0,2.748421435,151.0061671,3G,0,0,0
08:35.8,Ashok Rajpath,25.65045467,85.07631656,-85.21036516,0,1.67458903,137.4785035,3G,0,0,0
11:43.0,Exhibition Road,25.60311613,85.08941354,-83.73006114,0,2.292629325,134.1274268,3G,0,0,0
17:57.4,Kankarbagh,25.59800464,85.25926958,-85.28166541,0,1.668743541,103.4806676,3G,0,0,0
30:26.2,Kumhrar,25.69356532,85.0253571,-84.59168793,0,1.485617998,167.7755937,3G,0,0,0
49:09.5,Exhibition Road,25.56447706,85.05058696,-83.62873735,0,1.561496749,180.2870965,3G,0,0,0
26:36.0,Anisabad,25.54001624,85.28401067,-83.47576187,0,1.797738091,169.8954499,3G,0,0,0
42:12.1,Kidwaipuri,25.5552846,85.08788161,-83.25571394,0,1.435444879,101.2698302,3G,0,0,0
48:26.5,Ashok Rajpath,25.62592129,85.16812912,-86.90808344,0,1.803901621,176.0268823,3G,0,0,0
00:55.3,Anisabad,25.64232707,85.2152609,-83.32908614,0,2.677730959,133.1327592,3G,0,0,0
57:05.1,Anisabad,25.50352775,85.01060787,-89.88059375,0,2.604290706,113.0893669,3G,0,0,0
00:12.3,Gardanibagh,25.73080261,85.17489575,-81.42883621,0,1.102038425,196.6214082,3G,0,0,0
40:46.1,Kumhrar,25.56355086,85.3068352,-85.10785677,0,1.754402806,183.0459568,3G,0,0,0
53:14.9,Phulwari Sharif,25.64400984,85.28825432,-79.63633177,0,2.548854698,132.3726587,3G,0,0,0
08:51.0,Boring Canal Road,25.56108002,85.04443807,-88.41093029,0,1.332528621,184.6837818,3G,0,0,0
30:41.4,Phulwari Sharif,25.64014412,85.07891818,-84.72849095,0,1.494218266,117.7664756,3G,0,0,0
40:03.1,Boring Road,25.67715174,85.14130166,-85.19460705,0,1.703688436,143.0684038,3G,0,0,0
05:00.7,Kumhrar,25.69281903,85.00407858,-83.03147742,0,2.681262244,106.3000875,3G,0,0,0
39:20.1,Kankarbagh,25.55122335,85.28734078,-80.70564183,0,1.234796438,105.7864659,3G,0,0,0
42:27.3,Kankarbagh,25.49560037,85.13554463,-90.84867849,0,1.741717114,152.2085967,3G,0,0,0
51:48.9,Boring Canal Road,25.73073475,85.14582485,-82.00779062,0,2.987763322,132.2584479,3G,0,0,0
58:03.3,Boring Canal Road,25.49235037,85.08175716,-84.33883864,0,1.618121819,116.6297685,3G,0,0,0
07:24.9,Kumhrar,25.60167817,84.98314108,-87.28188857,0,1.113473225,116.6885572,3G,0,0,0
13:39.4,Boring Canal Road,25.70152681,85.20760436,-87.28179381,0,2.436472345,195.038219,3G,0,0,0
35:29.8,S.K. Puri,25.5784067,85.2730961,-81.29896688,0,2.697045303,165.3747703,3G,0,0,0
51:05.9,Anisabad,25.62173875,85.11325193,-83.49115309,0,1.113664893,187.3338516,3G,0,0,0
03:34.7,Exhibition Road,25.52464007,85.27239857,-81.5201395,0,1.487391125,184.044574,3G,0,0,0
06:41.9,Pataliputra,25.75033481,85.12178391,-85.45792391,0,2.840605835,130.5995918,3G,0,0,0
12:56.4,Ashok Rajpath,25.67457812,84.98175684,-89.89328162,0,2.069379857,107.4010747,3G,0,0,0
16:03.6,Fraser Road,25.63205268,85.07895471,-83.33538113,0,2.983891735,150.9675845,3G,0,0,0
19:10.8,Exhibition Road,25.74818413,85.17474881,-82.89948725,0,2.216536582,167.5418699,3G,0,0,0
25:25.2,Bailey Road,25.46766701,85.02127809,-89.07022991,0,1.205310484,136.3292479,3G,0,0,0
44:08.5,Pataliputra,25.48344366,85.09434086,-83.88799218,0,2.795930889,161.7168351,3G,0,0,0
53:30.1,Gandhi Maidan,25.51819734,85.26155085,-88.29271606,0,2.591243081,183.4919939,3G,0,0,0
59:44.5,Kankarbagh,25.49145495,85.15082529,-77.68100638,0,1.330686083,108.2839102,3G,0,0,0
12:13.4,Boring Road,25.689727,85.04028519,-85.40265253,0,2.436818069,197.9754254,3G,0,0,0
21:35.0,Anandpuri,25.53224003,85.21151018,-84.50063936,0,2.340852174,124.2235913,3G,0,0,0
27:49.4,Kidwaipuri,25.60318799,85.28400459,-86.40201018,0,1.010072148,153.5143089,3G,0,0,0
37:11.0,Patliputra Colony,25.64150522,85.06603699,-84.64885308,0,2.140417988,189.459459,3G,0,0,0
40:18.2,Danapur,25.67764751,85.27716546,-90.8977417,0,2.333801566,168.7474529,3G,0,0,0
46:32.7,Kumhrar,25.57787388,85.10571485,-84.09373163,0,1.019841952,193.1008132,3G,0,0,0
59:01.5,Bankipore,25.60952335,85.07905663,-87.01406304,0,2.764331354,199.4611951,3G,0,0,0
02:08.7,Boring Road,25.71664317,85.03435116,-85.46601178,0,2.156620124,107.5145991,3G,0,0,0
20:52.0,Kumhrar,25.64730727,85.14985992,-82.37222543,0,1.023068333,167.3169377,3G,0,0,0
23:59.2,Ashok Rajpath,25.52249027,85.07188329,-82.13843728,0,2.759733241,100.7578983,3G,0,0,0
42:42.4,Anandpuri,25.65596254,85.08997546,-84.6266662,0,2.644394147,151.4480049,3G,0,0,0
52:04.1,Kumhrar,25.74578977,85.11314212,-88.73382877,0,1.194864579,191.7252071,3G,0,0,0
58:18.5,Anandpuri,25.69901742,85.00043876,-90.00267291,0,1.454993633,192.1554674,3G,0,0,0
07:40.1,Ashok Rajpath,25.63025361,85.22280244,-87.54415653,0,1.348458098,164.4273511,3G,0,0,0
54:28.3,Ashok Rajpath,25.44536878,85.11772157,-87.22720852,0,2.191101033,144.6716439,3G,0,0,0
22:33.2,Fraser Road,25.69272027,85.10967054,-85.80113648,0,1.061489723,122.7201157,3G,0,0,0
38:09.2,Phulwari Sharif,25.62663265,85.22173324,-83.7443532,0,2.394455414,110.9436827,3G,0,0,0
47:30.9,Bankipore,25.72773511,85.07175982,-83.74802361,0,2.496913964,143.1372462,3G,0,0,0
53:45.3,Fraser Road,25.70519834,85.01410076,-80.23922498,0,1.783154742,193.2625087,3G,0,0,0
56:52.5,Gardanibagh,25.49803413,85.15926311,-87.37397383,0,1.468758682,158.9870359,3G,0,0,0
03:06.9,Ashok Rajpath,25.58686096,85.27647036,-82.61734683,0,1.457984266,182.0578881,3G,0,0,0
15:35.7,Fraser Road,25.62488325,85.25424437,-82.6977716,0,1.577704802,140.2908972,3G,0,0,0
21:50.2,Kumhrar,25.54360862,85.17810308,-88.62159986,0,2.100067541,110.3707807,3G,0,0,0
34:19.0,Ashok Rajpath,25.65063935,85.2815047,-81.08520351,0,1.663092333,174.2849008,3G,0,0,0
37:26.2,Phulwari Sharif,25.73040816,85.24963119,-87.40465367,0,1.531890562,140.9111842,3G,0,0,0
40:33.4,Boring Road,25.67738182,85.03541982,-86.08665249,0,1.070787404,140.7431078,3G,0,0,0
43:40.6,Fraser Road,25.47087498,85.03505444,-83.52803185,0,1.570733328,107.2495386,3G,0,0,0
46:47.8,Gardanibagh,25.73784049,85.1412818,-87.07567478,0,1.558035674,111.7406927,3G,0,0,0
53:02.3,Anandpuri,25.4790762,85.11323259,-82.21797752,0,1.064992471,131.8521086,3G,0,0,0
55:26.5,Exhibition Road,25.46570338,85.23496305,-87.17482816,0,1.841280784,133.5430197,3G,0,0,0
04:48.1,Ashok Rajpath,25.53625362,85.1808263,-91.73992517,0,1.220548326,177.9638659,3G,0,0,0
07:55.3,Pataliputra,25.75136234,85.07590975,-87.89446258,0,2.412019205,168.29492,3G,0,0,0
14:09.7,Fraser Road,25.57671664,85.30585367,-87.16501721,0,2.859049143,143.4296187,3G,0,0,0
48:29.0,Boring Canal Road,25.44235514,85.0679156,-81.45988423,0,2.906988139,193.1608352,3G,0,0,0
13:26.7,Anandpuri,25.67548953,85.05558113,-81.2503883,0,2.326375611,159.1587847,3G,0,0,0
22:48.4,Anandpuri,25.72182256,85.19954466,-85.66251622,0,1.467002633,104.6491148,3G,0,0,0
32:10.0,Boring Road,25.63410398,85.01790322,-84.18659433,0,2.898257861,195.9440987,3G,0,0,0
50:53.2,Boring Road,25.53398631,84.98253688,-83.97467759,0,1.790389922,185.6915358,3G,0,0,0
15:50.9,Patliputra Colony,25.66892479,85.23058242,-82.63233167,0,1.51793602,126.5898764,3G,0,0,0
25:12.6,Patliputra Colony,25.43526237,85.15568259,-82.89984183,0,2.959621425,129.2887141,3G,0,0,0
34:34.2,Ashok Rajpath,25.61354439,85.04632514,-81.63295028,0,2.729638244,193.7520418,3G,0,0,0
50:10.2,Kidwaipuri,25.51403572,85.12527864,-85.72437197,0,1.989960329,116.8378187,3G,0,0,0
59:31.9,Boring Canal Road,25.51391453,85.15083999,-87.92905992,0,1.826029358,105.2099268,3G,0,0,0
02:39.1,Anisabad,25.46492169,85.1068512,-88.53757544,0,2.900171842,182.9396651,3G,0,0,0
08:53.5,S.K. Puri,25.46743724,85.15601948,-83.71232518,0,2.781556318,146.659937,3G,0,0,0
27:36.8,Anisabad,25.54382615,85.29167822,-91.36280816,0,2.008132138,172.5013926,3G,0,0,0
33:51.2,Boring Road,25.59534899,85.21880608,-85.60146167,0,2.853744453,141.5668133,3G,0,0,0
36:58.4,Kidwaipuri,25.55690966,85.11905584,-83.00462627,0,2.906943217,123.1903005,3G,0,0,0
46:20.0,Pataliputra,25.58377528,85.30580885,-85.43881654,0,2.72845119,160.7710937,3G,0,0,0
58:48.9,Pataliputra,25.58825888,85.16243966,-81.57837977,0,2.205630419,114.1554563,3G,0,0,0
14:24.9,Danapur,25.64926881,85.2391208,-84.8965571,0,2.140126954,188.3189772,3G,0,0,0
26:53.8,Ashok Rajpath,25.59089497,85.27754033,-82.71869275,0,1.697899578,196.6291647,3G,0,0,0
36:15.4,Danapur,25.44216024,85.19328916,-88.07639976,0,2.816737917,104.8466398,3G,0,0,0
45:37.0,Bailey Road,25.62967823,85.19856189,-84.67218584,0,2.54566255,116.1076221,3G,0,0,0
54:58.6,Anisabad,25.58232723,85.11564557,-81.76791243,0,1.007646125,185.4721718,3G,0,0,0
01:13.1,Ashok Rajpath,25.56095056,85.29575793,-88.14807474,0,2.269034775,101.8116743,3G,0,0,0
07:27.5,Ashok Rajpath,25.64207125,85.17466329,-85.96729643,0,1.978426304,180.8988126,3G,0,0,0
13:41.9,Exhibition Road,25.5893786,85.15441543,-91.16424901,0,1.819248201,101.4239981,3G,0,0,0
57:22.9,Boring Canal Road,25.5508978,85.29678218,-84.55847746,0,2.328697998,124.6608929,3G,0,0,0
03:37.3,Patliputra Colony,25.63621819,85.01377212,-87.97606483,0,1.024270594,190.0739494,3G,0,0,0
12:58.9,Bankipore,25.65284787,85.28972942,-77.47063342,0,2.620500249,112.9418759,3G,0,0,0
25:27.7,Gandhi Maidan,25.69773104,85.24723733,-83.9761925,0,1.960446952,165.0772758,3G,0,0,0
56:39.8,Patliputra Colony,25.55174269,85.0403662,-80.53666836,0,1.048228868,169.2580456,3G,0,0,0
59:47.1,Exhibition Road,25.71910795,85.11860954,-81.46310194,0,2.838508587,151.0787162,3G,0,0,0
02:54.3,Pataliputra,25.58925347,85.29638439,-85.17483622,0,2.281639443,130.5425694,3G,0,0,0
12:15.9,Danapur,25.44589317,85.0787658,-86.81389322,0,1.202041841,183.2173897,3G,0,0,0
18:30.3,S.K. Puri,25.655419,85.12023505,-83.59655321,0,1.681170183,108.6938582,3G,0,0,0
27:51.9,Boring Canal Road,25.62613183,85.00726406,-85.7044838,0,2.677247312,115.9546554,3G,0,0,0
30:59.2,Kidwaipuri,25.4445868,85.17642185,-83.70273664,0,2.61475123,138.4754672,3G,0,0,0
59:04.0,Exhibition Road,25.44361836,85.03961502,-84.1420779,0,1.933135628,169.8839731,3G,0,0,0
11:32.9,Phulwari Sharif,25.59871039,84.9935147,-86.93252373,0,1.129350123,147.6831151,3G,0,0,0
17:47.3,S.K. Puri,25.50701178,85.0596392,-86.14502345,0,1.792286048,179.6097993,3G,0,0,0
27:08.9,Boring Canal Road,25.72646185,85.02211693,-84.97446865,0,1.249304109,102.9193152,3G,0,0,0
42:45.0,Phulwari Sharif,25.63305373,85.1133368,-81.76743709,0,1.417671914,114.6293914,3G,0,0,0
13:57.1,Boring Canal Road,25.50126728,85.1279992,-83.37727113,0,2.633408362,109.1466789,3G,0,0,0
17:04.3,Pataliputra,25.56805724,85.14594177,-86.50922146,0,2.9899914,150.5263373,3G,0,0,0
32:40.4,Kumhrar,25.58628802,85.02157645,-84.71128185,0,1.541211625,148.7048141,3G,0,0,0
38:54.8,S.K. Puri,25.66809307,85.22345448,-82.18918432,0,1.653466739,136.8022639,3G,0,0,0
06:59.7,Exhibition Road,25.73953691,85.16225915,-90.24117456,0,2.332086245,113.9613259,3G,0,0,0
22:35.7,Phulwari Sharif,25.65074229,85.00085647,-88.70660044,0,2.345088042,164.4361763,3G,0,0,0
28:50.1,Gandhi Maidan,25.71175891,85.27102915,-84.82439987,0,2.340574137,147.8844075,3G,0,0,0
35:04.6,Fraser Road,25.63399022,85.1224234,-84.19456449,0,2.596564113,183.0447429,3G,0,0,0
44:26.2,Kankarbagh,25.42841675,85.09463934,-87.30114414,0,2.659403772,124.5720181,3G,0,0,0
00:02.2,Anandpuri,25.57711262,85.06797668,-85.0561503,0,1.35580229,196.2159448,3G,0,0,0
34:21.6,Kidwaipuri,25.58874215,85.17341762,-89.76948943,0,1.781257385,143.9493716,3G,0,0,0
37:28.8,S.K. Puri,25.71217746,85.03991205,-83.59342779,0,1.71405481,158.3334859,3G,0,0,0
49:57.6,Bailey Road,25.72646253,85.13009978,-82.39710453,0,1.662274893,118.0144251,3G,0,0,0
59:19.2,Rajendra Nagar,25.69799508,85.13147092,-81.49304751,0,2.324020845,149.5210926,3G,0,0,0
11:48.1,S.K. Puri,25.51078998,85.13008892,-82.84265482,0,2.172609543,135.7469876,3G,0,0,0
18:02.5,Pataliputra,25.61126106,85.07824616,-82.98724528,0,2.00438421,179.7729077,3G,0,0,0
24:16.9,Gardanibagh,25.65303462,85.14216559,-84.00596433,0,2.876798247,111.2388888,3G,0,0,0
27:24.1,Rajendra Nagar,25.46929058,85.04452789,-76.81783815,0,2.834757131,179.1461742,3G,0,0,0
36:45.8,Kidwaipuri,25.69852893,85.2159522,-85.59581237,0,1.74709074,106.4656843,3G,0,0,0
39:53.0,Bailey Road,25.72027943,85.11896646,-77.4895256,0,1.339519993,116.3876183,3G,0,0,0
55:29.0,Bankipore,25.74358467,85.21060389,-83.93672025,0,2.314895607,155.5360462,3G,0,0,0
58:36.2,Kankarbagh,25.73311514,85.04407672,-85.03267666,0,2.364765228,181.4687645,3G,0,0,0
04:50.6,Exhibition Road,25.6174249,85.24928354,-77.25902162,0,1.407491725,151.5542029,3G,0,0,0
20:26.7,Phulwari Sharif,25.60263939,85.31192625,-89.57114984,0,1.511690398,151.5709927,3G,0,0,0
26:41.1,Anisabad,25.68587917,85.16501637,-88.96275104,0,1.44776883,165.3686589,3G,0,0,0
32:55.5,Phulwari Sharif,25.55669936,85.21343493,-85.26877248,0,1.706356627,194.336021,3G,0,0,0
42:17.2,Kumhrar,25.71195852,85.25526942,-84.46022453,0,1.44598043,198.7836822,3G,0,0,0
04:07.6,Pataliputra,25.5021961,85.20009428,-81.97725229,0,1.729795547,155.4037384,3G,0,0,0
13:29.3,Danapur,25.68543791,85.08870593,-83.83485874,0,1.573552018,168.3839909,3G,0,0,0
44:41.4,Kumhrar,25.67773243,85.21648141,-82.57467313,0,2.32497062,170.5195479,3G,0,0,0
57:10.2,Phulwari Sharif,25.61396686,84.99955718,-88.17983684,0,2.729351279,146.3720663,3G,0,0,0
09:39.1,Fraser Road,25.5116055,85.11890059,-86.30910458,0,1.364379074,168.115744,3G,0,0,0
28:22.3,Anandpuri,25.47602101,85.21278322,-80.70049752,0,1.94395887,139.4310879,3G,0,0,0
43:58.4,Boring Road,25.54360862,85.12272261,-84.66808422,0,1.804846755,110.723038,3G,0,0,0
08:56.0,Gardanibagh,25.46624156,85.05706538,-81.60760668,0,1.059441365,162.4967495,3G,0,0,0
37:00.9,Anisabad,25.58920033,85.2390402,-81.95652963,0,1.239145394,115.9233151,3G,0,0,0
46:22.6,Gandhi Maidan,25.51977518,85.0629357,-80.13965106,0,1.205264111,102.7335434,3G,0,0,0
52:37.0,Kankarbagh,25.71038852,85.05281397,-82.30432314,0,2.322341145,158.7884779,3G,0,0,0
55:44.2,Fraser Road,25.62645616,85.12592217,-85.43885212,0,2.411194929,190.1266795,3G,0,0,0
58:51.4,Danapur,25.69992856,85.19558775,-84.28880893,0,1.292605241,143.3631032,3G,0,0,0
08:13.0,Anisabad,25.65467948,85.24218879,-86.33822814,0,1.50442456,124.0288407,3G,0,0,0
11:20.3,Ashok Rajpath,25.71708337,85.07042181,-83.71720887,0,2.329217913,177.2584716,3G,0,0,0
14:27.5,Pataliputra,25.62012967,85.27205803,-91.91598896,0,2.377822308,102.3342196,3G,0,0,0
30:03.5,Pataliputra,25.6242861,85.09012283,-87.52066982,0,2.868541101,131.720897,3G,0,0,0
36:17.9,S.K. Puri,25.49613461,85.1451083,-77.98323839,0,2.975315788,176.3237022,3G,0,0,0
04:22.8,Pataliputra,25.58922338,85.0249724,-88.91957149,0,2.977404034,176.6951401,3G,0,0,0
35:34.9,Ashok Rajpath,25.45034177,85.23282124,-81.58459786,0,2.519828693,123.1371653,3G,0,0,0
48:03.8,Danapur,25.55471423,85.17082338,-85.5367158,0,1.901346738,120.2828613,3G,0,0,0
13:01.4,Rajendra Nagar,25.59473553,85.05035209,-94.42581191,0,1.116129345,139.0500338,3G,0,0,0
16:08.7,Phulwari Sharif,25.47830515,85.12675073,-86.64966681,0,2.930579713,164.3305594,3G,0,0,0
25:30.3,Gardanibagh,25.45305188,85.17733516,-81.14045145,0,2.083860138,173.2096941,3G,0,0,0
44:13.5,Phulwari Sharif,25.56076401,85.01299614,-87.76374311,0,1.364715384,106.9295018,3G,0,0,0
47:20.8,Phulwari Sharif,25.67461331,84.98155341,-89.92166696,0,2.201447207,141.499475,3G,0,0,0
53:35.2,Bankipore,25.46243082,85.18850324,-83.69397604,0,1.313007957,194.0602428,3G,0,0,0
15:25.7,Kidwaipuri,25.61635074,85.10967119,-84.63452791,0,1.408338061,128.243336,3G,0,0,0
37:16.1,Danapur,25.65939816,85.23574412,-85.48305087,0,1.713403996,114.7574589,3G,0,0,0
40:23.3,Patliputra Colony,25.538799,85.28902698,-84.8943478,0,2.152407357,126.6823314,3G,0,0,0
08:28.2,Kankarbagh,25.52782136,84.98164683,-87.41473999,0,1.402411611,197.6853421,3G,0,0,0
36:33.1,Kankarbagh,25.6997298,85.23717506,-81.88324653,0,1.468918196,187.1501122,3G,0,0,0
55:16.4,Danapur,25.74850213,85.10702854,-81.00551422,0,1.655936167,151.2317191,3G,0,0,0
04:38.0,Gardanibagh,25.57651968,85.04005386,-82.03266223,0,2.214223769,121.1353743,3G,0,0,0
17:06.8,Anandpuri,25.62347404,85.10010187,-83.0956572,0,2.839986232,113.5593576,3G,0,0,0
57:40.6,Rajendra Nagar,25.48431045,85.19099919,-85.79271657,0,1.02212128,189.0544568,3G,0,0,0
00:47.8,Anandpuri,25.74527175,85.19832923,-88.60838409,0,1.866837918,199.4566142,3G,0,0,0
07:02.2,S.K. Puri,25.53250765,85.05557148,-87.2574118,0,1.004802496,179.8831356,3G,0,0,0
10:09.4,Kankarbagh,25.6779214,85.10397959,-82.86591913,0,1.677071867,109.7611332,3G,0,0,0
19:31.1,Danapur,25.64641118,85.12444976,-81.62629055,0,2.063885937,141.3868013,3G,0,0,0
38:14.3,Exhibition Road,25.62248322,85.05824057,-83.14761323,0,2.836964167,152.8137277,3G,0,0,0
25:02.5,Phulwari Sharif,25.59883325,85.27247759,-85.71651669,0,2.390110395,153.1696009,3G,0,0,0
31:16.9,Kankarbagh,25.62577185,85.16722024,-83.9224748,0,1.920621938,135.0519905,3G,0,0,0
43:45.7,Exhibition Road,25.56732755,84.98307054,-83.75894448,0,1.030353279,129.030881,3G,0,0,0
56:14.6,S.K. Puri,25.57316806,85.07865523,-86.09786918,0,1.916009558,152.2512059,3G,0,0,0
02:29.0,Bankipore,25.47435264,85.08334565,-81.88820537,0,1.852965126,121.5858404,3G,0,0,0
18:05.0,Rajendra Nagar,25.59973791,85.18067103,-84.93534166,0,1.199379368,117.9243733,3G,0,0,0
39:55.5,Anandpuri,25.7570677,85.08884004,-86.09087034,0,1.295571671,103.4150244,3G,0,0,0
52:24.3,Patliputra Colony,25.45785045,85.18911324,-90.72591896,0,2.362685752,181.0523996,3G,0,0,0
55:31.6,Boring Road,25.71408483,85.09964947,-90.19064709,0,2.743932978,193.6389112,3G,0,0,0
04:53.2,Patliputra Colony,25.46174615,85.01859404,-81.53245006,0,1.827644162,137.9075803,3G,0,0,0
08:00.4,Kumhrar,25.6754589,85.05667634,-87.18997379,0,2.702767628,135.3626867,3G,0,0,0
17:22.0,S.K. Puri,25.70823478,85.02159851,-91.2559104,0,1.849895002,149.3129619,3G,0,0,0
57:55.8,Danapur,25.69191306,85.19685979,-88.37730252,0,1.007498709,189.389441,3G,0,0,0
04:10.2,Ashok Rajpath,25.73966395,85.22875696,-88.45029937,0,1.796184422,135.2899382,3G,0,0,0
07:17.4,Kidwaipuri,25.73752952,85.16446983,-83.42483145,0,1.966767583,137.3869383,3G,0,0,0
10:24.6,Kidwaipuri,25.61521097,85.25599818,-81.72724759,0,1.848867616,196.9028629,3G,0,0,0
13:31.8,Bailey Road,25.48014806,85.15048317,-82.37423627,0,1.713066983,102.5925685,3G,0,0,0
32:15.1,Kumhrar,25.56371155,85.18128635,-84.07433036,0,1.273351708,109.4424218,3G,0,0,0
35:22.3,Bankipore,25.44635293,85.06458439,-87.26257259,0,2.252852672,194.4886741,3G,0,0,0
06:34.4,Rajendra Nagar,25.651979,85.11275899,-85.61083742,0,2.043306193,188.3231787,3G,0,0,0
34:39.3,Boring Canal Road,25.61340383,85.25119879,-87.33742738,0,1.969002649,167.9951178,3G,0,0,0
37:46.5,S.K. Puri,25.56347817,85.01558829,-88.21430082,0,2.648001657,142.4700103,3G,0,0,0
50:15.3,Fraser Road,25.59360998,85.29531456,-86.9097053,0,1.692615132,198.1187572,3G,0,0,0
59:37.0,Gandhi Maidan,25.5810704,84.96367154,-81.88634213,0,1.02077878,103.3840396,3G,0,0,0
02:44.2,Pataliputra,25.49052566,85.09982731,-88.43265085,0,1.679291169,114.3898147,3G,0,0,0
08:58.6,Bankipore,25.51247385,84.99739304,-81.59577355,0,1.180447155,152.1311429,3G,0,0,0
21:27.4,S.K. Puri,25.6435435,85.117998,-84.54500288,0,2.018148601,127.0024904,3G,0,0,0
27:41.9,Kankarbagh,25.44724879,85.13476322,-88.95537099,0,2.12244177,124.0230889,3G,0,0,0
46:25.1,Kidwaipuri,25.54389987,85.07169975,-80.2398857,0,2.409174764,127.9275994,3G,0,0,0
49:32.3,Boring Canal Road,25.59256099,85.2764978,-79.69008105,0,1.44209732,115.3148047,3G,0,0,0
55:46.7,Fraser Road,25.49868677,85.00012602,-87.36185833,0,1.885176085,161.9854366,3G,0,0,0
11:22.8,Boring Road,25.51581436,85.0382591,-83.17192851,0,2.051174478,118.126416,3G,0,0,0
23:51.6,Exhibition Road,25.67721732,85.07758678,-85.54617415,0,1.331149589,132.12699,3G,0,0,0
26:58.8,Rajendra Nagar,25.54643715,84.97101143,-85.02780338,0,1.174622083,150.0697342,3G,0,0,0
48:49.3,Rajendra Nagar,25.5307032,84.98732207,-86.94093575,0,2.396502436,179.0678704,3G,0,0,0
51:56.5,Danapur,25.72166973,85.01793639,-79.68558487,0,2.475106733,199.2332635,3G,0,0,0
01:18.2,Pataliputra,25.56069613,85.15990466,-84.68263205,0,1.430182369,102.4382654,3G,0,0,0
07:32.6,Exhibition Road,25.53412003,85.04624487,-86.83688303,0,2.736875176,181.3888027,3G,0,0,0
23:08.6,Ashok Rajpath,25.66715071,84.98715356,-85.54537694,0,1.425407062,185.2861376,3G,0,0,0
54:20.7,Kumhrar,25.59358369,85.30038745,-77.30014291,0,2.96343702,154.2332801,3G,0,0,0
57:27.9,Kidwaipuri,25.50758915,85.08213133,-84.39672643,0,2.618298494,195.9064397,3G,0,0,0
03:42.4,Bailey Road,25.62543235,84.99118704,-84.88133882,0,2.735549238,165.0862691,3G,0,0,0
13:04.0,Boring Canal Road,25.42672917,85.20059456,-82.68242899,0,1.451830664,157.0887699,3G,0,0,0
19:18.4,Anandpuri,25.65819389,85.075414,-82.70262463,0,2.372417367,187.7686197,3G,0,0,0
22:25.6,Gardanibagh,25.6722012,85.08053092,-86.70491311,0,1.724173558,141.676661,3G,0,0,0
28:40.0,Gandhi Maidan,25.5452189,85.19409513,-84.22282289,0,1.707875959,171.2590515,3G,0,0,0
41:08.9,Boring Canal Road,25.55514701,85.11168085,-86.14549103,0,2.262229265,149.1155965,3G,0,0,0
06:06.6,Phulwari Sharif,25.63234487,85.07997098,-88.62129404,0,2.295930607,127.1914241,3G,0,0,0
12:21.0,S.K. Puri,25.5399159,85.17321333,-80.4827369,0,2.558376957,176.1780072,3G,0,0,0
18:35.4,Phulwari Sharif,25.57444693,84.98244752,-82.70077602,0,2.841054311,175.5920523,3G,0,0,0
40:25.9,Pataliputra,25.53612449,85.25297882,-86.23838313,0,2.624890083,111.130258,3G,0,0,0
46:40.3,Bankipore,25.48393757,85.09623692,-83.65763532,0,1.483055701,190.8688117,3G,0,0,0
49:47.5,Boring Canal Road,25.68006076,85.06610721,-82.75400163,0,1.473962797,127.327418,3G,0,0,0
17:52.4,Pataliputra,25.65718315,85.00561898,-83.52671284,0,2.697134715,117.2531646,3G,0,0,0
20:59.6,Gandhi Maidan,25.49790309,85.20781112,-82.1876853,0,1.797429925,171.2247262,3G,0,0,0
27:14.0,S.K. Puri,25.49858538,85.23695814,-87.25299,0,2.419973469,149.7906097,3G,0,0,0
30:21.2,Boring Canal Road,25.60586196,85.08168525,-87.17812407,0,1.153999891,187.0567929,3G,0,0,0
33:28.4,Gandhi Maidan,25.67165217,85.07660516,-84.21002891,0,1.90172635,175.3928087,3G,0,0,0
39:42.9,Kankarbagh,25.60373361,84.96192167,-89.22814053,0,1.62744322,199.8012507,3G,0,0,0
42:50.1,Pataliputra,25.74074007,85.11698738,-80.10119825,0,2.561295545,178.8988884,3G,0,0,0
49:04.5,Boring Road,25.46150792,85.25160827,-88.2290046,0,1.882361094,170.8806958,3G,0,0,0
55:18.9,Kidwaipuri,25.63525116,85.22444104,-80.79128283,0,2.162227847,187.7934896,3G,0,0,0
10:55.0,Anandpuri,25.67678814,85.09740621,-81.74359597,0,1.173525074,186.0343316,3G,0,0,0
29:38.2,Exhibition Road,25.48731259,85.27809505,-85.40712213,0,1.808727769,192.9479245,3G,0,0,0
32:45.4,Bankipore,25.44598808,85.17785406,-86.3682048,0,1.172752579,116.682879,3G,0,0,0
54:35.9,Kankarbagh,25.72646434,85.15588347,-85.1155561,0,1.820556236,127.7289335,3G,0,0,0
03:57.5,Exhibition Road,25.53561868,85.02399311,-85.38462418,0,1.747377136,113.8960265,3G,0,0,0
07:04.8,Gandhi Maidan,25.48666255,85.18747487,-81.87223063,0,2.392374694,149.2289099,3G,0,0,0
19:33.6,Fraser Road,25.56201798,85.26976576,-88.56011607,0,1.769606859,135.798963,3G,0,0,0
22:40.8,Pataliputra,25.47863529,85.18204879,-82.88884231,0,2.89468722,117.8489663,3G,0,0,0
32:02.4,Boring Canal Road,25.69183606,85.15043174,-89.8210387,0,2.601157571,123.4155371,3G,0,0,0
35:09.6,Gandhi Maidan,25.43652125,85.09505332,-87.40574536,0,1.161261949,154.965265,3G,0,0,0
44:31.3,Fraser Road,25.50687803,85.22842212,-85.900954,0,1.95388708,147.8245931,3G,0,0,0
50:45.7,Anandpuri,25.71487486,85.20654669,-85.42087083,0,2.872102121,135.2986072,3G,0,0,0
57:00.1,Bankipore,25.74697952,85.08564139,-87.41509738,0,2.222638647,145.2301754,3G,0,0,0
00:07.3,Bankipore,25.67052109,85.06325963,-84.52052691,0,2.697986103,102.6542393,3G,0,0,0
06:21.7,Bailey Road,25.68269824,85.24372342,-89.40665604,0,1.518468672,181.5013773,3G,0,0,0
18:50.6,Bankipore,25.46888512,85.16684159,-82.75826831,0,2.178405641,171.5409707,3G,0,0,0
37:33.8,Pataliputra,25.50255987,85.00014059,-84.87162796,0,1.58347897,162.8438417,3G,0,0,0
59:24.3,Boring Canal Road,25.47507574,85.21431201,-85.65645682,0,1.787170473,113.2881007,3G,0,0,0
02:31.5,Kankarbagh,25.6652654,85.05117744,-89.60912999,0,2.830972907,102.4160968,3G,0,0,0
05:38.7,Patliputra Colony,25.51434995,85.11723549,-91.08326838,0,1.446640826,160.6888893,3G,0,0,0
15:00.4,Anandpuri,25.72589447,85.02206554,-82.58999663,0,2.689303689,100.2693664,3G,0,0,0
21:14.8,Anandpuri,25.68171567,85.06071015,-84.84152652,0,1.651544745,147.3581822,3G,0,0,0
27:29.2,Exhibition Road,25.63404362,85.24845053,-78.42881643,0,1.052396379,157.7414638,3G,0,0,0
36:50.8,Gandhi Maidan,25.62339301,85.13074854,-84.48435489,0,1.773919089,107.4876821,3G,0,0,0
46:12.5,Fraser Road,25.73476601,85.06428419,-87.95413514,0,2.695439874,153.8238283,3G,0,0,0
36:07.8,Phulwari Sharif,25.58360787,85.13665602,-89.41022633,0,2.022420461,125.9961946,3G,0,0,0
45:29.5,Phulwari Sharif,25.68440851,85.01204634,-83.86943837,0,2.661565393,188.6352071,3G,0,0,0
51:43.9,Fraser Road,25.67009896,85.24526933,-83.30199685,0,1.340137128,182.4849532,3G,0,0,0
07:19.9,Ashok Rajpath,25.53924876,85.28665636,-78.44756908,0,1.581397866,159.48201,3G,0,0,0
47:53.7,Boring Road,25.42445661,85.1673732,-84.73805644,0,2.619079951,168.9276297,3G,0,0,0
06:36.9,Bailey Road,25.69756198,85.07610561,-88.56305249,0,2.993859776,165.1112079,3G,0,0,0
09:44.1,Phulwari Sharif,25.69148344,85.07547465,-83.60977584,0,1.761520886,101.039441,3G,0,0,0
12:51.3,Kankarbagh,25.46155396,85.13172081,-90.93932767,0,1.690914065,109.7264655,3G,0,0,0
31:34.6,Boring Canal Road,25.43575805,85.20075347,-95.11020438,0,2.203528463,106.1765592,3G,0,0,0
37:49.0,Kidwaipuri,25.54803497,85.24344144,-89.06208152,0,1.48484415,162.254064,3G,0,0,0
53:25.1,Bailey Road,25.55155469,85.20024223,-84.50238772,0,1.959359067,122.2014174,3G,0,0,0
59:39.5,Pataliputra,25.72020652,85.03903293,-83.1726714,0,1.751830642,148.4170384,3G,0,0,0
09:01.1,Kidwaipuri,25.67669286,85.0210676,-80.93973359,0,1.167121947,191.1314373,3G,0,0,0
24:37.2,Anisabad,25.59288549,85.0577518,-83.40584098,0,1.760576541,142.6357362,3G,0,0,0
52:42.1,Fraser Road,25.61695291,85.19193369,-83.18912852,0,1.726081902,132.6395423,3G,0,0,0
11:25.3,Exhibition Road,25.45359586,85.2078953,-88.40600995,0,2.048095086,104.2015594,3G,0,0,0
14:32.5,Kankarbagh,25.64592459,85.26071192,-88.82917914,0,1.285958476,199.7796827,3G,0,0,0
20:47.0,Fraser Road,25.64340051,85.20702305,-86.04569041,0,1.017447497,164.5776761,3G,0,0,0
23:54.2,Exhibition Road,25.42557401,85.09481936,-83.59677458,0,1.162580294,184.1363287,3G,0,0,0
36:23.0,S.K. Puri,25.47023292,85.18793356,-83.45016937,0,1.037767651,195.9472899,3G,0,0,0
48:51.9,Fraser Road,25.54306557,85.19687989,-79.20271119,0,2.831026427,110.938799,3G,0,0,0
55:06.3,Anandpuri,25.66059826,85.29401583,-87.6632811,0,2.858997784,171.7005319,3G,0,0,0
04:27.9,Anisabad,25.67435428,85.13230656,-82.91033476,0,2.188491309,185.8368995,3G,0,0,0
13:49.5,Patliputra Colony,25.58880305,85.22911426,-87.06758838,0,1.613253382,168.310021,3G,0,0,0
20:04.0,Ashok Rajpath,25.64031071,85.20624061,-81.76361924,0,1.003920654,119.7573437,3G,0,0,0
26:18.4,Phulwari Sharif,25.54812952,85.21553256,-79.3262639,0,2.68737313,146.3519631,3G,0,0,0
32:32.8,Fraser Road,25.5529905,85.0404555,-83.60136739,0,2.028295124,152.3346883,3G,0,0,0
00:37.7,Anandpuri,25.43614185,85.21093973,-79.99345457,0,2.622967907,196.6605882,3G,0,0,0
09:59.3,Ashok Rajpath,25.61006154,85.31613236,-85.61704735,0,1.993532064,101.0858317,3G,0,0,0
44:18.6,Anisabad,25.70731712,85.08335767,-85.48442945,0,1.902327508,165.2516822,3G,0,0,0
56:47.5,Phulwari Sharif,25.51050524,85.2834031,-86.52403046,0,1.779041992,186.7868034,3G,0,0,0
24:52.4,Kumhrar,25.47417581,85.18951033,-89.9853242,0,1.795716362,156.2072985,3G,0,0,0
43:35.6,Gandhi Maidan,25.5484188,85.206924,-81.72678234,0,1.625159904,119.4097375,3G,0,0,0
05:26.1,Phulwari Sharif,25.76857861,85.12445676,-88.75082681,0,1.158541922,195.9421953,3G,0,0,0
14:47.7,Kidwaipuri,25.57085052,85.08196811,-85.54048731,0,1.817367037,111.9912327,3G,0,0,0
24:09.4,Anisabad,25.59515515,85.24166481,-81.92310577,0,2.305590422,125.3951247,3G,0,0,0
49:07.0,Bankipore,25.62566651,85.07845625,-83.02322403,0,1.874240736,165.3410554,3G,0,0,0
52:14.3,Anandpuri,25.55961052,85.22631227,-81.7111053,0,2.123539481,165.07082,3G,0,0,0
14:04.7,Anisabad,25.60307181,85.14004809,-82.81852208,0,2.92361249,191.8823335,3G,0,0,0
20:19.1,Patliputra Colony,25.63170977,85.10585734,-87.71509337,0,2.838453989,196.1772451,3G,0,0,0
32:48.0,Boring Road,25.70084644,85.11510815,-82.46715997,0,2.515054613,181.6271535,3G,0,0,0
35:55.2,Rajendra Nagar,25.74436591,85.08896816,-86.55224128,0,2.457650794,180.0252809,3G,0,0,0
51:31.2,Gandhi Maidan,25.57727772,85.18939034,-84.33977656,0,1.228032608,152.5512281,3G,0,0,0
10:14.5,Kumhrar,25.52621298,85.04416537,-86.94361282,0,2.412656759,173.1539239,3G,0,0,0
32:05.0,Anisabad,25.62257899,84.96247104,-85.85554251,0,1.610622697,124.3364901,3G,0,0,0
53:55.4,Boring Road,25.7157922,85.22894797,-94.07893889,0,2.177579311,147.814593,3G,0,0,0
12:38.7,Rajendra Nagar,25.61799944,85.27133953,-86.9312602,0,2.912093464,126.9891641,3G,0,0,0
18:53.1,Rajendra Nagar,25.52476929,85.0742319,-81.54417179,0,2.245172928,168.6699516,3G,0,0,0
22:00.3,Pataliputra,25.66317785,85.21897904,-86.28835087,0,1.686056659,143.1308717,3G,0,0,0
28:14.8,Anandpuri,25.43747717,85.11573267,-84.1364216,0,2.969812568,115.2877146,3G,0,0,0
02:34.1,Boring Road,25.65716011,85.03395576,-86.05135128,0,2.959244516,149.7715465,3G,0,0,0
08:48.5,Bailey Road,25.65785546,85.06991666,-88.31146692,0,2.759762833,176.846622,3G,0,0,0
18:10.1,Exhibition Road,25.53523483,85.28659448,-86.17713661,0,1.475666203,132.0899008,3G,0,0,0
49:22.2,Fraser Road,25.48183749,85.12522494,-88.82463992,0,1.719971204,187.836908,3G,0,0,0
52:29.4,Bankipore,25.64548404,85.08122661,-86.86012898,0,2.455880005,148.9938153,3G,0,0,0
58:43.9,Exhibition Road,25.63951119,84.98291292,-90.9419016,0,1.739829426,135.4941085,3G,0,0,0
01:51.1,Exhibition Road,25.45512176,85.21783369,-86.78381425,0,2.660921605,181.4108311,3G,0,0,0
11:12.7,Anandpuri,25.56777655,85.20671105,-83.08189322,0,2.406206536,127.436777,3G,0,0,0
29:56.0,Anandpuri,25.44081207,85.0494374,-83.26823445,0,1.129469435,191.7778367,3G,0,0,0
33:03.2,Boring Canal Road,25.64333189,85.11741564,-88.65268227,0,2.352804102,181.6599679,3G,0,0,0
45:32.0,Fraser Road,25.4827371,85.01287803,-78.07590411,0,1.931291017,127.5093339,3G,0,0,0
51:46.4,Rajendra Nagar,25.54454607,85.18554006,-80.78720042,0,1.202314036,117.5874767,3G,0,0,0
01:08.1,Gandhi Maidan,25.70373646,85.16402358,-82.52701988,0,1.037967383,186.1359039,3G,0,0,0
10:29.7,Patliputra Colony,25.45097716,85.09281394,-84.74877053,0,2.787416774,152.8626055,3G,0,0,0
32:20.2,Danapur,25.468126,85.16879385,-83.40267647,0,2.004171001,117.1355691,3G,0,0,0
51:03.4,Bailey Road,25.59381965,84.97900114,-85.54614566,0,1.006659829,110.2515416,3G,0,0,0
12:53.9,S.K. Puri,25.67520214,85.02504422,-79.62864702,0,2.791255086,135.5906184,3G,0,0,0
19:08.3,Gandhi Maidan,25.45857796,85.23237507,-84.8164857,0,1.820794462,194.8348004,3G,0,0,0
37:51.6,Ashok Rajpath,25.56118462,85.15800969,-87.65514458,0,1.710968073,122.1507377,3G,0,0,0
40:58.8,Kumhrar,25.47324355,85.18508592,-85.00634073,0,1.526329492,104.6577468,3G,0,0,0
44:06.0,Ashok Rajpath,25.65619907,85.15594557,-80.02703028,0,2.434423522,107.0025159,3G,0,0,0
47:13.2,Pataliputra,25.72284518,85.114491,-78.61553005,0,1.662699975,192.975084,3G,0,0,0
50:20.4,Ashok Rajpath,25.55565443,85.15517979,-78.99459961,0,1.510474634,112.1872701,3G,0,0,0
56:34.8,Bailey Road,25.55121983,85.1471053,-80.92154113,0,2.646736393,156.8497524,3G,0,0,0
05:56.5,S.K. Puri,25.49609916,85.03009399,-84.36780788,0,1.517334952,127.6189367,3G,0,0,0
15:18.1,Bailey Road,25.70253878,85.11181604,-89.25190901,0,1.974262833,116.4320699,3G,0,0,0
24:39.7,Kidwaipuri,25.69551274,85.12608565,-86.07509788,0,2.73554101,144.1949121,3G,0,0,0
43:23.0,Phulwari Sharif,25.72213136,85.15624246,-86.39561753,0,1.016642196,145.3206716,3G,0,0,0
49:37.4,S.K. Puri,25.45552199,85.18312313,-86.39202144,0,2.883342222,197.135891,3G,0,0,0
17:42.3,Kankarbagh,25.71272445,85.20872163,-88.88772757,0,1.473105952,183.8172727,3G,0,0,0
23:56.7,Kumhrar,25.43844403,85.08917554,-88.25505501,0,1.254313043,104.2180693,3G,0,0,0
39:32.8,Danapur,25.67080179,85.00885505,-90.65055703,0,2.474570769,175.4070687,3G,0,0,0
55:08.8,Kumhrar,25.71051798,85.21833597,-85.21893618,0,1.361486018,150.8340096,3G,0,0,0
26:20.9,Bankipore,25.49480517,85.23194426,-87.52722874,0,2.976989893,178.6392314,3G,0,0,0
51:18.6,Patliputra Colony,25.60998632,85.217033,-83.97380912,0,2.469085647,101.1526889,3G,0,0,0
54:25.8,Boring Canal Road,25.67892296,85.01591944,-86.64148832,0,2.363741711,191.4917561,3G,0,0,0
57:33.0,Rajendra Nagar,25.7163835,85.04822798,-83.12671629,0,1.387699144,162.5051249,3G,0,0,0
22:30.7,Gardanibagh,25.59773714,84.97928877,-85.8470712,0,1.585346864,158.4238751,3G,0,0,0
34:59.5,Pataliputra,25.42541294,85.18513226,-84.82203328,0,1.678893736,151.528329,3G,0,0,0
38:06.8,Kankarbagh,25.54810305,85.1812042,-79.87079996,0,1.605465587,127.5275001,3G,0,0,0
50:35.6,Anisabad,25.55690505,85.04213647,-79.35528649,0,1.834558344,139.1559516,3G,0,0,0
05:28.6,Anisabad,25.60441581,85.19353962,-83.35801558,0,2.37560471,162.1572262,3G,0,0,0
24:11.9,Ashok Rajpath,25.60549543,85.28253243,-85.84138854,0,2.961122132,194.9258012,3G,0,0,0
33:33.5,Phulwari Sharif,25.60876205,85.31476546,-84.17487155,0,2.053577518,174.3376197,3G,0,0,0
46:02.4,Pataliputra,25.70061377,85.14557177,-87.35493467,0,1.580080534,105.5001385,3G,0,0,0
55:24.0,Exhibition Road,25.66176038,85.18885864,-81.47437836,0,2.322157535,157.739741,3G,0,0,0
04:45.6,Rajendra Nagar,25.63614506,85.15602764,-89.43140296,0,2.438596736,136.3522192,3G,0,0,0
11:00.1,Kidwaipuri,25.46940119,85.18123389,-83.21383517,0,2.271406446,152.3795785,3G,0,0,0
32:50.5,Phulwari Sharif,25.74701831,85.0631782,-81.04248739,0,2.992784052,153.2230447,3G,0,0,0
51:33.8,Anisabad,25.76669891,85.16042516,-84.16848092,0,2.894161595,183.5880241,3G,0,0,0
54:41.0,Kankarbagh,25.61728017,85.05302063,-83.47308109,0,1.460819728,148.4927964,3G,0,0,0
57:48.2,Patliputra Colony,25.71342461,85.10534233,-82.61113449,0,1.251026608,171.0467862,3G,0,0,0
07:09.8,Bailey Road,25.68603949,85.00834178,-89.1767609,0,1.764928345,103.6955951,3G,0,0,0
22:45.9,Fraser Road,25.41788343,85.11121879,-86.05909166,0,1.308894837,156.1035104,3G,0,0,0
29:00.3,S.K. Puri,25.6127802,84.96772456,-83.85833154,0,1.783646859,190.5177143,3G,0,0,0
38:21.9,Anisabad,25.5422751,85.26261269,-83.61729225,0,1.55912342,189.1181493,3G,0,0,0
50:50.8,Patliputra Colony,25.71478741,85.2224871,-84.9830093,0,2.588585075,131.8620863,3G,0,0,0
06:26.8,Pataliputra,25.50350006,85.28008548,-83.91092366,0,1.29948097,181.7726045,3G,0,0,0
09:34.0,Boring Canal Road,25.51989837,85.11638244,-85.73885543,0,1.718695566,160.405516,3G,0,0,0
15:48.5,Anisabad,25.6445503,85.28669569,-81.17187927,0,1.964316179,137.2002117,3G,0,0,0
25:10.1,Gandhi Maidan,25.62885261,85.30226212,-79.62159766,0,2.305618201,109.3473274,3G,0,0,0
28:17.3,Ashok Rajpath,25.50293408,85.179576,-81.11034439,0,2.216877455,134.7535207,3G,0,0,0
37:38.9,Ashok Rajpath,25.59622888,85.00851733,-91.06273976,0,2.888080695,166.9812532,3G,0,0,0
08:51.0,Boring Road,25.73917549,85.20745211,-83.32783052,0,1.322254792,110.6453566,3G,0,0,0
11:58.2,Bankipore,25.63203782,85.27390337,-79.9306825,0,1.553772107,117.8357926,3G,0,0,0
43:10.3,Ashok Rajpath,25.67936613,85.15713468,-86.41469064,0,2.807145732,159.2478024,3G,0,0,0
49:24.8,Anisabad,25.60425692,85.11388109,-82.28508433,0,2.66542696,101.4708983,3G,0,0,0
55:39.2,Bankipore,25.76987528,85.13955316,-91.7260694,0,1.33129883,139.6886677,3G,0,0,0
29:58.5,Rajendra Nagar,25.5326843,85.25116291,-88.89665183,0,2.966802149,142.9123691,3G,0,0,0
39:20.1,Gardanibagh,25.69761005,85.07364224,-82.92196312,0,2.862607642,181.4246374,3G,0,0,0
54:56.2,Pataliputra,25.6520319,85.26955308,-85.88320882,0,1.797073333,160.5894839,3G,0,0,0
01:10.6,Anandpuri,25.63016029,84.99214611,-85.30877751,0,2.474087084,130.2653836,3G,0,0,0
04:17.8,Exhibition Road,25.7001634,85.19036006,-87.80397017,0,1.720743006,125.6718239,3G,0,0,0
10:32.2,Boring Canal Road,25.56787416,85.15377482,-80.72846899,0,1.630332214,104.6964978,3G,0,0,0
38:37.1,Gandhi Maidan,25.49827734,85.23175989,-85.61373157,0,2.031983562,153.9778782,3G,0,0,0
51:06.0,Boring Canal Road,25.61225486,85.30461465,-87.17765517,0,2.358544493,131.6408677,3G,0,0,0
03:34.8,S.K. Puri,25.46556212,85.12321445,-81.23186088,0,1.92001052,186.7019679,3G,0,0,0
06:42.0,Pataliputra,25.63493835,85.01770833,-87.40191296,0,1.114798529,179.0909346,3G,0,0,0
09:49.2,Phulwari Sharif,25.63082125,85.00518723,-80.14401201,0,2.145782937,186.8075341,3G,0,0,0
22:18.1,Fraser Road,25.62966064,85.30435565,-89.72578868,0,2.033852042,172.2682689,3G,0,0,0
34:46.9,Kidwaipuri,25.5450553,84.99997482,-85.25120333,0,1.419194097,130.4920752,3G,0,0,0
37:54.1,S.K. Puri,25.65834777,85.2460997,-86.28123022,0,2.512357375,169.2514095,3G,0,0,0
47:15.7,Fraser Road,25.57680626,85.20216827,-80.09866707,0,1.559204698,115.8640125,3G,0,0,0
59:44.6,Kidwaipuri,25.67538767,85.28584055,-82.19977879,0,2.558603733,147.2072803,3G,0,0,0
15:20.6,Fraser Road,25.46264517,85.04418389,-81.42382676,0,2.146715144,105.51143,3G,0,0,0
24:42.3,Gardanibagh,25.551287,85.07483772,-83.71271296,0,1.535285618,164.7029636,3G,0,0,0
30:56.7,Bailey Road,25.62423517,85.30861176,-79.89993442,0,1.681824199,172.8725798,3G,0,0,0
37:11.1,Ashok Rajpath,25.44507218,85.21826288,-83.95601741,0,1.558945264,182.0428108,3G,0,0,0
43:25.5,Gardanibagh,25.53329118,85.24796408,-86.8641559,0,2.911321489,194.0243419,3G,0,0,0
49:40.0,Anandpuri,25.6531205,85.12724927,-81.40539655,0,2.884750938,140.0046686,3G,0,0,0
55:54.4,Anandpuri,25.55397825,85.23652972,-85.03793411,0,2.073442473,158.2816353,3G,0,0,0
59:01.6,Phulwari Sharif,25.43124566,85.07824436,-80.14332058,0,1.341613196,176.6287853,3G,0,0,0
05:16.0,Pataliputra,25.49963816,85.15830068,-82.32979875,0,1.926578326,124.8218795,3G,0,0,0
20:52.1,Gardanibagh,25.67222825,85.2223665,-80.95251304,0,2.348878157,194.5640103,3G,0,0,0
23:59.3,Fraser Road,25.67741755,85.08363969,-85.5271202,0,2.685081336,108.3928558,3G,0,0,0
30:13.7,Ashok Rajpath,25.46840593,85.15740611,-78.05138258,0,2.956503258,111.5079407,3G,0,0,0
45:49.7,Kidwaipuri,25.74288135,85.06105928,-86.58803335,0,2.43059198,155.4210374,3G,0,0,0
55:11.4,Kumhrar,25.52465375,85.14211083,-83.87814245,0,1.965121662,106.5047421,3G,0,0,0
01:25.8,Exhibition Road,25.49199419,85.16796173,-80.8215384,0,1.203754511,162.0363645,3G,0,0,0
10:47.4,Pataliputra,25.55991762,85.02290265,-88.85558193,0,1.48862342,176.1431797,3G,0,0,0
26:23.5,S.K. Puri,25.60874535,85.28960243,-82.530256,0,1.45361644,141.5883936,3G,0,0,0
41:59.5,Bailey Road,25.53554436,84.99845845,-83.10473604,0,2.040473365,191.54034,3G,0,0,0
10:04.4,Rajendra Nagar,25.6738058,85.06006714,-85.92559803,0,2.809092406,111.2712362,3G,0,0,0
19:26.0,Kumhrar,25.70152528,85.0588863,-87.19521167,0,2.025283937,129.4144193,3G,0,0,0
25:40.5,Anisabad,25.65399104,85.22841051,-82.79252661,0,2.397994135,100.640661,3G,0,0,0
28:47.7,Rajendra Nagar,25.63120388,85.20224959,-82.85991476,0,1.662729556,195.1857183,3G,0,0,0
56:52.6,Pataliputra,25.5611436,85.10236771,-82.74207325,0,2.803998135,193.4880072,3G,0,0,0
03:07.0,Gardanibagh,25.47014697,85.13047523,-90.21471735,0,2.109244192,160.7152761,3G,0,0,0
12:28.6,Anisabad,25.58026406,85.09632897,-79.06642806,0,2.02162287,100.4526188,3G,0,0,0
24:57.5,Patliputra Colony,25.62337409,85.16497862,-79.44613709,0,2.31351037,197.6196756,3G,0,0,0
28:04.7,Danapur,25.52614638,85.22689315,-81.99872212,0,2.455431335,135.9202865,3G,0,0,0
53:02.3,Gardanibagh,25.46059953,85.20538119,-84.65787729,0,2.691747567,138.4797069,3G,0,0,0
05:31.2,Kumhrar,25.70104357,85.05818346,-84.5026072,0,2.54472062,118.7155673,3G,0,0,0
11:45.6,Danapur,25.52686033,84.9990118,-80.228393,0,2.92369692,143.8537284,3G,0,0,0
14:52.8,Kumhrar,25.71054064,85.09809747,-88.71897134,0,2.131780815,109.3123868,3G,0,0,0
18:00.0,Pataliputra,25.5955674,85.039535,-79.06871797,0,1.510521198,146.4896722,3G,0,0,0
21:07.2,Anandpuri,25.51770985,85.06352244,-87.61946403,0,2.421113134,135.7390053,3G,0,0,0
27:21.7,Ashok Rajpath,25.6444412,85.02705866,-83.92301009,0,1.631494576,125.8234406,3G,0,0,0
36:43.3,Ashok Rajpath,25.75471873,85.12378174,-85.98896266,0,1.978259627,161.9254344,3G,0,0,0
39:50.5,Kumhrar,25.47630218,85.09371087,-82.73732335,0,1.624135553,142.4778262,3G,0,0,0
23:31.4,Exhibition Road,25.58520565,85.15676392,-83.79969408,0,2.951889452,118.2283205,3G,0,0,0
26:38.7,Rajendra Nagar,25.62262776,85.27311659,-84.51872513,0,1.844458552,119.0020793,3G,0,0,0
32:53.1,Phulwari Sharif,25.57013194,85.28155088,-91.30173004,0,2.047918981,121.2765623,3G,0,0,0
51:36.3,Anisabad,25.67771546,85.02322142,-84.41019996,0,2.017009144,170.0174079,3G,0,0,0
54:43.5,Exhibition Road,25.75727938,85.09364469,-88.13688281,0,2.039182082,103.4400246,3G,0,0,0
07:12.4,Boring Canal Road,25.6399091,84.97552514,-84.69265494,0,1.300862166,188.7355449,3G,0,0,0
19:41.2,S.K. Puri,25.52164146,84.97718643,-82.82382485,0,1.069414699,186.9121681,3G,0,0,0
38:24.5,Boring Road,25.5960692,85.13711947,-84.99675103,0,2.60822636,198.9000037,3G,0,0,0
44:38.9,Patliputra Colony,25.53421113,85.18890556,-89.23432707,0,2.169466115,163.8487177,3G,0,0,0
50:53.3,S.K. Puri,25.59029722,85.15048944,-85.55262505,0,2.754941076,170.9873685,3G,0,0,0
03:22.2,Bailey Road,25.54425846,85.13892603,-85.15863856,0,2.513541294,113.2558924,3G,0,0,0
34:34.3,Kankarbagh,25.54160554,85.24297993,-86.2415339,0,2.179410331,199.7507276,3G,0,0,0
53:17.5,Bankipore,25.59606456,85.13337305,-88.67379548,0,2.178385564,127.0220483,3G,0,0,0
59:31.9,Phulwari Sharif,25.68753605,85.1474875,-81.39359481,0,2.935783382,139.7014713,3G,0,0,0
02:39.2,Kidwaipuri,25.50406481,85.03209685,-84.59136328,0,1.17942703,162.9435279,3G,0,0,0
27:36.8,Fraser Road,25.74208366,85.20824119,-89.90206467,0,2.234493826,180.6222425,3G,0,0,0
49:27.3,Danapur,25.43764293,85.1922961,-84.12725915,0,2.266766543,142.8252996,3G,0,0,0
52:34.5,Kidwaipuri,25.54432989,85.01197964,-81.24736231,0,1.190192464,167.967071,3G,0,0,0
58:48.9,Danapur,25.50150126,85.06099449,-82.69804463,0,1.421505773,114.9900876,3G,0,0,0
11:17.8,Kumhrar,25.67022046,84.98985991,-85.33863418,0,2.992227676,173.4753628,3G,0,0,0
17:32.2,Exhibition Road,25.53266941,85.1245845,-83.29720697,0,2.402048979,120.9336702,3G,0,0,0
23:46.6,Bankipore,25.68563132,85.22000926,-86.80804404,0,2.880708464,158.7557855,3G,0,0,0
01:13.1,Bailey Road,25.67987932,85.26303989,-84.12796533,0,1.460807032,157.2940721,3G,0,0,0
07:27.6,Anisabad,25.42783474,85.11206298,-88.16877151,0,2.352219118,194.2628405,3G,0,0,0
19:56.4,Anisabad,25.77171952,85.1257289,-89.8003309,0,2.066742636,186.807681,3G,0,0,0
23:03.6,Gardanibagh,25.66226091,85.20539093,-81.77122513,0,2.777645192,168.3546032,3G,0,0,0
38:39.7,Kumhrar,25.67362191,85.27673452,-87.49689638,0,1.241676304,177.1795487,3G,0,0,0
41:46.9,Boring Canal Road,25.54793312,84.97480172,-86.06058739,0,1.606025544,116.3776401,3G,0,0,0
00:30.1,Phulwari Sharif,25.58137021,85.06632199,-85.98582064,0,2.281514502,118.3124247,3G,0,0,0
03:37.3,Anandpuri,25.66257747,85.14283887,-84.54787988,0,1.629036267,126.0023333,3G,0,0,0
25:27.8,Bailey Road,25.67740932,85.19256132,-84.91445687,0,2.998615249,167.2209464,3G,0,0,0
31:42.2,Exhibition Road,25.6925106,85.20633711,-87.05775804,0,2.423315769,115.7164185,3G,0,0,0
34:49.5,Kumhrar,25.65728399,85.29404304,-85.16985186,0,2.201402918,108.2254179,3G,0,0,0
56:39.9,Bailey Road,25.60194179,85.05433922,-86.30052783,0,1.079335243,198.3715918,3G,0,0,0
15:23.2,Anisabad,25.54810486,85.2642894,-85.66756536,0,2.036274203,103.9453313,3G,0,0,0
34:06.4,Gandhi Maidan,25.64593129,84.97450328,-82.94367956,0,1.748392174,139.6021298,3G,0,0,0
43:28.1,Boring Canal Road,25.6703239,85.19938197,-82.27924944,0,2.020239638,125.7195369,3G,0,0,0
52:49.7,Bailey Road,25.53276537,85.00969109,-83.90041684,0,2.319923216,142.4911446,3G,0,0,0
59:04.1,Anandpuri,25.44924225,85.14311347,-80.19419663,0,1.71308204,199.3965689,3G,0,0,0
14:40.2,Bankipore,25.61470553,85.12910951,-85.74821131,0,1.301724474,155.3003026,3G,0,0,0
24:01.8,Kankarbagh,25.68262253,85.06667863,-87.60131484,0,1.309027827,160.2079427,3G,0,0,0
48:59.5,Kumhrar,25.58799961,85.30243339,-91.29279383,0,1.51640431,196.4794479,3G,0,0,0
26:26.0,Fraser Road,25.73639587,85.22851961,-86.34390671,0,2.894289128,156.6667817,3G,0,0,0
32:40.4,Gandhi Maidan,25.51422891,85.15014498,-83.63865958,0,2.972814277,193.3554715,3G,0,0,0
38:54.9,Rajendra Nagar,25.4762897,85.08845756,-90.51089754,0,2.013986187,159.1614671,3G,0,0,0
38:11.8,Bankipore,25.63570599,85.13968325,-86.65584935,0,1.635895819,184.1438912,3G,0,0,0
41:19.1,Anisabad,25.73004442,85.12997804,-89.5547954,0,2.441191269,135.0751833,3G,0,0,0
00:02.3,Patliputra Colony,25.67058338,85.04637247,-83.51459401,0,2.8715683,191.5010374,3G,0,0,0
15:38.4,Kankarbagh,25.4555172,85.10338653,-93.04948056,0,1.566754196,145.0642344,3G,0,0,0
28:07.2,Fraser Road,25.53928656,84.99359514,-83.41748051,0,1.048248877,101.7858374,3G,0,0,0
31:14.4,Patliputra Colony,25.69941105,85.26447998,-85.59357342,0,1.403536806,154.7648508,3G,0,0,0
37:28.8,Gardanibagh,25.55708748,85.21131244,-79.52154104,0,2.876368157,199.9715112,3G,0,0,0
40:36.0,Kumhrar,25.63958084,85.0976114,-81.00837251,0,1.183266228,172.8151366,3G,0,0,0
43:43.3,Exhibition Road,25.77214644,85.15968764,-89.59413524,0,2.089561186,126.395277,3G,0,0,0
59:19.3,Danapur,25.77161275,85.11225368,-79.75166001,0,2.01913593,168.8515937,3G,0,0,0
05:33.7,Pataliputra,25.55238155,85.0141591,-87.26322948,0,2.77796523,189.0821449,3G,0,0,0
24:17.0,Kumhrar,25.4363851,85.08945101,-84.92553703,0,1.109213032,129.0900277,3G,0,0,0
04:50.7,Patliputra Colony,25.60187228,85.13865864,-82.90065305,0,2.366968972,155.5332648,3G,0,0,0
23:34.0,Gardanibagh,25.4526706,85.04766336,-82.43304064,0,2.828834782,149.8454161,3G,0,0,0
29:48.4,S.K. Puri,25.57267927,85.23288137,-88.50797682,0,1.55929597,137.0919202,3G,0,0,0
36:02.8,Bailey Road,25.73485558,85.16898971,-87.38057799,0,1.75002083,116.6767797,3G,0,0,0
45:24.5,Gandhi Maidan,25.46736435,85.23559381,-92.04314601,0,2.088991531,114.8639771,3G,0,0,0
48:31.7,Danapur,25.59695835,85.15088075,-81.31150755,0,1.625903481,147.7763851,3G,0,0,0
57:53.3,Gandhi Maidan,25.5300071,85.0093246,-85.26350803,0,2.166152896,137.5300844,3G,0,0,0
10:22.1,Bailey Road,25.6757807,85.05082557,-81.77287477,0,2.199301622,154.1708201,3G,0,0,0
16:36.6,Anandpuri,25.73446058,85.16610345,-86.29990082,0,1.432427616,193.5588961,3G,0,0,0
38:27.0,Exhibition Road,25.58110768,85.12116088,-81.07771864,0,2.247993693,107.7446292,3G,0,0,0
41:34.2,Kidwaipuri,25.44957859,85.06443078,-89.85426746,0,1.583619419,136.1172202,3G,0,0,0
47:48.7,Fraser Road,25.69706374,85.2744527,-87.48985842,0,1.989274683,178.070634,3G,0,0,0
54:03.1,S.K. Puri,25.57732327,85.11990573,-88.98955333,0,1.8411602,171.6259619,3G,0,0,0
06:31.9,Phulwari Sharif,25.53125481,84.98652889,-87.27824068,0,1.337395546,146.7943719,3G,0,0,0
09:39.1,Kumhrar,25.71481699,85.24363429,-78.59996441,0,2.584895453,179.5428642,3G,0,0,0
25:15.2,Kankarbagh,25.54079256,85.1073738,-81.03999738,0,2.918480376,185.2686291,3G,0,0,0
31:29.6,Ashok Rajpath,25.66846458,85.08832684,-82.23612802,0,2.342112427,113.405353,3G,0,0,0
56:27.3,S.K. Puri,25.62351264,85.17221706,-87.19753074,0,2.115508355,175.9688721,3G,0,0,0
43:15.4,Bailey Road,25.61812196,85.19069591,-86.49855456,0,1.861838808,131.8553085,3G,0,0,0
49:29.9,Anisabad,25.45236513,85.17049855,-79.36657532,0,1.467412488,149.6908125,3G,0,0,0
52:37.1,Fraser Road,25.67082402,85.25282587,-84.70129815,0,1.045875266,152.4536415,3G,0,0,0
58:51.5,Bailey Road,25.76822968,85.1710521,-90.15322093,0,1.507500489,176.0168076,3G,0,0,0
08:13.1,Gardanibagh,25.64919294,85.21990863,-84.54643699,0,1.395786865,170.7271104,3G,0,0,0
11:20.3,S.K. Puri,25.61594218,85.09206431,-87.43021955,0,1.615097962,132.3740663,3G,0,0,0
36:18.0,Bankipore,25.54351542,85.21727799,-83.1928583,0,2.699346687,184.1869331,3G,0,0,0
13:44.5,Danapur,25.58344762,85.3132874,-86.81497107,0,2.123559142,151.9554071,3G,0,0,0
35:35.0,Pataliputra,25.58426692,85.00962815,-91.53958461,0,1.921105772,170.3619844,3G,0,0,0
44:56.6,Gardanibagh,25.46108015,85.16266462,-85.89174898,0,2.703145865,141.56791,3G,0,0,0
48:03.8,Anandpuri,25.70707759,85.21254442,-83.92251907,0,2.080211377,140.0343284,3G,0,0,0
54:18.3,Danapur,25.66870998,85.14464146,-91.69714821,0,1.73732751,113.7823583,3G,0,0,0
00:32.7,Patliputra Colony,25.67676707,85.00029542,-88.43692425,0,2.584636456,189.1160701,3G,0,0,0
03:39.9,Anandpuri,25.47377654,85.22309554,-80.68938936,0,2.566659701,192.4748834,3G,0,0,0
09:54.3,Kidwaipuri,25.48239397,85.21064959,-82.92734506,0,2.775719922,138.487757,3G,0,0,0
16:08.7,Boring Canal Road,25.44890826,85.198083,-84.76980095,0,2.557680264,127.736492,3G,0,0,0
37:59.2,Ashok Rajpath,25.68997884,85.24182832,-83.13412135,0,1.144401513,161.3274212,3G,0,0,0
47:20.8,Ashok Rajpath,25.59518976,85.2258371,-81.62155952,0,1.039553397,177.1111927,3G,0,0,0
12:18.5,Bailey Road,25.52364431,85.19985054,-82.16340155,0,1.171002044,113.9591853,3G,0,0,0
21:40.1,Kidwaipuri,25.6822114,85.20579437,-88.31567165,0,1.384233991,152.5321378,3G,0,0,0
24:47.4,Anandpuri,25.61403047,85.28653541,-82.04541759,0,2.36377206,170.0890806,3G,0,0,0
31:01.8,S.K. Puri,25.63696742,85.0851598,-87.4787086,0,2.150336484,185.1013974,3G,0,0,0
40:23.4,Rajendra Nagar,25.68788302,85.16538616,-90.28812832,0,1.018074758,198.9005465,3G,0,0,0
02:13.9,Bailey Road,25.70526328,85.0843325,-81.89631364,0,2.032873652,139.8287429,3G,0,0,0
14:42.7,Anandpuri,25.45014031,85.20332501,-88.38070295,0,1.204769363,144.7225745,3G,0,0,0
27:11.6,Bailey Road,25.72234349,85.17885358,-83.13541436,0,2.644428532,198.6461578,3G,0,0,0
39:40.4,Fraser Road,25.68155987,85.23425184,-87.44920425,0,1.214914053,145.345346,3G,0,0,0
13:59.7,Kumhrar,25.47548812,85.0058972,-83.0819875,0,1.950999935,105.380155,3G,0,0,0
26:28.6,S.K. Puri,25.44338457,85.21197513,-84.7821744,0,1.910086376,141.9026599,3G,0,0,0
56:57.6,Patliputra Colony,25.54295636,84.98675588,-84.7223699,0,1.295691062,188.8739765,3G,0,0,0
12:33.7,Ashok Rajpath,25.69394256,85.04026045,-81.10553626,0,2.394771475,186.5647888,3G,0,0,0
15:40.9,S.K. Puri,25.71858472,85.0378539,-79.34200304,0,2.379061589,173.6041752,3G,0,0,0
18:48.1,Gardanibagh,25.68721136,85.23289593,-82.29208292,0,1.633666195,189.4407741,3G,0,0,0
43:45.8,Ashok Rajpath,25.64248039,85.04005374,-83.91955042,0,2.091173026,161.4477723,3G,0,0,0
56:14.6,Ashok Rajpath,25.584053,84.96900183,-82.26063657,0,1.961003286,191.988343,3G,0,0,0
05:36.3,S.K. Puri,25.5450778,85.12679869,-84.29913105,0,2.680703122,121.7673132,3G,0,0,0
11:50.7,Patliputra Colony,25.56840467,85.08623017,-83.67045648,0,1.898297594,110.6737059,3G,0,0,0
24:19.5,Phulwari Sharif,25.68328697,84.98949456,-83.88167157,0,1.200245737,134.0724524,3G,0,0,0
39:55.6,Patliputra Colony,25.60605472,85.26558499,-83.28409712,0,1.970859682,125.2403683,3G,0,0,0
52:24.4,Ashok Rajpath,25.62269015,85.15387577,-86.30934951,0,2.121669742,159.5472474,3G,0,0,0
01:46.1,Kidwaipuri,25.44765746,85.19599794,-86.40516253,0,2.853299023,127.8809482,3G,0,0,0
20:29.3,Anisabad,25.67096148,85.05372941,-85.89209378,0,1.747910724,101.1865433,3G,0,0,0
54:48.6,Bailey Road,25.67301841,85.0590805,-87.14771484,0,1.667046402,126.5687592,3G,0,0,0
04:10.3,Rajendra Nagar,25.45615074,85.04606667,-78.63604619,0,1.706831789,134.2405431,3G,0,0,0
26:00.7,Anisabad,25.4806306,85.22639593,-86.84632839,0,1.775296199,181.1354371,3G,0,0,0
29:07.9,Anisabad,25.5055044,85.0754207,-83.86848652,0,2.99149588,137.8618754,3G,0,0,0
38:29.6,Phulwari Sharif,25.52138845,85.18572693,-88.77019217,0,2.849591966,102.5338977,3G,0,0,0
41:36.8,Anandpuri,25.65792036,84.98466792,-87.02889148,0,2.856495647,154.6629624,3G,0,0,0
50:58.4,Boring Road,25.71306531,85.25836863,-80.61338323,0,1.870508803,191.5802104,3G,0,0,0
03:27.3,Anandpuri,25.52779021,85.0654495,-86.02257369,0,2.998687719,125.5698791,3G,0,0,0
06:34.5,Exhibition Road,25.4586815,85.14610732,-80.0558992,0,1.393993032,117.2905421,3G,0,0,0
12:48.9,Gardanibagh,25.44166709,85.12737422,-84.93498694,0,1.187826313,132.808763,3G,0,0,0
15:56.1,S.K. Puri,25.56094185,85.01892577,-86.99857484,0,1.102981953,162.8595258,3G,0,0,0
59:37.0,Phulwari Sharif,25.66940703,85.02482988,-84.10077004,0,2.466434039,153.2729367,3G,0,0,0
02:44.2,Bankipore,25.56866395,85.02150122,-84.80556007,0,2.11373391,184.8656351,3G,0,0,0
08:58.7,Boring Road,25.48726423,85.0396953,-86.97268179,0,1.861656358,190.9983839,3G,0,0,0
15:13.1,Bankipore,25.69602888,85.07785472,-84.23529626,0,2.167189029,160.5183482,3G,0,0,0
43:18.0,Kumhrar,25.61732713,85.08443671,-85.64728498,0,1.127050746,132.5093156,3G,0,0,0
46:25.2,Anisabad,25.4545678,85.17545398,-86.56745497,0,1.791216899,118.6458454,3G,0,0,0
02:01.2,S.K. Puri,25.57398418,85.26490866,-86.31849108,0,2.42804094,134.357318,3G,0,0,0
08:15.7,Bailey Road,25.59933298,85.208546,-82.40593884,0,1.086164757,149.0762229,3G,0,0,0
11:22.9,Phulwari Sharif,25.68808037,85.21952752,-83.65679794,0,2.600748572,188.1551283,3G,0,0,0
26:58.9,Gardanibagh,25.68234174,85.12045112,-86.78045638,0,1.4278523,161.907073,3G,0,0,0
36:20.6,Patliputra Colony,25.48217897,85.04756794,-81.84018936,0,2.221783336,160.1948676,3G,0,0,0
20:01.5,Phulwari Sharif,25.65273741,85.23888845,-92.55948185,0,2.311945168,160.4731816,3G,0,0,0
29:23.1,Phulwari Sharif,25.73002915,85.05468131,-86.01409186,0,2.18169609,162.2026024,3G,0,0,0
35:37.5,Bankipore,25.69760942,85.10486552,-83.01351517,0,2.749937799,182.4561946,3G,0,0,0
38:44.8,Gandhi Maidan,25.53148223,85.17131009,-82.34534425,0,2.415779322,151.8488133,3G,0,0,0
51:13.6,Bailey Road,25.49752377,85.04630588,-88.2153115,0,1.85942999,151.6264254,3G,0,0,0
00:35.2,Gandhi Maidan,25.60331408,85.31063706,-82.89951204,0,2.767352153,135.9920183,3G,0,0,0
06:49.6,Anisabad,25.45281898,85.13642501,-85.10480277,0,1.813405744,147.8063153,3G,0,0,0
25:32.9,Rajendra Nagar,25.53337142,85.15961615,-83.6182846,0,2.342381816,171.2415402,3G,0,0,0
53:37.8,Anisabad,25.58313599,85.2018125,-81.7623067,0,1.767119703,154.0495361,3G,0,0,0
21:42.7,Patliputra Colony,25.55572192,85.21144108,-84.57364459,0,1.909548824,125.3604236,3G,0,0,0
37:18.7,Patliputra Colony,25.60383392,84.97719274,-87.50400615,0,2.380090463,136.1563422,3G,0,0,0
43:33.2,Kankarbagh,25.52522172,85.1496925,-80.18569866,0,2.929019635,106.5859774,3G,0,0,0
52:54.8,Boring Canal Road,25.5713888,85.28938734,-84.81432586,0,1.131590373,188.2257686,3G,0,0,0
56:02.0,Danapur,25.74631564,85.2194272,-85.83985428,0,2.81689809,107.976515,3G,0,0,0
14:45.3,Fraser Road,25.53727353,85.18881453,-86.44102424,0,2.688989471,146.5862027,3G,0,0,0
17:52.5,Kankarbagh,25.71339392,85.23476917,-79.51582651,0,2.497036049,131.275761,3G,0,0,0
20:59.7,Ashok Rajpath,25.55956092,85.01341206,-90.2969697,0,2.193280871,120.6754546,3G,0,0,0
58:26.2,Anisabad,25.74094975,85.18663955,-90.06628094,0,2.727041571,163.173129,3G,0,0,0
04:40.6,Gandhi Maidan,25.60089619,85.16196695,-88.36666681,0,1.500581599,182.9109179,3G,0,0,0
10:55.0,Anisabad,25.5213141,85.00764628,-88.06433876,0,2.027517437,161.0523547,3G,0,0,0
35:52.7,Boring Road,25.6843011,85.24058137,-80.35485594,0,1.358475962,138.1642827,3G,0,0,0
38:59.9,Exhibition Road,25.43275904,85.0953494,-87.55465327,0,1.590793858,112.8857717,3G,0,0,0
51:28.8,Bankipore,25.66208452,85.05580586,-77.49390977,0,1.721893869,108.4141903,3G,0,0,0
54:36.0,Patliputra Colony,25.45002328,85.11968272,-89.17403475,0,1.607149432,196.9318616,3G,0,0,0
03:57.6,Anisabad,25.50533893,85.26974572,-82.75809786,0,1.803838861,134.4364233,3G,0,0,0
07:04.8,Kumhrar,25.69512743,85.0118741,-82.49478374,0,2.880744366,177.7133681,3G,0,0,0
19:33.7,Fraser Road,25.53814775,85.14289709,-85.25142887,0,2.147768285,183.3737882,3G,0,0,0
22:40.9,Kumhrar,25.72918263,85.0621934,-82.89814887,0,2.025809205,148.2716987,3G,0,0,0
25:48.1,Gardanibagh,25.70414096,85.16649684,-83.27598559,0,2.493560459,195.7856548,3G,0,0,0
32:02.5,Bailey Road,25.59503296,85.07759579,-81.79201489,0,1.606069451,101.0432066,3G,0,0,0
38:16.9,Pataliputra,25.4290209,85.09586147,-83.5575483,0,2.320357095,106.8022937,3G,0,0,0
57:00.2,Ashok Rajpath,25.53036757,85.12890944,-85.39670509,0,1.611236052,189.1668746,3G,0,0,0
06:21.8,Fraser Road,25.63250982,85.09328219,-87.10729516,0,1.358059196,192.2510438,3G,0,0,0
12:36.2,Exhibition Road,25.55378865,85.14073189,-90.63044757,0,1.027422826,145.9629367,3G,0,0,0
31:19.5,Phulwari Sharif,25.66736616,84.9824809,-86.92551401,0,2.25773956,177.0636023,3G,0,0,0
37:33.9,Rajendra Nagar,25.52444108,85.14078458,-82.71711551,0,2.281689648,105.4695655,3G,0,0,0
40:41.1,Rajendra Nagar,25.59016427,85.14456625,-83.67429383,0,2.004252212,185.5231927,3G,0,0,0
43:48.3,Phulwari Sharif,25.56157304,85.17158321,-86.33081229,0,2.772138379,184.7359343,3G,0,0,0
46:55.6,Bailey Road,25.69212965,85.05648305,-86.80069929,0,2.444086193,179.4249039,3G,0,0,0
11:53.2,Kankarbagh,25.67879285,85.01084404,-92.00876309,0,2.275136993,132.9868952,3G,0,0,0
15:00.4,S.K. Puri,25.54596554,84.99950308,-93.35444377,0,2.249359424,132.5197977,3G,0,0,0
21:14.9,S.K. Puri,25.58450151,85.10417532,-93.26427369,0,1.771124118,149.8623208,3G,0,0,0
49:19.8,Boring Road,25.55531627,85.07193256,-86.61656564,0,2.313050063,170.0739139,3G,0,0,0
04:55.8,Bailey Road,25.63395522,85.13043864,-81.78627576,0,1.182101825,190.0361196,3G,0,0,0
08:03.0,Anisabad,25.68604347,85.0978516,-85.72374751,0,2.311002535,151.4169909,3G,0,0,0
11:10.2,Gandhi Maidan,25.48009263,85.07106015,-90.73844944,0,2.291749243,191.2162259,3G,0,0,0
42:22.3,Boring Road,25.57538928,85.00913841,-80.65113424,0,1.364169221,102.6178103,3G,0,0,0
45:29.5,Anandpuri,25.58027489,85.0360346,-85.7127493,0,1.403478706,191.3696967,3G,0,0,0
54:51.2,Bailey Road,25.63982171,85.04966723,-88.50686355,0,2.041827411,163.3092291,3G,0,0,0
07:20.0,Patliputra Colony,25.51577372,85.25567953,-81.21446009,0,2.308857581,126.7042075,3G,0,0,0
38:32.1,Danapur,25.58702424,85.03791905,-82.63530715,0,2.395202798,160.1465181,3G,0,0,0
03:29.8,Bailey Road,25.49910585,85.04459025,-82.90768135,0,1.629029538,151.5449183,3G,0,0,0
12:51.4,Gardanibagh,25.57637432,85.22830063,-86.81917805,0,1.028749175,103.740016,3G,0,0,0
44:03.5,Exhibition Road,25.47428182,85.05417273,-83.45519618,0,2.068708522,157.8197831,3G,0,0,0
12:08.4,Pataliputra,25.63032334,85.22480839,-86.39650757,0,1.860887615,140.4552231,3G,0,0,0
21:30.0,Kankarbagh,25.43755797,85.05294118,-86.30052621,0,2.251984478,135.4229621,3G,0,0,0
30:51.7,Phulwari Sharif,25.59836887,85.10647138,-88.05811815,0,1.375010578,156.4463274,3G,0,0,0
37:06.1,Pataliputra,25.5003997,85.26188264,-82.03163576,0,1.350356417,118.3198428,3G,0,0,0
43:20.5,Kidwaipuri,25.6567946,85.26783325,-82.91070774,0,2.123360115,147.0161432,3G,0,0,0
52:42.2,Gardanibagh,25.56412958,85.19846462,-87.61663772,0,1.720264086,120.4377524,3G,0,0,0
05:11.0,Bankipore,25.44645184,85.10967289,-83.81898773,0,1.351574679,184.5322667,3G,0,0,0
08:18.2,Ashok Rajpath,25.54013545,84.99102305,-87.22793392,0,1.474702059,197.2432815,3G,0,0,0
17:39.8,Phulwari Sharif,25.60679855,85.05886928,-84.64172629,0,2.863009241,162.5037248,3G,0,0,0
33:15.9,Boring Canal Road,25.44401971,85.21248319,-83.52613346,0,1.780008442,128.1863337,3G,0,0,0
42:37.5,Kumhrar,25.55725155,85.02043238,-84.86784722,0,2.112118591,141.8958273,3G,0,0,0
45:44.7,Anandpuri,25.59697801,85.03973898,-88.74427055,0,1.752825469,108.7229983,3G,0,0,0
48:51.9,Kankarbagh,25.6798591,85.08376677,-90.61734707,0,2.83987592,114.5174859,3G,0,0,0
16:56.8,Anisabad,25.68001737,84.99008047,-87.99701999,0,1.932087064,147.6439139,3G,0,0,0
23:11.2,Bailey Road,25.71878235,85.05897921,-89.44889011,0,2.380641851,107.617933,3G,0,0,0
29:25.7,Gardanibagh,25.54564589,85.19580068,-84.00000559,0,2.621501278,167.0922267,3G,0,0,0
32:32.9,S.K. Puri,25.57443648,85.11125884,-87.34608831,0,2.632432106,147.5153374,3G,0,0,0
41:54.5,Bankipore,25.54999039,85.26323957,-83.77483219,0,2.051822936,161.3071959,3G,0,0,0
45:01.7,Phulwari Sharif,25.53018351,85.28232789,-83.52491902,0,2.297280354,100.9596677,3G,0,0,0
51:16.1,S.K. Puri,25.772447,85.11997559,-85.31963056,0,1.108013235,187.3567218,3G,0,0,0
57:30.6,Bailey Road,25.71340386,85.17969612,-84.05831544,0,2.689181319,111.3231136,3G,0,0,0
13:06.6,Boring Canal Road,25.59780254,84.99226785,-86.87334563,0,2.562505328,168.7913658,3G,0,0,0
22:28.2,Anisabad,25.44211648,85.22009116,-78.19540944,0,2.062761602,161.1783258,3G,0,0,0
34:57.1,Gardanibagh,25.69876635,85.19395155,-87.06858886,0,1.019344256,176.5286596,3G,0,0,0
38:04.3,Phulwari Sharif,25.62600162,85.17255805,-80.52094479,0,2.035890757,123.9749123,3G,0,0,0
59:54.8,Boring Road,25.66840149,85.15984859,-77.72310345,0,2.590242605,134.7701763,3G,0,0,0
03:02.0,Pataliputra,25.57587616,85.22947827,-84.55246506,0,2.759285664,172.0246092,3G,0,0,0
06:09.2,Kidwaipuri,25.61967015,85.21923803,-82.84860242,0,1.120778537,128.9841095,3G,0,0,0
24:52.4,Ashok Rajpath,25.66128344,85.28466523,-85.93436042,0,1.493542808,129.3101597,3G,0,0,0
43:35.7,Gardanibagh,25.48266635,84.99757272,-84.08865132,0,2.769279999,133.9681684,3G,0,0,0
46:42.9,Anandpuri,25.63504762,85.05238386,-87.42416006,0,1.654604005,117.5454904,3G,0,0,0
02:19.0,Danapur,25.66512883,85.05134644,-85.88545082,0,1.246517189,173.7308171,3G,0,0,0
05:26.2,Exhibition Road,25.56462954,84.99829306,-85.72832455,0,1.138302068,176.9674768,3G,0,0,0
08:33.4,Kumhrar,25.63172633,85.23605362,-89.74346035,0,1.692112292,125.505151,3G,0,0,0
11:40.6,Gandhi Maidan,25.63305119,85.17719677,-80.09346634,0,1.466802518,199.3503706,3G,0,0,0
14:47.8,Kidwaipuri,25.47515855,85.0179145,-81.00804191,0,1.497788762,131.2977157,3G,0,0,0
21:02.2,Fraser Road,25.63623763,85.27229116,-79.73320684,0,1.85921941,182.4047171,3G,0,0,0
36:38.3,Boring Canal Road,25.76851649,85.16047074,-82.79117855,0,2.912077194,184.3649232,3G,0,0,0
42:52.7,S.K. Puri,25.57394418,85.16533789,-91.06734358,0,2.928126468,186.9003869,3G,0,0,0
45:59.9,Pataliputra,25.45552627,85.10124757,-79.90780866,0,2.58989726,168.1969301,3G,0,0,0
55:21.5,Kumhrar,25.6834793,85.22168433,-85.83735963,0,1.112708741,133.7015277,3G,0,0,0
14:04.8,Exhibition Road,25.62176918,85.11799395,-86.63936928,0,1.265408027,122.5890924,3G,0,0,0
20:19.2,Kidwaipuri,25.46247755,85.06056597,-87.44926809,0,1.912364515,158.0404234,3G,0,0,0
45:16.9,Bankipore,25.662326,85.06798269,-79.59014338,0,1.452778864,133.7672229,3G,0,0,0
07:07.4,S.K. Puri,25.50285487,85.25070643,-82.21035238,0,2.448522167,118.8378923,3G,0,0,0
10:14.6,Rajendra Nagar,25.72466224,85.22257304,-88.17880044,0,2.454992967,193.2883861,3G,0,0,0
16:29.0,Pataliputra,25.49060687,85.21329122,-85.30285332,0,2.309212954,186.4430775,3G,0,0,0
32:05.1,Ashok Rajpath,25.65290624,85.06558175,-81.06561693,0,1.234770308,186.4384583,3G,0,0,0
50:48.3,Kidwaipuri,25.60943194,85.03471112,-87.21021137,0,2.942531597,159.6317394,3G,0,0,0
06:24.4,Gardanibagh,25.68219507,85.18467089,-83.49202388,0,2.309335095,119.1219055,3G,0,0,0
12:38.8,Gandhi Maidan,25.5006956,85.2708818,-89.42231633,0,1.371919144,109.3450237,3G,0,0,0
22:00.4,S.K. Puri,25.58089215,85.0813937,-83.24425754,0,1.027921829,103.7737567,3G,0,0,0
37:36.5,Kidwaipuri,25.47256397,85.09940818,-81.6766636,0,1.280796932,100.0008966,3G,0,0,0
43:50.9,Pataliputra,25.45376573,85.03711073,-82.9241219,0,1.471127667,190.7037471,3G,0,0,0
46:58.1,Kidwaipuri,25.68780546,85.09319505,-85.43567199,0,2.562339791,100.0068549,3G,0,0,0
50:05.3,Kidwaipuri,25.46037827,85.02192023,-84.62704485,0,2.374891756,100.5517274,3G,0,0,0
53:12.5,Rajendra Nagar,25.67140034,85.21632412,-81.51612113,0,1.912251035,142.2834132,3G,0,0,0
56:19.7,Ashok Rajpath,25.70873555,85.06727983,-89.05539088,0,2.312115104,168.2298803,3G,0,0,0
05:41.4,Bankipore,25.63472802,85.2156644,-85.2417797,0,2.482713452,144.8630235,3G,0,0,0
08:48.6,Danapur,25.63526837,85.11237211,-85.4728526,0,2.664326131,114.4100311,3G,0,0,0
36:53.5,Bailey Road,25.70642368,85.18892298,-82.7520372,0,1.858396141,176.0898558,3G,0,0,0
49:22.3,Patliputra Colony,25.61443395,85.2704601,-86.45619879,0,2.914593302,110.6195146,3G,0,0,0
52:29.5,Ashok Rajpath,25.55140579,85.25234736,-87.96952468,0,2.286589098,186.7935041,3G,0,0,0
20:34.4,Pataliputra,25.68635744,85.12844382,-91.94225336,0,1.211481818,173.9515242,3G,0,0,0
29:56.0,Boring Canal Road,25.6762274,85.01974032,-87.43589769,0,2.882736426,191.4090452,3G,0,0,0
33:03.2,Boring Canal Road,25.5808976,85.00412975,-85.87170012,0,1.524015292,186.7956799,3G,0,0,0
10:29.8,Phulwari Sharif,25.72116556,85.23010095,-90.9969829,0,2.166545525,181.9736943,3G,0,0,0
13:37.0,Bankipore,25.6765239,85.24942858,-82.6019554,0,1.484095705,151.4312156,3G,0,0,0
32:20.2,Ashok Rajpath,25.70477518,85.19458289,-82.9275071,0,1.126591863,167.7622163,3G,0,0,0
38:34.7,S.K. Puri,25.5643562,85.29356365,-86.27348925,0,2.861662009,132.3097455,3G,0,0,0
06:39.5,Bailey Road,25.59272578,85.06316881,-83.76168258,0,1.868925404,113.1297887,3G,0,0,0
09:46.8,Kumhrar,25.54332427,85.0367489,-84.92297386,0,2.386652214,137.0521474,3G,0,0,0
34:44.4,Bankipore,25.519252,85.07545309,-84.89832176,0,2.085239606,179.989391,3G,0,0,0
50:20.5,Fraser Road,25.45633963,85.1568338,-84.27622847,0,2.961226275,115.9356906,3G,0,0,0
24:39.8,Anisabad,25.69358631,85.21969068,-83.35068148,0,1.521237523,157.5592453,3G,0,0,0
27:47.0,Exhibition Road,25.53034818,85.2722703,-85.85200089,0,1.620905265,111.4291733,3G,0,0,0
30:54.2,Bailey Road,25.46888357,85.2019884,-85.25377211,0,1.013673249,102.0365205,3G,0,0,0
40:15.9,Danapur,25.56626713,85.23671831,-83.81428901,0,1.611968252,105.8666307,3G,0,0,0
46:30.3,Bankipore,25.55544516,85.02873008,-84.74340124,0,1.826138802,192.7253869,3G,0,0,0
52:44.7,Danapur,25.67308518,85.01977477,-84.43326852,0,1.254223039,166.0742988,3G,0,0,0
17:42.4,Boring Canal Road,25.70643194,85.05049093,-88.30921143,0,2.890268559,196.9147677,3G,0,0,0
33:18.4,Bankipore,25.76662843,85.13352766,-86.05327295,0,1.224428326,104.7599708,3G,0,0,0
36:25.6,Patliputra Colony,25.56430605,85.27158407,-83.15505667,0,2.710577036,105.5180118,3G,0,0,0
42:40.1,S.K. Puri,25.77262604,85.14014638,-85.36636639,0,1.170419632,163.2020472,3G,0,0,0
45:47.3,S.K. Puri,25.51778066,85.12693254,-89.1505381,0,2.822879043,170.0865072,3G,0,0,0
04:30.5,Pataliputra,25.74663444,85.07214421,-82.60277274,0,1.287628451,141.6670412,3G,0,0,0
07:37.7,Kumhrar,25.58788871,85.3044073,-82.14521767,0,1.101625662,114.2400543,3G,0,0,0
10:44.9,Anandpuri,25.64112623,85.22397292,-84.10381412,0,1.270519331,115.1104221,3G,0,0,0
32:35.4,S.K. Puri,25.44646267,85.0433327,-80.6704657,0,2.875871829,151.3153984,3G,0,0,0
41:57.1,Anisabad,25.48481056,85.17340445,-81.90124762,0,2.889413046,134.4705372,3G,0,0,0
54:25.9,Bankipore,25.49861915,85.21519731,-82.5526926,0,2.99891996,173.680906,3G,0,0,0
57:33.1,S.K. Puri,25.57520037,85.24640402,-87.37428033,0,2.51750675,171.0473294,3G,0,0,0
00:40.3,Danapur,25.64799331,85.0040483,-86.91278188,0,2.074413427,169.9527878,3G,0,0,0
06:54.7,Kumhrar,25.5398056,85.30526106,-81.04141486,0,2.159626432,125.8114847,3G,0,0,0
28:45.2,Patliputra Colony,25.52772729,85.15724103,-85.86580699,0,1.737120889,156.8730944,3G,0,0,0
31:52.4,Bailey Road,25.68571202,85.05328074,-88.46471987,0,2.97929805,129.3687196,3G,0,0,0
44:21.3,Kumhrar,25.69237997,85.13390797,-87.36875338,0,2.157223325,128.6261947,3G,0,0,0
50:35.7,Boring Road,25.72893317,85.18061315,-85.34816996,0,2.935292104,148.5848102,3G,0,0,0
56:50.1,Boring Canal Road,25.51902951,85.27532697,-88.60114969,0,2.415857366,168.9424867,3G,0,0,0
59:57.3,Boring Road,25.73965412,85.09426163,-84.56045316,0,1.399723016,193.2104479,3G,0,0,0
28:02.2,Gardanibagh,25.5138897,85.14144382,-80.40615966,0,1.851794348,192.1879688,3G,0,0,0
31:09.4,Rajendra Nagar,25.44006022,85.06673483,-85.78162903,0,1.117224106,164.2126687,3G,0,0,0
37:23.8,Pataliputra,25.49300152,85.21725122,-82.62583659,0,2.695445244,143.120284,3G,0,0,0
40:31.0,Bankipore,25.62101672,85.10777442,-88.54496889,0,1.91863684,174.1394542,3G,0,0,0
59:14.3,Boring Road,25.5970965,84.96496579,-79.5538781,0,1.084834206,124.7341433,3G,0,0,0
17:57.6,Kumhrar,25.47201761,85.17968741,-82.87232461,0,1.275655249,147.1530642,3G,0,0,0
24:12.0,Anandpuri,25.5260818,85.12535936,-89.93313421,0,1.937111397,148.29981,3G,0,0,0
39:48.0,Gandhi Maidan,25.65638962,85.13450398,-85.11648776,0,2.867751478,179.3321361,3G,0,0,0
58:31.3,Kidwaipuri,25.64990832,85.07601448,-84.46442857,0,1.213153328,145.3504733,3G,0,0,0
04:45.7,Patliputra Colony,25.68522623,85.18161408,-85.6011298,0,1.776573263,119.5357204,3G,0,0,0
07:52.9,Bailey Road,25.60386474,85.30987828,-87.6908835,0,2.790634289,140.4812987,3G,0,0,0
11:00.1,Danapur,25.48296543,85.16516219,-87.26721864,0,1.717487716,101.7966908,3G,0,0,0
48:26.7,Gandhi Maidan,25.57177742,85.10369913,-89.03487625,0,2.546779094,116.0873828,3G,0,0,0
51:33.9,Fraser Road,25.6851997,85.19659288,-83.45946155,0,1.758753588,165.7953296,3G,0,0,0
16:31.5,Gandhi Maidan,25.75023341,85.21956434,-84.20129602,0,2.053082345,177.0497509,3G,0,0,0
44:36.4,Pataliputra,25.66737375,85.1342802,-86.10093314,0,1.368247452,112.3846014,3G,0,0,0
00:12.5,Kankarbagh,25.58024905,85.02796199,-87.95642054,0,2.133754477,112.4873683,3G,0,0,0
37:39.0,Fraser Road,25.61967431,85.24081789,-88.32485911,0,1.868943347,106.6426733,3G,0,0,0
02:36.7,Gardanibagh,25.47771577,85.14477556,-80.27267507,0,2.191671013,132.28534,3G,0,0,0
05:43.9,Anisabad,25.65684473,85.11757404,-86.69249414,0,1.764804664,141.0869744,3G,0,0,0
18:12.7,Danapur,25.47762605,85.10513202,-87.09935205,0,1.156824053,162.974449,3G,0,0,0
27:34.4,Danapur,25.54261618,85.1715682,-83.7628907,0,2.485338066,189.4467548,3G,0,0,0
30:41.6,Gandhi Maidan,25.54025227,84.97023885,-84.42136267,0,2.035567934,149.6613844,3G,0,0,0
33:48.8,Kidwaipuri,25.7520357,85.17901851,-85.90934773,0,2.939332673,155.230034,3G,0,0,0
40:03.2,Rajendra Nagar,25.61157606,85.14480201,-83.21440055,0,2.800441087,108.4860733,3G,0,0,0
49:24.8,Rajendra Nagar,25.53197812,85.02027415,-85.91999996,0,2.618545895,150.0482986,3G,0,0,0
05:00.9,Danapur,25.71300621,85.21487067,-83.89231724,0,1.419764094,197.0322966,3G,0,0,0
17:29.7,Phulwari Sharif,25.60396295,85.12890781,-81.62703554,0,1.504338501,154.8921462,3G,0,0,0
20:36.9,Bailey Road,25.59695085,85.23375887,-77.45749982,0,1.343424288,166.8801803,3G,0,0,0
48:41.8,Gardanibagh,25.64021759,85.04426846,-87.04519455,0,2.983352921,187.4376414,3G,0,0,0
13:39.5,Exhibition Road,25.5323096,85.17057551,-84.55269355,0,2.281985306,130.9830132,3G,0,0,0
29:15.6,Kumhrar,25.49466792,85.28267019,-82.06966517,0,1.34825399,132.3065773,3G,0,0,0
54:13.3,Kidwaipuri,25.59051018,85.30355926,-89.57510925,0,2.751583165,179.8775723,3G,0,0,0
57:20.5,Boring Road,25.67785973,85.07456766,-87.81857913,0,1.871534436,179.6739288,3G,0,0,0
03:34.9,S.K. Puri,25.754632,85.11575893,-88.10362554,0,2.770636094,135.5372662,3G,0,0,0
53:30.2,Boring Road,25.65967127,85.22554604,-85.37510977,0,2.126262407,168.4325828,3G,0,0,0
59:44.7,Pataliputra,25.65670559,85.25789154,-82.90527199,0,2.002841385,150.0463341,3G,0,0,0
09:06.3,Pataliputra,25.5186637,85.11484851,-87.98401422,0,1.587552478,146.2990607,3G,0,0,0
12:13.5,Rajendra Nagar,25.61265558,85.00530207,-83.47490915,0,2.6764675,198.2513664,3G,0,0,0
46:32.8,Kankarbagh,25.58046601,85.08272292,-79.24443807,0,2.963115038,186.7418245,3G,0,0,0
49:40.0,Patliputra Colony,25.59722308,84.96908022,-85.59917631,0,1.361380091,176.2021294,3G,0,0,0
05:16.1,Phulwari Sharif,25.54198568,85.20294227,-79.14758432,0,2.949087904,158.3555264,3G,0,0,0
17:44.9,Patliputra Colony,25.65119027,85.271765,-86.52781063,0,1.000678003,138.7673179,3G,0,0,0
42:42.6,Phulwari Sharif,25.68989284,85.00328447,-82.01062638,0,1.016685914,101.2906304,3G,0,0,0
52:04.2,Danapur,25.54074496,85.28220134,-82.00184238,0,2.400640798,151.4179285,3G,0,0,0
26:23.5,Boring Road,25.6963701,85.03045268,-81.62075889,0,1.629341956,153.1284633,3G,0,0,0
51:21.2,Bailey Road,25.54044,85.13919918,-87.96447871,0,1.167582189,169.8062557,3G,0,0,0
57:35.6,S.K. Puri,25.45400045,85.24285155,-80.11178389,0,1.360963065,150.859284,3G,0,0,0
10:04.5,Anisabad,25.5084783,85.21381836,-84.12356386,0,2.851817173,120.095605,3G,0,0,0
19:26.1,S.K. Puri,25.61948025,85.1371488,-82.16197847,0,1.669289635,105.6310621,3G,0,0,0
25:40.5,Exhibition Road,25.64564755,85.23621565,-89.7024012,0,2.835082971,174.3315155,3G,0,0,0
28:47.7,Exhibition Road,25.59818324,85.27090165,-83.4107086,0,1.034214229,107.1053762,3G,0,0,0
44:23.8,Rajendra Nagar,25.73311642,85.12753739,-82.74854288,0,1.783637751,173.9773159,3G,0,0,0
06:14.3,Kidwaipuri,25.63451414,85.1594852,-84.71326547,0,2.940177869,138.2732184,3G,0,0,0
28:04.7,Bankipore,25.59545277,85.05081833,-87.57355424,0,1.692299107,186.9136809,3G,0,0,0
46:48.0,Gandhi Maidan,25.4957126,85.28689108,-90.28549576,0,2.372167573,172.3024036,3G,0,0,0
08:38.5,Phulwari Sharif,25.72733708,85.03859072,-87.06557346,0,2.736587139,123.2296108,3G,0,0,0
21:07.3,Boring Canal Road,25.57731837,85.11478386,-83.64729452,0,2.82784313,187.8198256,3G,0,0,0
27:21.7,Bailey Road,25.51434046,85.00939388,-87.32406963,0,1.754764916,189.5352805,3G,0,0,0
30:28.9,Boring Road,25.48033462,85.01388345,-79.54712703,0,1.254264803,185.0511837,3G,0,0,0
39:50.6,Gardanibagh,25.69842554,85.13532022,-87.72879685,0,1.558062972,193.2524076,3G,0,0,0
42:57.8,Danapur,25.71691175,85.12825163,-85.9763447,0,2.950404407,118.623081,3G,0,0,0
46:05.0,Bailey Road,25.6361509,85.09674181,-81.47265414,0,2.825104367,148.6632507,3G,0,0,0
49:12.2,Danapur,25.50563104,85.08524351,-80.54863221,0,1.124222119,137.9631069,3G,0,0,0
55:26.6,Gandhi Maidan,25.65682733,85.28652909,-89.6498325,0,1.103019408,135.5652888,3G,0,0,0
29:45.9,Kumhrar,25.69531951,85.22854893,-82.28488008,0,2.174541341,173.1440642,3G,0,0,0
45:22.0,Danapur,25.75710796,85.1393339,-81.6893715,0,1.55178936,197.5528342,3G,0,0,0
00:58.0,Phulwari Sharif,25.69988275,85.15367506,-87.59540279,0,2.506109063,165.7614933,3G,0,0,0
04:05.2,Patliputra Colony,25.58516698,85.23581922,-87.00103801,0,1.037020529,111.8524492,3G,0,0,0
10:19.7,Gardanibagh,25.68575694,85.24487447,-85.94437165,0,2.559386955,171.6654428,3G,0,0,0
25:55.7,Fraser Road,25.44584642,85.15004637,-79.95613469,0,2.24342026,143.7311253,3G,0,0,0
29:02.9,Boring Canal Road,25.70369381,85.18149805,-84.36978598,0,1.979461887,146.0344406,3G,0,0,0
32:10.1,Bankipore,25.5896705,85.15233314,-80.93273233,0,1.00098388,154.0146143,3G,0,0,0
41:31.8,Kankarbagh,25.58677449,85.28017927,-86.1794197,0,1.704825281,124.7703979,3G,0,0,0
06:29.5,Anisabad,25.56591306,85.18146216,-81.75848584,0,2.193639691,128.6730777,3G,0,0,0
09:36.7,S.K. Puri,25.69513138,85.1931257,-84.4134113,0,1.914013422,113.8848266,3G,0,0,0
12:43.9,S.K. Puri,25.67509391,85.29347006,-88.39035546,0,2.723433806,155.9146661,3G,0,0,0
08:53.7,Gardanibagh,25.56677851,84.96826324,-88.59523985,0,2.460318901,121.7609601,3G,0,0,0
24:29.7,Rajendra Nagar,25.59615087,84.96148395,-85.79788276,0,2.514173333,127.360634,3G,0,0,0
33:51.3,Ashok Rajpath,25.52370299,85.20588846,-78.98183598,0,2.586176373,160.3144361,3G,0,0,0
40:05.8,Gandhi Maidan,25.73732881,85.23573372,-83.55581812,0,1.94137415,127.3605829,3G,0,0,0
11:17.9,Phulwari Sharif,25.62820301,85.09664129,-76.04085185,0,2.074217345,189.037786,3G,0,0,0
14:25.1,Rajendra Nagar,25.43065357,85.06996724,-83.79873343,0,1.496907537,199.2310907,3G,0,0,0
23:46.7,Boring Road,25.46587719,85.2543973,-85.04912246,0,1.085122299,102.3194974,3G,0,0,0
30:01.1,Bailey Road,25.7247787,85.19256231,-83.16718061,0,1.3787081,141.3282771,3G,0,0,0
01:13.2,Fraser Road,25.67011483,85.02259573,-81.41743952,0,2.69053059,175.7262954,3G,0,0,0
13:42.1,Danapur,25.67250935,85.05054118,-84.75289263,0,2.762910876,105.986987,3G,0,0,0
16:49.3,Rajendra Nagar,25.71342874,85.18560785,-84.42919603,0,1.682343099,148.448258,3G,0,0,0
23:03.7,Boring Canal Road,25.6319298,85.27849363,-87.52519157,0,2.171497802,167.4818457,3G,0,0,0
48:01.4,Anandpuri,25.44438997,85.11158641,-80.33710339,0,1.911395168,131.8361789,3G,0,0,0
51:08.6,Kidwaipuri,25.58383268,85.21414911,-88.59865488,0,2.810008419,177.4350444,3G,0,0,0
09:51.8,Boring Road,25.4585838,85.20359004,-85.03544598,0,1.711194057,158.021269,3G,0,0,0
22:20.7,Bailey Road,25.70320041,85.26049941,-87.67269071,0,2.679377216,107.6972874,3G,0,0,0
28:35.1,S.K. Puri,25.44392931,85.1671068,-86.34718615,0,1.874208875,163.0520361,3G,0,0,0
37:56.7,Anisabad,25.53127375,85.14831477,-87.58349891,0,1.716079163,195.352512,3G,0,0,0
50:25.6,Fraser Road,25.51187899,85.19401857,-92.80573029,0,1.533992567,161.9193822,3G,0,0,0
59:47.2,Phulwari Sharif,25.56182356,85.22312537,-82.8368464,0,1.661718053,184.3355638,3G,0,0,0
24:44.9,Kidwaipuri,25.55337361,85.10495407,-85.21275435,0,2.342884742,127.675349,3G,0,0,0
30:59.3,Exhibition Road,25.70970861,85.2004467,-87.40612097,0,2.499023682,169.6600963,3G,0,0,0
40:20.9,Kankarbagh,25.45865458,85.06091562,-78.95583592,0,2.163528979,116.2175242,3G,0,0,0
52:49.8,Bailey Road,25.54002197,85.14179312,-88.74045965,0,1.366198539,197.9110659,3G,0,0,0
59:04.2,Gardanibagh,25.59065971,84.99571861,-91.06187443,0,1.818364562,147.7647339,3G,0,0,0
05:18.6,Kidwaipuri,25.64080459,85.11323552,-88.91199558,0,1.852343769,174.1278473,3G,0,0,0
33:23.5,Anandpuri,25.49784779,85.07067399,-88.86886165,0,1.043743244,197.0838923,3G,0,0,0
39:37.9,Ashok Rajpath,25.62454246,85.14384928,-86.31538854,0,1.915670803,174.0882037,3G,0,0,0
52:06.8,Pataliputra,25.48336904,85.08771785,-83.6605503,0,2.611231897,175.3845397,3G,0,0,0
04:35.6,Bankipore,25.71643398,85.04371124,-83.38297553,0,2.741206929,188.8905903,3G,0,0,0
13:57.2,Danapur,25.46760025,85.11621695,-79.5286141,0,2.384559469,109.5676744,3G,0,0,0
17:04.5,Kumhrar,25.70466436,85.08446197,-89.10078824,0,2.513082139,146.1152229,3G,0,0,0
20:11.7,Bailey Road,25.75052344,85.13036663,-84.25672338,0,2.693839123,152.4360289,3G,0,0,0
23:18.9,Patliputra Colony,25.60944882,85.09158274,-86.7294005,0,2.207324452,187.8071849,3G,0,0,0
26:26.1,Boring Road,25.46637924,85.11559869,-84.4725543,0,1.577985881,189.369457,3G,0,0,0
57:38.2,Danapur,25.48532011,85.09096714,-85.68877399,0,2.948569133,185.1945651,3G,0,0,0
03:52.6,Kumhrar,25.73492536,85.15596065,-87.47016576,0,1.091362426,160.1856645,3G,0,0,0
06:59.8,Gardanibagh,25.66158037,85.01401142,-85.84512348,0,2.662964644,141.6809968,3G,0,0,0
10:07.0,Kidwaipuri,25.51344914,85.25903844,-82.46158529,0,1.341580284,178.2694157,3G,0,0,0
22:35.9,Anandpuri,25.60034241,85.04363884,-79.76509888,0,1.110607796,109.4899406,3G,0,0,0
31:57.5,Fraser Road,25.70440463,85.11619775,-89.9046519,0,2.564896075,129.2020296,3G,0,0,0
35:04.7,Kumhrar,25.54039994,85.02204114,-79.30083956,0,2.435575185,169.9241822,3G,0,0,0
41:19.1,Boring Road,25.45651971,85.24108125,-87.33205706,0,2.089681612,151.8659342,3G,0,0,0
47:33.6,Phulwari Sharif,25.62764492,85.29539265,-87.84986765,0,1.490937118,120.6667722,3G,0,0,0
00:02.4,Patliputra Colony,25.73087105,85.24452806,-83.62197889,0,2.304733568,173.4336268,3G,0,0,0
06:16.8,Phulwari Sharif,25.60004094,85.27644355,-85.18092308,0,2.544602558,144.0068986,3G,0,0,0
34:21.7,Fraser Road,25.59814924,85.03698683,-87.86361375,0,2.886253401,162.4046784,3G,0,0,0
49:57.8,Phulwari Sharif,25.45558095,85.06521122,-83.1013828,0,1.954551875,188.4025771,3G,0,0,0
53:05.0,S.K. Puri,25.61523044,85.19996468,-85.28787707,0,2.375302131,153.8692131,3G,0,0,0
59:19.4,S.K. Puri,25.67821425,85.14666314,-85.32882488,0,2.898135024,150.7699755,3G,0,0,0
05:33.8,Bailey Road,25.734648,85.11210653,-84.44638589,0,1.053568592,158.5866044,3G,0,0,0
18:02.6,Boring Road,25.58190083,85.29791022,-82.72651926,0,1.897161909,149.498474,3G,0,0,0
27:24.3,Bailey Road,25.46077778,85.05539316,-82.44492749,0,1.349715538,143.8877236,3G,0,0,0
46:07.5,Gandhi Maidan,25.73399184,85.21559715,-82.59884513,0,2.64931534,159.5226814,3G,0,0,0
55:29.2,Boring Road,25.68713727,85.14380953,-81.96549598,0,2.784275953,136.3025055,3G,0,0,0
58:36.4,Pataliputra,25.62320408,85.07975452,-83.42948026,0,1.379257171,182.365375,3G,0,0,0
01:43.6,Bailey Road,25.67173385,85.00190394,-78.84546111,0,2.238871723,160.7609436,3G,0,0,0
04:50.8,Exhibition Road,25.47917763,85.09826409,-85.16436996,0,1.427110212,140.4921577,3G,0,0,0
36:02.9,Bankipore,25.64804179,85.22137846,-80.05541554,0,1.277765189,117.0781396,3G,0,0,0
39:10.1,Boring Canal Road,25.54452688,85.28333119,-83.07347941,0,1.836210403,140.4753519,3G,0,0,0
54:46.2,Bankipore,25.61771202,84.9864192,-86.34033617,0,1.40918804,113.5941375,3G,0,0,0
16:36.6,Rajendra Nagar,25.61791814,85.07511677,-87.09478801,0,1.803573149,132.2400981,3G,0,0,0
19:43.8,Phulwari Sharif,25.68263438,85.24713519,-77.85886607,0,2.870339178,142.707727,3G,0,0,0
22:51.1,S.K. Puri,25.73169573,85.13721101,-86.56612782,0,1.605356207,130.3507869,3G,0,0,0
35:19.9,Bankipore,25.45084793,85.22729685,-83.24364471,0,2.972031584,138.0117099,3G,0,0,0
47:48.7,Gardanibagh,25.47400188,85.14349315,-83.47723027,0,2.624836621,151.8294379,3G,0,0,0
54:03.2,Kidwaipuri,25.5778017,85.0048836,-85.30132846,0,2.981913283,195.5907022,3G,0,0,0
03:24.8,Rajendra Nagar,25.59582612,84.96538155,-85.8023315,0,1.016286388,133.5421885,3G,0,0,0
37:44.1,Anisabad,25.68493816,85.19910842,-86.54371626,0,2.646826678,116.6653255,3G,0,0,0
53:20.1,S.K. Puri,25.4700023,85.19375554,-83.85405257,0,2.900748757,127.4779193,3G,0,0,0
59:34.6,Ashok Rajpath,25.61509716,84.99630828,-83.73370258,0,2.625523713,190.9754643,3G,0,0,0
33:53.9,Anisabad,25.71367171,85.01586988,-80.54282671,0,1.503814198,101.6109327,3G,0,0,0
40:08.3,Boring Road,25.6715129,85.14530455,-78.8645138,0,1.736986363,172.0369749,3G,0,0,0
43:15.5,Rajendra Nagar,25.47457359,85.1872652,-91.81371732,0,2.591110848,123.2537751,3G,0,0,0
52:37.1,Pataliputra,25.45341794,85.04400943,-85.22598459,0,1.886442572,110.6893122,3G,0,0,0
58:51.6,Ashok Rajpath,25.51111643,85.28500915,-80.53183968,0,1.644653876,111.395231,3G,0,0,0
14:27.6,Pataliputra,25.52574515,85.26364455,-85.00959395,0,1.762944563,122.3650776,3G,0,0,0
23:49.2,Bankipore,25.75575398,85.17367942,-81.20588479,0,2.758663679,161.9932408,3G,0,0,0
51:54.1,Ashok Rajpath,25.75626683,85.11339158,-81.08974273,0,1.929793997,195.0006332,3G,0,0,0
16:51.8,Rajendra Nagar,25.42269173,85.15698132,-83.42384968,0,1.607125738,189.0715615,3G,0,0,0
54:18.3,Pataliputra,25.44159692,85.1957827,-85.52672763,0,1.713411248,122.2931894,3G,0,0,0
22:23.2,Anisabad,25.57393758,85.24568711,-88.4864498,0,1.172150688,131.8965089,3G,0,0,0
28:37.7,Anisabad,25.58927261,85.25080617,-84.21039031,0,1.378768802,136.1304604,3G,0,0,0
31:44.9,Bailey Road,25.66277161,85.06555391,-87.3353318,0,2.540271461,186.8363219,3G,0,0,0
53:35.3,Boring Road,25.42739725,85.07607963,-83.59456947,0,1.730507386,106.8622494,3G,0,0,0
12:18.6,Boring Road,25.52187702,85.10387177,-84.67311149,0,1.003807533,199.913005,3G,0,0,0
27:54.6,Anandpuri,25.55728393,85.21376884,-82.23124048,0,2.792358239,139.7501649,3G,0,0,0
40:23.5,Phulwari Sharif,25.51528376,85.04256328,-82.60073162,0,2.556458157,197.6170803,3G,0,0,0
43:30.7,Kidwaipuri,25.4593308,85.03535771,-86.93183524,0,1.544906637,189.7707039,3G,0,0,0
59:06.7,Boring Canal Road,25.67088187,85.25013695,-83.20740856,0,1.045337693,184.1114733,3G,0,0,0
14:42.8,Anandpuri,25.48873541,85.1877776,-81.85312632,0,2.578517865,144.8167004,3G,0,0,0
33:26.1,Exhibition Road,25.72168522,85.23507154,-86.26825296,0,1.64673304,146.845172,3G,0,0,0
36:33.3,Bankipore,25.61188706,85.05000265,-84.10690501,0,2.535807565,183.2073024,3G,0,0,0
45:54.9,Kidwaipuri,25.41718214,85.12960838,-84.27731956,0,2.804597558,112.7140496,3G,0,0,0
26:28.6,Ashok Rajpath,25.61653486,85.30372671,-83.67179972,0,2.909343829,160.5076228,3G,0,0,0
38:57.5,Kidwaipuri,25.58352191,85.21030036,-82.22302056,0,2.244460268,180.8610211,3G,0,0,0
42:04.7,Phulwari Sharif,25.65407869,84.97084016,-81.88304765,0,1.875285197,129.7749183,3G,0,0,0
45:11.9,Rajendra Nagar,25.62059909,85.12235219,-83.44330565,0,2.94570514,138.5268012,3G,0,0,0
48:19.1,Boring Road,25.75145996,85.12464223,-88.13845232,0,2.704782464,143.6837599,3G,0,0,0
41:21.7,Patliputra Colony,25.63161031,84.9882001,-88.10451537,0,1.596473839,129.4477722,3G,0,0,0
00:04.9,Exhibition Road,25.47371427,85.21602894,-85.19136782,0,2.924794564,151.8545776,3G,0,0,0
50:00.3,Patliputra Colony,25.69507434,85.1381156,-85.68790618,0,1.00454662,174.0682712,3G,0,0,0
05:36.3,Patliputra Colony,25.59868613,84.97750061,-83.95763128,0,1.996653411,195.3554276,3G,0,0,0
18:05.2,Kankarbagh,25.58300453,84.96075503,-83.53184331,0,1.345260214,145.6590758,3G,0,0,0
21:12.4,Boring Road,25.51357491,85.00096962,-91.03298293,0,1.500513564,182.2172871,3G,0,0,0
30:34.0,Boring Road,25.62560584,85.23735426,-85.5703989,0,2.999601761,109.2774297,3G,0,0,0
33:41.2,Fraser Road,25.5133291,85.1207374,-87.19746273,0,2.780473754,176.8198817,3G,0,0,0
46:10.1,S.K. Puri,25.64768977,85.22621201,-83.05522195,0,2.351701681,180.0640302,3G,0,0,0
55:31.7,Anisabad,25.42557905,85.19966591,-84.86201308,0,2.413011101,143.3736117,3G,0,0,0
08:00.6,Bailey Road,25.75024734,85.15962407,-84.38050141,0,2.643073609,153.1314344,3G,0,0,0
11:07.8,Rajendra Nagar,25.66677382,85.27483199,-83.59058485,0,2.566074244,125.4847321,3G,0,0,0
29:51.0,Boring Road,25.63722161,85.19345588,-85.06989997,0,1.979938154,129.3135542,3G,0,0,0
32:58.2,Exhibition Road,25.67861873,85.18793488,-86.51954397,0,2.237284109,173.6458017,3G,0,0,0
45:27.1,Gardanibagh,25.63445306,85.16736678,-84.10311662,0,1.689911928,141.0452137,3G,0,0,0
51:41.5,Anandpuri,25.70165171,85.0096707,-91.67614913,0,1.0464729,176.2952915,3G,0,0,0
16:39.2,Exhibition Road,25.51757068,85.01682812,-84.71094614,0,2.539238023,197.3331059,3G,0,0,0
38:29.6,Pataliputra,25.69849189,85.22111544,-88.54930082,0,1.0386771,197.6254987,3G,0,0,0
50:58.5,S.K. Puri,25.75094988,85.20410654,-83.95585245,0,2.267814751,132.196591,3G,0,0,0
00:20.1,Boring Road,25.61023173,84.99311748,-86.62724778,0,1.125335383,116.9515662,3G,0,0,0
03:27.3,Bailey Road,25.55488645,85.2129069,-85.59212468,0,2.343371142,155.8969363,3G,0,0,0
09:41.7,Kidwaipuri,25.71001581,85.24708169,-81.92411345,0,2.767649292,199.160431,3G,0,0,0
15:56.2,S.K. Puri,25.64777275,85.07032778,-88.91844057,0,1.079693727,153.0944867,3G,0,0,0
19:03.4,Bankipore,25.58684946,85.01635426,-87.73748527,0,2.694280148,107.2073236,3G,0,0,0
37:46.6,Phulwari Sharif,25.47233651,85.14278796,-81.68133134,0,1.097711471,103.8367111,3G,0,0,0
50:15.5,Phulwari Sharif,25.59835963,85.00961341,-84.96015047,0,1.262658109,170.2703939,3G,0,0,0
02:44.3,Kumhrar,25.73912963,85.22698855,-82.20207741,0,2.420498975,122.5171723,3G,0,0,0
05:51.5,Kidwaipuri,25.57023698,85.25558429,-91.72429964,0,1.974958573,166.9732466,3G,0,0,0
21:27.6,Gardanibagh,25.63368575,85.05476538,-82.82548886,0,2.476387517,185.2751836,3G,0,0,0
24:34.8,Exhibition Road,25.49593916,85.036492,-86.93635485,0,2.564426074,139.874763,3G,0,0,0
30:49.2,Kankarbagh,25.5819056,85.20079527,-90.76467247,0,1.510983133,176.3901611,3G,0,0,0
40:10.8,Kankarbagh,25.42022425,85.14261166,-83.00623309,0,2.838732449,174.3707063,3G,0,0,0
43:18.1,Kankarbagh,25.61232599,85.22608448,-91.46599603,0,1.270477729,172.4974058,3G,0,0,0
46:25.3,Kumhrar,25.49275412,85.26643768,-83.6399313,0,1.197260408,128.9246316,3G,0,0,0
52:39.7,Kumhrar,25.63470007,85.11433199,-82.11109062,0,2.319122547,194.5421762,3G,0,0,0
55:46.9,Kankarbagh,25.72425943,85.23791261,-80.89270179,0,2.740173696,133.333682,3G,0,0,0
02:01.3,Bankipore,25.57021558,85.0259293,-83.70045642,0,1.924830152,177.8575646,3G,0,0,0
20:44.6,Exhibition Road,25.75941262,85.123341,-82.33620623,0,1.520429433,162.5065214,3G,0,0,0
33:13.4,Danapur,25.44909382,85.21285944,-87.3306915,0,1.378510665,147.8671083,3G,0,0,0
36:20.6,Exhibition Road,25.52736581,85.21507183,-84.18481995,0,2.8046617,177.6511926,3G,0,0,0
01:18.3,Patliputra Colony,25.45784143,85.19136812,-85.14376155,0,1.860834568,166.9896429,3G,0,0,0
04:25.5,Anisabad,25.66829955,85.10221251,-83.28527445,0,2.997175447,143.9876042,3G,0,0,0
16:54.4,Kankarbagh,25.43908662,85.09247782,-85.77724044,0,2.515095396,110.346796,3G,0,0,0
20:01.6,Bailey Road,25.50713655,85.27888871,-84.13307088,0,1.637466938,145.6592947,3G,0,0,0
23:08.8,Anandpuri,25.57611994,85.03351036,-81.61557883,0,1.859270113,107.5877597,3G,0,0,0
26:16.0,Phulwari Sharif,25.52794741,85.14285213,-86.66610606,0,1.543934887,106.1054359,3G,0,0,0
38:44.8,Kumhrar,25.55366508,84.96413162,-82.89628374,0,1.692496105,193.7807377,3G,0,0,0
25:33.0,Kumhrar,25.51709929,85.28918011,-82.98820226,0,1.611579761,108.8290808,3G,0,0,0
28:40.2,Kidwaipuri,25.60565357,85.28412298,-86.1642697,0,1.411782744,181.1911824,3G,0,0,0
31:47.4,Gardanibagh,25.58837247,85.30090427,-85.0175786,0,1.093048928,138.3777252,3G,0,0,0
50:30.7,S.K. Puri,25.75679961,85.07824531,-76.72531947,0,2.162685361,129.8325568,3G,0,0,0
12:21.1,Kumhrar,25.58501976,85.27110741,-90.58767084,0,2.895517132,180.4857938,3G,0,0,0
18:35.6,Gandhi Maidan,25.63119321,85.02525726,-82.38546201,0,1.673294138,197.0790482,3G,0,0,0
31:04.4,Danapur,25.61031693,85.13628698,-87.30650689,0,2.12908931,167.20947,3G,0,0,0
34:11.6,Pataliputra,25.67319142,85.09957204,-82.16054402,0,1.973729123,188.4557694,3G,0,0,0
46:40.4,Gandhi Maidan,25.43465934,85.09629634,-83.75773096,0,2.126827688,140.0280159,3G,0,0,0
52:54.9,Kidwaipuri,25.53111438,85.16015167,-86.36297369,0,2.627353942,163.5807857,3G,0,0,0
59:09.3,S.K. Puri,25.66823496,85.17067273,-85.91440521,0,2.445794412,163.4726818,3G,0,0,0
14:45.3,Gandhi Maidan,25.63989582,85.1802912,-87.5553455,0,1.868080009,164.0667113,3G,0,0,0
52:11.9,Phulwari Sharif,25.46152031,85.07989692,-83.72030658,0,1.883440106,171.0649639,3G,0,0,0
01:33.5,Kankarbagh,25.52280865,85.03496359,-86.8509352,0,1.062400211,140.8576468,3G,0,0,0
04:40.7,Bailey Road,25.73664268,85.22360501,-82.03020333,0,2.848097338,100.4626353,3G,0,0,0
14:02.3,Anandpuri,25.5617919,85.10300337,-84.59962307,0,1.143852994,109.4905353,3G,0,0,0
20:16.8,Boring Canal Road,25.51815857,85.01952305,-84.1780802,0,2.15699395,115.8371196,3G,0,0,0
35:52.8,Boring Canal Road,25.42556801,85.17653188,-89.21156462,0,2.232785654,138.2663884,3G,0,0,0
42:07.2,Ashok Rajpath,25.70688177,85.21604051,-83.49165657,0,2.741403602,165.8741076,3G,0,0,0
48:21.6,Gardanibagh,25.66957864,85.06053275,-83.58448685,0,1.579215094,182.148022,3G,0,0,0
25:48.2,S.K. Puri,25.59679934,85.17000562,-85.50854724,0,2.102764721,111.3181,3G,0,0,0
28:55.4,Gardanibagh,25.60826868,85.13441847,-81.16732275,0,2.747568779,116.4325249,3G,0,0,0
32:02.6,Kankarbagh,25.63277352,85.07054218,-87.49138456,0,2.979227207,154.3156238,3G,0,0,0
38:17.0,Rajendra Nagar,25.67007573,85.09456661,-88.76380742,0,2.320823904,113.0421747,3G,0,0,0
06:21.9,Boring Canal Road,25.71982619,85.04995583,-88.06603492,0,1.261497401,164.9892751,3G,0,0,0
12:36.3,Fraser Road,25.56778429,85.02102864,-81.03330507,0,2.723141349,162.9218229,3G,0,0,0
40:41.2,Bankipore,25.51684143,85.02447003,-83.1407732,0,2.137140948,122.396254,3G,0,0,0
53:10.1,Anandpuri,25.56646043,84.97644561,-77.30139908,0,2.604111011,175.0462626,3G,0,0,0
11:53.3,S.K. Puri,25.57948925,85.0080533,-82.89370246,0,1.422764904,178.6027341,3G,0,0,0
18:07.7,Gandhi Maidan,25.48900664,85.1725937,-82.83426494,0,1.411582561,168.0688731,3G,0,0,0
21:14.9,Fraser Road,25.63881254,85.26869642,-85.06682732,0,1.003289934,187.2946507,3G,0,0,0
24:22.2,Anisabad,25.73550969,85.08842288,-86.86742486,0,1.343710172,143.3265301,3G,0,0,0
33:43.8,Fraser Road,25.45152077,85.22542786,-79.5764228,0,2.325147749,174.1059983,3G,0,0,0
52:27.0,Gandhi Maidan,25.61186824,85.14677616,-86.89477975,0,1.688926809,112.8699113,3G,0,0,0
58:41.5,Gardanibagh,25.7148325,85.05885325,-83.67054765,0,2.757529046,129.4413016,3G,0,0,0
11:10.3,Danapur,25.55144957,85.0547335,-88.11010147,0,2.859609052,162.1876817,3G,0,0,0
17:24.7,Kankarbagh,25.72538375,85.12285937,-84.64553574,0,1.506929779,106.7999529,3G,0,0,0
29:53.6,Gandhi Maidan,25.60377747,85.28769014,-87.03882171,0,2.255318655,105.5767503,3G,0,0,0
39:15.2,Bailey Road,25.53822917,85.03497696,-86.82772263,0,2.883287224,181.2930302,3G,0,0,0
51:44.0,Boring Canal Road,25.66458051,85.038816,-89.56658599,0,2.334475827,100.1870879,3G,0,0,0
54:51.2,Gardanibagh,25.50184648,85.10515927,-85.54930616,0,2.609236137,195.8161837,3G,0,0,0
01:05.7,Kankarbagh,25.76883081,85.1629194,-80.017038,0,2.123736835,146.220757,3G,0,0,0
13:34.5,Gardanibagh,25.5398244,85.15826263,-83.23740228,0,1.267287206,173.2129185,3G,0,0,0
16:41.7,Kumhrar,25.60099841,85.05563441,-87.30146613,0,1.553949462,113.871783,3G,0,0,0
35:25.0,Pataliputra,25.51555593,85.10874643,-84.87009789,0,1.129921586,140.2526445,3G,0,0,0
41:39.4,Exhibition Road,25.63550653,85.17067199,-82.88149331,0,1.324712486,118.66969,3G,0,0,0
47:53.8,S.K. Puri,25.566608,85.12285662,-80.40821503,0,2.603209614,129.7513031,3G,0,0,0
09:44.3,Ashok Rajpath,25.72957777,85.1635213,-83.50920672,0,2.35397777,186.6652134,3G,0,0,0
15:58.7,Gardanibagh,25.57246272,84.98919886,-86.6354379,0,1.235474492,191.3664072,3G,0,0,0
22:13.1,Anisabad,25.61006979,85.29821943,-83.97019405,0,1.105652362,172.9809022,3G,0,0,0
25:20.3,Bankipore,25.50155832,85.09974932,-85.45197097,0,1.433760184,133.0171426,3G,0,0,0
31:34.8,Kumhrar,25.56023418,85.07712333,-84.68869393,0,2.873216351,174.7562495,3G,0,0,0
37:49.2,Anandpuri,25.74944606,85.22082874,-81.97144951,0,1.334966622,179.0745345,3G,0,0,0
50:18.0,Gandhi Maidan,25.4902124,85.19703666,-86.94786923,0,1.04429339,147.3357733,3G,0,0,0
56:32.4,Anandpuri,25.55237734,85.16347166,-82.18822902,0,1.024799553,152.9452768,3G,0,0,0
59:39.7,Gandhi Maidan,25.44980577,85.09170054,-82.51585272,0,1.442192272,181.7237182,3G,0,0,0
02:46.9,Anandpuri,25.69658823,85.25075266,-88.71754081,0,1.024450256,104.6649394,3G,0,0,0
33:59.0,Anisabad,25.65931764,85.29435166,-76.61091462,0,2.885138813,107.1686534,3G,0,0,0
40:13.4,Kumhrar,25.70277166,85.27464169,-88.63119353,0,1.416653358,165.6149309,3G,0,0,0
55:49.4,Kidwaipuri,25.57950179,85.19526794,-83.13298102,0,2.440442168,120.1806952,3G,0,0,0
58:56.6,Kankarbagh,25.60276196,85.29814067,-85.79001955,0,1.534469542,176.2162337,3G,0,0,0
02:03.9,S.K. Puri,25.62087572,84.98877994,-83.99743069,0,2.310484666,154.1966532,3G,0,0,0
11:25.5,Bankipore,25.51593139,85.18606502,-84.48207161,0,1.422103522,193.9446069,3G,0,0,0
17:39.9,Patliputra Colony,25.58612446,85.13565185,-88.57319569,0,1.824949576,107.5404144,3G,0,0,0
27:01.5,Pataliputra,25.53228729,85.03406551,-81.23112694,0,1.581903116,133.1967734,3G,0,0,0
36:23.2,Pataliputra,25.7343723,85.07472506,-85.43480658,0,2.714359599,127.9066133,3G,0,0,0
45:44.8,Ashok Rajpath,25.70168129,85.07020933,-87.19217743,0,2.848941724,178.1628508,3G,0,0,0
48:52.0,Boring Road,25.55066655,85.26857531,-82.07026707,0,1.866982633,130.6428148,3G,0,0,0
10:42.5,S.K. Puri,25.67148252,85.03232756,-91.53027458,0,2.291088063,154.5544192,3G,0,0,0
26:18.5,Anisabad,25.62729887,85.24423625,-76.849414,0,1.618917884,172.4224607,3G,0,0,0
29:25.7,Kumhrar,25.65768852,85.11703121,-84.08838256,0,1.238749799,112.6878842,3G,0,0,0
38:47.4,Exhibition Road,25.46572757,85.06600685,-81.40603113,0,2.375108834,121.3375017,3G,0,0,0
09:59.5,Patliputra Colony,25.6520346,84.98222891,-85.95840997,0,2.626278534,191.4271655,3G,0,0,0
28:42.7,Rajendra Nagar,25.62146359,85.04651544,-88.46258058,0,2.910919982,176.5248171,3G,0,0,0
53:40.4,Kankarbagh,25.61591372,85.17599909,-83.04266549,0,1.228449266,131.9256484,3G,0,0,0
59:54.8,Phulwari Sharif,25.62720536,85.02549442,-86.89072242,0,2.455190573,152.1261343,3G,0,0,0
06:09.3,Gardanibagh,25.70477419,85.04242031,-83.88007162,0,2.155196196,194.168528,3G,0,0,0
27:59.7,Ashok Rajpath,25.71830201,85.09734092,-84.42784037,0,1.44374018,126.4189177,3G,0,0,0
52:57.4,S.K. Puri,25.64878337,85.00689046,-88.680451,0,1.756798945,159.4161356,3G,0,0,0
14:47.9,S.K. Puri,25.62823094,85.09467436,-85.50632144,0,2.193234342,176.4737333,3G,0,0,0
36:38.4,Kumhrar,25.70087787,85.04406215,-79.42941743,0,1.100853043,182.6943903,3G,0,0,0
39:45.6,Kumhrar,25.75571661,85.10595176,-88.54986048,0,1.403635526,173.3349459,3G,0,0,0
46:00.0,Phulwari Sharif,25.49957539,85.07210806,-90.65386498,0,1.80510042,149.9285869,3G,0,0,0
52:14.4,Anandpuri,25.4522634,85.17031713,-82.59849171,0,1.328503704,133.5473103,3G,0,0,0
14:04.9,S.K. Puri,25.64025364,85.12438317,-87.29282712,0,1.926546857,104.7901668,3G,0,0,0
20:19.3,Bailey Road,25.47439775,85.09527459,-85.4957026,0,2.665239096,175.5406628,3G,0,0,0
29:40.9,Anandpuri,25.55769995,85.08294025,-85.43586275,0,2.719975018,160.8691114,3G,0,0,0
35:55.3,Kidwaipuri,25.7389612,85.22987308,-82.64984334,0,1.686894445,115.9568861,3G,0,0,0
10:14.7,Danapur,25.6549938,85.0533031,-86.14160691,0,2.740208548,117.4790221,3G,0,0,0
28:57.9,Bailey Road,25.69172354,85.17618088,-85.28123447,0,1.448639425,182.1636206,3G,0,0,0
32:05.1,Patliputra Colony,25.56719313,85.16068836,-83.11947147,0,2.121001817,135.7050396,3G,0,0,0
35:12.3,Phulwari Sharif,25.59940352,85.03182943,-80.20691526,0,2.415132207,130.6598047,3G,0,0,0
57:02.8,Boring Road,25.51553276,85.23902624,-84.88450867,0,2.261226487,163.7485176,3G,0,0,0
15:46.1,Anisabad,25.46627981,85.25127476,-85.04784668,0,2.383707951,134.3163023,3G,0,0,0
18:53.3,Anisabad,25.68639912,85.1196554,-83.71424905,0,1.899954293,183.9398163,3G,0,0,0
25:07.7,Bailey Road,25.54441447,85.1482899,-83.35332206,0,1.452632708,100.2311042,3G,0,0,0
28:14.9,Anisabad,25.62204856,84.99649407,-85.19902766,0,2.669538204,142.3478269,3G,0,0,0
40:43.8,Gardanibagh,25.59716164,85.20998594,-86.41628151,0,1.13712033,151.5074913,3G,0,0,0
50:05.4,Fraser Road,25.62812697,85.02184274,-84.45562885,0,1.94369553,167.5145434,3G,0,0,0
11:55.9,S.K. Puri,25.54399091,84.97992747,-88.72951385,0,2.791079415,128.1830461,3G,0,0,0
18:10.3,Fraser Road,25.60172192,85.07543651,-82.63953722,0,1.077287935,166.5336553,3G,0,0,0
30:39.1,Boring Road,25.65086523,85.25795153,-83.92124832,0,1.479838087,181.3982837,3G,0,0,0
55:36.8,Gandhi Maidan,25.53210043,85.1803851,-86.8183602,0,2.337210019,168.7756435,3G,0,0,0
58:44.0,Boring Road,25.70886236,85.26240684,-80.67432735,0,1.517558542,107.5419782,3G,0,0,0
29:56.1,Kumhrar,25.5243474,85.26602179,-89.39804909,0,1.125576135,127.114322,3G,0,0,0
33:03.3,Anandpuri,25.58475927,85.22680483,-87.18804279,0,1.217930231,121.6038103,3G,0,0,0
42:25.0,Boring Canal Road,25.46652815,85.05707922,-86.6493643,0,2.228289358,184.4477522,3G,0,0,0
58:01.0,Kankarbagh,25.52562243,84.98895162,-84.18330696,0,2.496204386,119.813587,3G,0,0,0
01:08.2,S.K. Puri,25.54217259,85.09881888,-85.02167676,0,2.895181776,141.78159,3G,0,0,0
29:13.1,Bankipore,25.47698467,85.16068758,-89.09161849,0,2.720623795,169.2213244,3G,0,0,0
35:27.5,Anandpuri,25.4974901,85.17080603,-89.21076188,0,2.511585607,101.5082327,3G,0,0,0
38:34.7,Kankarbagh,25.50949723,85.28465197,-84.48971563,0,1.071070515,133.6153298,3G,0,0,0
54:10.8,Danapur,25.66932559,85.24770445,-85.9449074,0,2.511115775,110.4902396,3G,0,0,0
57:18.0,S.K. Puri,25.61734452,85.17435067,-89.23744162,0,2.3865304,117.8186843,3G,0,0,0
03:32.4,Bankipore,25.59823702,85.12759681,-81.92005572,0,2.433863817,154.6066715,3G,0,0,0
12:54.0,Boring Road,25.73180379,85.11350703,-79.99298283,0,2.467110986,186.3305238,3G,0,0,0
16:01.3,Rajendra Nagar,25.47139137,85.04867514,-87.5683926,0,1.523028307,109.086184,3G,0,0,0
19:08.5,Fraser Road,25.72841642,85.18185995,-87.26318743,0,2.500872552,131.3599759,3G,0,0,0
47:13.4,Gardanibagh,25.75455444,85.1208447,-85.87885464,0,1.345334811,196.4425308,3G,0,0,0
56:35.0,Ashok Rajpath,25.6154753,85.28876802,-80.20457527,0,2.924730606,148.1750927,3G,0,0,0
15:18.2,Pataliputra,25.72169414,85.02606138,-85.80031386,0,2.846597571,120.6427971,3G,0,0,0
18:25.5,Phulwari Sharif,25.65531767,85.14022759,-87.60631491,0,2.673154275,120.900301,3G,0,0,0
24:39.9,Anisabad,25.76081156,85.17094482,-87.13580751,0,1.179449248,191.6040738,3G,0,0,0
34:01.5,Anandpuri,25.75812767,85.18470376,-89.16158707,0,2.031294358,172.3357718,3G,0,0,0
40:15.9,Bankipore,25.51443581,85.14850295,-85.09591155,0,2.575606868,177.5351495,3G,0,0,0
27:04.1,S.K. Puri,25.50045877,85.10247235,-87.28920826,0,1.972714822,173.6054111,3G,0,0,0
30:11.3,Rajendra Nagar,25.45946761,85.22424445,-86.6074689,0,2.457690683,139.002645,3G,0,0,0
36:25.7,Exhibition Road,25.48198867,85.18075411,-82.13794838,0,1.737613827,103.7663395,3G,0,0,0
39:32.9,Fraser Road,25.43950356,85.10623283,-90.59145693,0,1.276395544,181.4986359,3G,0,0,0
01:23.4,Phulwari Sharif,25.55940899,85.13035539,-88.27816983,0,1.89156057,168.4419954,3G,0,0,0
10:45.0,Boring Canal Road,25.72739317,85.0504388,-85.16568087,0,1.619554893,172.2772617,3G,0,0,0
38:49.9,S.K. Puri,25.50067922,85.06852896,-87.24652593,0,2.120885324,105.9845317,3G,0,0,0
41:57.1,Bankipore,25.67940515,85.27963478,-79.26689893,0,2.262631869,161.4571068,3G,0,0,0
03:47.6,Danapur,25.47823851,85.21558706,-85.92986147,0,2.924442186,117.2474916,3G,0,0,0
19:23.6,Bankipore,25.77210248,85.13115145,-82.14546026,0,2.249167021,117.7982944,3G,0,0,0
25:38.1,Boring Canal Road,25.46703047,85.23965065,-81.95634372,0,2.997706893,108.9248818,3G,0,0,0
31:52.5,Anisabad,25.59284004,85.03228492,-86.11791501,0,1.055166046,178.0866705,3G,0,0,0
53:43.0,S.K. Puri,25.63371216,85.04796758,-86.52792708,0,2.496760734,144.6868168,3G,0,0,0
06:11.8,S.K. Puri,25.6480049,85.00866665,-84.30075957,0,1.991443892,128.1736411,3G,0,0,0
28:02.3,Gandhi Maidan,25.63193593,85.15716335,-85.26720409,0,1.159444798,112.2713547,3G,0,0,0
31:09.5,Gardanibagh,25.62581279,84.96565291,-84.01219427,0,2.72822315,165.0062314,3G,0,0,0
34:16.7,Fraser Road,25.60964392,85.2476252,-91.20696585,0,2.091989757,134.2235874,3G,0,0,0
37:23.9,Ashok Rajpath,25.64424422,85.19318202,-83.75759431,0,1.127423258,147.8100513,3G,0,0,0
53:00.0,Boring Road,25.66485325,85.29214454,-85.06777213,0,2.998791071,179.5128717,3G,0,0,0
56:07.2,Danapur,25.59934506,85.12554522,-80.39766426,0,2.429633617,118.9419335,3G,0,0,0
02:21.6,Anandpuri,25.54299535,85.20050989,-89.12610015,0,1.673556672,134.466388,3G,0,0,0
24:12.1,S.K. Puri,25.57343428,85.11053946,-82.55540488,0,1.399105381,149.6647006,3G,0,0,0
27:19.3,Anisabad,25.52868185,85.00373761,-79.7949279,0,2.280118322,139.2024355,3G,0,0,0
55:24.2,Ashok Rajpath,25.62361624,85.21505577,-86.68807826,0,2.850239866,170.2630557,3G,0,0,0
58:31.4,Kumhrar,25.59058187,85.12201602,-87.99512693,0,1.756280246,173.0377575,3G,0,0,0
20:21.8,Gandhi Maidan,25.6907487,85.02136573,-79.19819822,0,2.256585082,135.5296168,3G,0,0,0
39:05.1,Exhibition Road,25.71792391,85.09154649,-87.70810052,0,2.465207713,168.3231722,3G,0,0,0
45:19.5,Fraser Road,25.52134679,85.07902697,-79.95279928,0,1.58987514,173.6523558,3G,0,0,0
54:41.2,Kankarbagh,25.46100707,85.19480037,-86.39231731,0,2.708682879,179.7750321,3G,0,0,0
00:55.6,Boring Road,25.58879489,85.17489789,-90.12114685,0,2.568978404,153.1701511,3G,0,0,0
04:02.8,S.K. Puri,25.51057098,85.08880721,-79.43541758,0,2.13604412,195.9441384,3G,0,0,0
22:46.0,Gandhi Maidan,25.51898519,85.14649012,-85.61925707,0,2.411676016,145.8975704,3G,0,0,0
32:07.7,Danapur,25.50314564,85.13718536,-82.49104448,0,1.735920795,106.6118118,3G,0,0,0
35:14.9,Fraser Road,25.69607667,85.1143966,-76.018573,0,1.764750551,176.2833356,3G,0,0,0
47:43.7,Boring Road,25.62269469,84.98224691,-81.36525948,0,1.433242379,132.8432155,3G,0,0,0
09:34.2,Anisabad,25.55705777,85.15318451,-89.78484337,0,2.167820158,111.6410185,3G,0,0,0
18:55.8,Kumhrar,25.54744906,85.02533941,-86.68034848,0,2.321334797,190.6776118,3G,0,0,0
22:03.0,Anandpuri,25.68382154,85.18045943,-84.65585587,0,2.842711535,113.7129795,3G,0,0,0
25:10.2,Kumhrar,25.70620834,85.16535387,-82.91211533,0,1.358142507,159.648807,3G,0,0,0
28:17.5,Exhibition Road,25.60233257,85.01849866,-83.48025867,0,2.699234364,102.246087,3G,0,0,0
31:24.7,Danapur,25.54889816,85.2299374,-86.47947312,0,2.19133909,123.5835538,3G,0,0,0
34:31.9,Boring Canal Road,25.64056268,84.96582221,-85.97822366,0,1.668296398,132.9864981,3G,0,0,0
43:53.5,Danapur,25.52622883,85.20846487,-88.80121824,0,1.818424449,191.913464,3G,0,0,0
08:51.2,Bailey Road,25.73470108,85.2154805,-85.72445776,0,2.268141151,124.2003367,3G,0,0,0
15:05.6,S.K. Puri,25.4910428,85.0464337,-87.36966112,0,1.777199967,162.2906606,3G,0,0,0
40:03.3,Kidwaipuri,25.48142632,85.05500396,-84.18783078,0,1.25184266,176.2670855,3G,0,0,0
11:15.4,Anandpuri,25.69310025,85.04225853,-80.10499608,0,2.448890858,144.476497,3G,0,0,0
17:29.8,Gandhi Maidan,25.64833076,85.19811228,-86.32263451,0,1.983826147,145.6139561,3G,0,0,0
20:37.0,Phulwari Sharif,25.60867661,84.96367192,-86.80914844,0,2.502877542,163.2984848,3G,0,0,0
29:58.7,Kankarbagh,25.51188445,85.11151052,-88.50401771,0,2.511613547,175.8789343,3G,0,0,0
54:56.3,Rajendra Nagar,25.67282503,85.07388514,-84.41761963,0,2.345306337,141.7530697,3G,0,0,0
58:03.5,Kidwaipuri,25.64352652,85.20417601,-86.3616494,0,2.867716081,183.4164562,3G,0,0,0
16:46.8,S.K. Puri,25.52751083,85.12443818,-85.05657048,0,2.301027201,118.2408745,3G,0,0,0
23:01.2,Bankipore,25.66245959,85.11870138,-85.22588927,0,2.797483827,156.4472074,3G,0,0,0
29:15.6,Fraser Road,25.4757156,85.17397629,-82.11296053,0,2.64866904,195.1631135,3G,0,0,0
35:30.1,Patliputra Colony,25.66143591,85.25659958,-87.39142633,0,2.20105705,176.2389091,3G,0,0,0
57:20.5,S.K. Puri,25.58844257,85.20565021,-86.58275965,0,2.596584793,131.4561549,3G,0,0,0
09:49.4,Anisabad,25.64589262,85.23423799,-84.30872885,0,1.398718803,147.2482644,3G,0,0,0
16:03.8,Kidwaipuri,25.65592877,85.1818094,-83.42692162,0,2.091337152,154.2881994,3G,0,0,0
47:15.9,Anisabad,25.5164676,85.16485895,-85.45360811,0,1.863446656,199.313798,3G,0,0,0
53:30.3,Boring Road,25.67607522,85.24837044,-85.18694854,0,1.024317515,119.0066383,3G,0,0,0
59:44.7,Fraser Road,25.5080565,85.03698709,-84.89357896,0,2.956614286,110.9670927,3G,0,0,0
05:59.2,Anisabad,25.50236017,85.25094669,-84.43813578,0,2.532967467,100.4901826,3G,0,0,0
24:42.4,Fraser Road,25.62679191,85.26940226,-86.8447917,0,2.957483426,187.2795733,3G,0,0,0
27:49.6,Patliputra Colony,25.52823227,85.28472632,-83.58741773,0,2.129793094,162.4469502,3G,0,0,0
34:04.1,Danapur,25.64042949,85.06562006,-82.46518486,0,2.732398055,158.5581952,3G,0,0,0
05:16.2,Bankipore,25.44884578,85.10454721,-86.95322852,0,2.126466737,128.1986233,3G,0,0,0
08:23.4,Bankipore,25.62703708,85.25290298,-81.94398386,0,2.991051856,171.4914333,3G,0,0,0
14:37.8,Bankipore,25.52514263,85.01294582,-81.08886059,0,1.018867537,116.9336782,3G,0,0,0
27:06.6,Ashok Rajpath,25.62292485,85.16877936,-83.72163374,0,1.952326499,108.7994539,3G,0,0,0
33:21.0,Anisabad,25.52694402,85.14983229,-88.17313663,0,1.104407506,128.198805,3G,0,0,0
36:28.3,Kumhrar,25.60103255,85.29995572,-88.95998175,0,2.093596397,178.3161217,3G,0,0,0
39:35.5,Bailey Road,25.5076547,85.06729486,-90.24037133,0,1.973036516,162.0888231,3G,0,0,0
01:25.9,Fraser Road,25.50227106,85.0438318,-84.66874479,0,1.915885252,189.4970275,3G,0,0,0
04:33.1,Fraser Road,25.58808899,85.00390185,-84.97873167,0,2.232281174,179.4070434,3G,0,0,0
13:54.8,S.K. Puri,25.61562682,84.991801,-80.96511781,0,1.04366266,104.2253621,3G,0,0,0
38:52.5,Boring Canal Road,25.53480151,85.17007549,-84.30274918,0,2.281071117,175.1497787,3G,0,0,0
00:42.9,Pataliputra,25.7136771,85.15355339,-83.80393814,0,2.414840469,151.8006699,3G,0,0,0
19:26.2,Exhibition Road,25.59459434,85.07095868,-87.25667991,0,1.074799721,136.4522782,3G,0,0,0
38:09.5,Gardanibagh,25.41979867,85.13779977,-86.25649305,0,2.644699603,106.3592858,3G,0,0,0
03:07.1,Fraser Road,25.6868774,85.24980584,-80.0160821,0,2.409810775,184.852486,3G,0,0,0
21:50.4,Exhibition Road,25.63865557,85.10841065,-82.71187546,0,2.198031415,183.1656977,3G,0,0,0
24:57.6,Phulwari Sharif,25.56596442,84.98229886,-87.3041424,0,1.889645522,111.8064033,3G,0,0,0
28:04.8,Kankarbagh,25.66996346,85.20564066,-86.81562545,0,2.303032041,121.1418391,3G,0,0,0
49:55.3,Gardanibagh,25.69760539,85.00511756,-80.8424986,0,2.764882763,167.5746502,3G,0,0,0
53:02.5,Phulwari Sharif,25.66483051,84.98489946,-81.07877338,0,2.458369242,106.4260356,3G,0,0,0
27:21.8,Ashok Rajpath,25.75141452,85.21332475,-82.24936476,0,1.525635572,161.4881847,3G,0,0,0
49:12.3,Boring Road,25.43200948,85.11423942,-87.43725443,0,2.272642311,124.8789903,3G,0,0,0
55:26.7,Boring Road,25.52179622,85.19504012,-80.84770831,0,2.683605038,186.391672,3G,0,0,0
01:41.1,Phulwari Sharif,25.46390711,85.02787785,-82.88963088,0,1.851030443,106.444091,3G,0,0,0
04:48.3,Kankarbagh,25.75669629,85.09237197,-89.69862168,0,1.954610579,150.9843619,3G,0,0,0
14:10.0,Boring Road,25.58721488,85.14714111,-83.14861198,0,2.811237473,151.2934057,3G,0,0,0
26:38.8,Pataliputra,25.55728453,85.21057351,-82.71837564,0,1.878388579,162.3869007,3G,0,0,0
29:46.0,Gandhi Maidan,25.61130905,85.08313181,-87.2122942,0,1.849974096,122.7461124,3G,0,0,0
32:53.2,Bankipore,25.56507042,84.98485471,-86.60493368,0,1.114333704,184.6812667,3G,0,0,0
36:00.4,Rajendra Nagar,25.55895364,84.97328144,-87.28490929,0,1.548492717,138.4082752,3G,0,0,0
39:07.6,Rajendra Nagar,25.75666498,85.09351336,-86.01869405,0,2.173680129,190.6838726,3G,0,0,0
42:14.9,Phulwari Sharif,25.56956726,84.99932011,-77.01961765,0,2.598163412,162.6416391,3G,0,0,0
45:22.1,Kankarbagh,25.43335155,85.15381161,-86.09951339,0,1.982393176,195.0783276,3G,0,0,0
57:50.9,Kidwaipuri,25.53960435,85.29971948,-84.11418639,0,2.035730859,158.413269,3G,0,0,0
10:19.7,Anandpuri,25.46534117,85.25351944,-83.56928659,0,2.511515585,157.679938,3G,0,0,0
29:03.0,Pataliputra,25.45043057,85.22883685,-85.37199672,0,2.66065007,182.2765721,3G,0,0,0
32:10.2,Pataliputra,25.65342415,85.16508091,-86.73847615,0,1.761002159,162.9609242,3G,0,0,0
41:31.8,Gardanibagh,25.60466185,85.19199857,-84.83365679,0,1.551386098,157.32964,3G,0,0,0
50:53.5,Gardanibagh,25.6257658,85.31417023,-82.41455039,0,1.771289519,181.6178318,3G,0,0,0
54:00.7,Kankarbagh,25.47804491,85.27452995,-82.79906296,0,1.993803897,125.8169578,3G,0,0,0
06:29.5,Gardanibagh,25.71118942,85.16191613,-82.96098654,0,1.020641846,156.9997971,3G,0,0,0
18:58.4,Gardanibagh,25.48772511,85.17692352,-85.19019317,0,2.902143246,112.8904858,3G,0,0,0
18:15.4,Kumhrar,25.60320677,85.07364467,-87.47334766,0,1.136310554,156.3781008,3G,0,0,0
27:37.0,Fraser Road,25.68121716,85.232511,-81.05751694,0,2.275190165,158.8819381,3G,0,0,0
40:05.8,Gardanibagh,25.46400843,85.04044696,-85.68131967,0,2.429587257,107.1449393,3G,0,0,0
58:49.1,S.K. Puri,25.69363122,85.22587321,-79.21021215,0,1.9876938,146.5053969,3G,0,0,0
01:56.3,Kumhrar,25.48478982,85.21541666,-85.48864698,0,2.837518765,192.9448046,3G,0,0,0
20:39.6,Danapur,25.50738809,85.11389342,-81.55479229,0,1.833236181,120.3403218,3G,0,0,0
23:46.8,Patliputra Colony,25.5813516,85.10243321,-89.15633536,0,1.439726134,146.347776,3G,0,0,0
33:08.4,Danapur,25.55629774,85.28858331,-84.14772832,0,1.92635273,134.7391451,3G,0,0,0
45:37.2,Exhibition Road,25.5385332,85.21254806,-87.83013086,0,2.614315881,176.4671327,3G,0,0,0
51:51.7,Anandpuri,25.61591649,85.26284142,-85.22842016,0,2.783639675,108.2746632,3G,0,0,0
19:56.6,Kankarbagh,25.51437954,85.23637743,-86.48240134,0,2.888733706,192.8193286,3G,0,0,0
35:32.6,Boring Road,25.72209308,85.21507434,-76.66539698,0,2.604448354,189.2101734,3G,0,0,0
41:47.0,Exhibition Road,25.75877337,85.08630643,-85.39718209,0,2.928727556,102.9178989,3G,0,0,0
44:54.2,Anisabad,25.73676614,85.14475542,-86.30085374,0,2.262063928,109.7726081,3G,0,0,0
57:23.1,Danapur,25.64805889,85.2700156,-88.08411179,0,2.801908361,104.7777437,3G,0,0,0
00:30.3,Fraser Road,25.61638568,85.03724984,-86.21386212,0,2.682179923,143.4874485,3G,0,0,0
09:51.9,Fraser Road,25.46233997,85.1228479,-85.57687468,0,1.183459278,157.6425872,3G,0,0,0
25:28.0,Rajendra Nagar,25.66913197,85.06407127,-83.62442091,0,2.602135832,156.3937755,3G,0,0,0
34:49.6,Exhibition Road,25.49704032,85.02604268,-79.95189974,0,2.862216662,117.5714572,3G,0,0,0
50:25.7,Gandhi Maidan,25.44630261,85.16101216,-91.65618298,0,1.01126127,163.2827697,3G,0,0,0
02:54.5,Fraser Road,25.53740455,84.96848141,-84.30356272,0,2.589396171,112.6913659,3G,0,0,0
06:01.7,Patliputra Colony,25.74282916,85.12352457,-89.00569802,0,1.444785877,173.8362852,3G,0,0,0
09:08.9,Gandhi Maidan,25.63190453,85.28056778,-87.840653,0,2.63865008,194.105051,3G,0,0,0
21:37.8,Phulwari Sharif,25.71401738,85.06560976,-87.4893035,0,1.648060905,109.4509915,3G,0,0,0
24:45.0,Rajendra Nagar,25.5797939,85.01005254,-80.66882642,0,2.377053454,103.1878974,3G,0,0,0
37:13.8,Anisabad,25.53636945,85.26554311,-85.06100899,0,2.415210595,146.5430886,3G,0,0,0
40:21.0,Kankarbagh,25.57761314,84.98569366,-84.42744275,0,1.755133618,123.2986301,3G,0,0,0
46:35.4,S.K. Puri,25.48956886,84.99773889,-87.15689597,0,2.655525696,123.2603271,3G,0,0,0
59:04.3,Pataliputra,25.62555128,85.01032644,-78.65529819,0,2.876429597,119.4532561,3G,0,0,0
02:11.5,Rajendra Nagar,25.48461265,85.15948343,-90.35206769,0,1.875411267,116.2374381,3G,0,0,0
14:40.3,Bailey Road,25.48380307,85.07739742,-82.62426195,0,2.163601047,129.9250939,3G,0,0,0
45:52.4,Kumhrar,25.63558322,85.27069316,-83.52056912,0,2.091428756,111.9188907,3G,0,0,0
55:14.1,Kidwaipuri,25.51783622,85.00492416,-79.43327307,0,2.339441482,179.2224672,3G,0,0,0
04:35.7,Gandhi Maidan,25.43682297,85.12151597,-82.92678896,0,1.010088865,102.0882048,3G,0,0,0
07:42.9,Bailey Road,25.60393672,85.21816542,-82.42194028,0,2.062880114,145.0109985,3G,0,0,0
29:33.4,Gardanibagh,25.44380599,85.20361941,-82.88749128,0,1.347202017,142.4572393,3G,0,0,0
35:47.8,Kidwaipuri,25.55102979,85.04109118,-81.86877923,0,1.747906308,134.5600057,3G,0,0,0
42:02.2,Danapur,25.48299427,85.24574616,-84.77043233,0,1.954998505,192.1911016,3G,0,0,0
51:23.8,Anisabad,25.63389696,85.30309982,-82.93643709,0,1.715573861,131.485314,3G,0,0,0
54:31.1,Pataliputra,25.60729347,85.10111762,-88.03614726,0,2.19076573,167.9077425,3G,0,0,0
57:38.3,Phulwari Sharif,25.66366852,84.98332885,-81.61353153,0,1.384179114,151.8789021,3G,0,0,0
03:52.7,Gandhi Maidan,25.53552148,85.18980673,-88.08520084,0,2.588343538,144.2891412,3G,0,0,0
16:21.5,Fraser Road,25.71789483,85.2492509,-89.42098488,0,1.851889595,123.1593378,3G,0,0,0
25:43.2,Phulwari Sharif,25.62745362,85.21769706,-85.82427671,0,2.729817267,143.8965856,3G,0,0,0
31:57.6,Kidwaipuri,25.45550712,85.10270713,-83.60042618,0,1.815055672,176.7706571,3G,0,0,0
38:12.0,Kankarbagh,25.68930245,85.24170993,-79.83238081,0,1.360581911,136.7875508,3G,0,0,0
44:26.4,Gardanibagh,25.55339304,84.98796418,-91.42874137,0,2.722623182,138.9044399,3G,0,0,0
50:40.8,Fraser Road,25.48388299,85.2105256,-82.81369706,0,2.094986153,135.2118122,3G,0,0,0
53:48.0,Kankarbagh,25.71123242,85.1877345,-85.23081078,0,2.964503473,117.4175938,3G,0,0,0
03:09.7,Gardanibagh,25.52644464,85.20384594,-85.62067978,0,1.75487399,158.4189091,3G,0,0,0
06:16.9,Kumhrar,25.65202022,85.10682843,-84.76667486,0,2.845605665,199.5565202,3G,0,0,0
09:24.1,Rajendra Nagar,25.74870449,85.06998909,-87.83837635,0,2.558165985,152.2217598,3G,0,0,0
43:43.4,Anisabad,25.73023228,85.06245446,-84.57342535,0,1.824844881,121.6485457,3G,0,0,0
59:19.5,Phulwari Sharif,25.54019596,85.25908085,-79.97513146,0,1.134914735,139.7462997,3G,0,0,0
08:41.1,Danapur,25.66969974,85.27958696,-90.71522259,0,1.85655229,103.1471249,3G,0,0,0
24:17.1,Gardanibagh,25.49588559,85.13643727,-82.20544407,0,2.791950022,160.7630714,3G,0,0,0
27:24.4,Danapur,25.42062981,85.13115263,-88.81027757,0,2.236609657,123.2266479,3G,0,0,0
33:38.8,Fraser Road,25.76498613,85.16348672,-82.60172823,0,1.906244243,129.625654,3G,0,0,0
39:53.2,Kankarbagh,25.69018359,85.25486823,-82.58247913,0,1.215061581,190.0534808,3G,0,0,0
46:07.6,Pataliputra,25.47514294,85.10270296,-88.01493361,0,1.215856603,185.3934436,3G,0,0,0
49:14.8,S.K. Puri,25.6210856,85.02913171,-82.56539405,0,2.514830932,195.3236376,3G,0,0,0
55:29.2,Bailey Road,25.61981489,85.02772918,-83.07156217,0,1.689103365,110.3053642,3G,0,0,0
20:26.9,Phulwari Sharif,25.62378093,85.17656982,-88.3770882,0,1.383793605,145.6478847,3G,0,0,0
32:55.8,Bailey Road,25.61724681,84.99938547,-84.72438802,0,2.35892979,181.1772391,3G,0,0,0
36:03.0,Bankipore,25.4394138,85.13311727,-92.47746152,0,1.64222591,194.8019758,3G,0,0,0
10:22.3,Pataliputra,25.53309823,85.29056684,-84.24383773,0,2.801946281,168.0452986,3G,0,0,0
25:58.3,Ashok Rajpath,25.52668954,85.17868591,-84.6754091,0,2.004905543,167.2774464,3G,0,0,0
29:05.6,Rajendra Nagar,25.52271266,85.06850417,-86.31254319,0,2.696411309,174.6130978,3G,0,0,0
35:20.0,Anisabad,25.69994128,85.20391167,-87.31676627,0,1.289739117,177.6976038,3G,0,0,0
47:48.8,Patliputra Colony,25.69035174,85.01700975,-83.95979563,0,2.545920291,104.3698256,3G,0,0,0
54:03.2,Gandhi Maidan,25.60439118,85.17638558,-82.67787824,0,2.299648241,108.6194218,3G,0,0,0
03:24.9,Gandhi Maidan,25.68192403,85.06199458,-84.93723314,0,1.180293045,145.5211357,3G,0,0,0
15:53.7,Patliputra Colony,25.47885581,85.06278121,-83.39180504,0,2.929455543,145.1126153,3G,0,0,0
28:22.5,Kumhrar,25.67268859,85.17309773,-90.21857399,0,1.448053654,160.6393195,3G,0,0,0
31:29.8,Gardanibagh,25.42874431,85.17698048,-78.80501774,0,2.398388368,160.755768,3G,0,0,0
37:44.2,Bailey Road,25.54904953,85.14088211,-81.36150526,0,2.909088155,147.3330096,3G,0,0,0
40:51.4,Gardanibagh,25.58043722,85.28308728,-83.2657402,0,2.130564668,131.1482416,3G,0,0,0
43:58.6,Patliputra Colony,25.58631437,85.20170349,-83.72887589,0,1.361908339,161.1770085,3G,0,0,0
56:27.4,Anisabad,25.69092788,85.1596939,-84.07371039,0,2.962137242,139.5355308,3G,0,0,0
59:34.6,Boring Road,25.67822706,85.00664549,-86.26016946,0,1.011475749,183.6538777,3G,0,0,0
08:56.3,Rajendra Nagar,25.63484938,85.06912857,-84.56251216,0,1.010858519,152.0856625,3G,0,0,0
15:10.7,Kidwaipuri,25.62104601,84.996764,-80.2951614,0,1.574915875,140.8747705,3G,0,0,0
33:54.0,Anisabad,25.54523661,85.27007577,-81.69046864,0,2.811615708,114.448363,3G,0,0,0
08:13.3,Kidwaipuri,25.63653532,85.28451483,-86.55041365,0,1.370278897,130.9732342,3G,0,0,0
11:20.5,Kumhrar,25.47954139,85.22228487,-88.57645141,0,2.554908086,186.0496268,3G,0,0,0
14:27.7,Kumhrar,25.68558496,85.0206903,-80.49977375,0,1.995579092,120.6243331,3G,0,0,0
20:42.1,Boring Canal Road,25.74510836,85.09629145,-77.97670673,0,1.090190904,166.9160193,3G,0,0,0
30:03.7,Bankipore,25.65280883,85.08282443,-85.78529516,0,2.496778091,137.9817607,3G,0,0,0
33:10.9,Anandpuri,25.69276676,85.11602986,-85.3673402,0,1.281539552,135.8565052,3G,0,0,0
42:32.6,Rajendra Nagar,25.70458657,85.19527353,-89.68854211,0,1.137029999,130.7424524,3G,0,0,0
51:54.2,Bankipore,25.48814302,84.99452101,-78.00875,0,1.439685163,166.9350574,3G,0,0,0
01:15.8,Fraser Road,25.56879487,84.97877207,-82.01302304,0,1.619736028,117.3371658,3G,0,0,0
16:51.9,Patliputra Colony,25.61665882,85.09575342,-83.90972693,0,1.050869124,152.495798,3G,0,0,0
41:49.6,Ashok Rajpath,25.5846346,85.16399364,-89.24946918,0,1.282779835,122.8832167,3G,0,0,0
44:56.8,Ashok Rajpath,25.54871788,85.11284613,-86.35472323,0,2.697019082,192.8738849,3G,0,0,0
09:54.5,Gardanibagh,25.47330158,85.13760839,-84.72526788,0,2.939628742,103.250809,3G,0,0,0
16:08.9,Gandhi Maidan,25.54840776,85.08405745,-88.21150784,0,1.434394476,130.8819707,3G,0,0,0
31:44.9,Exhibition Road,25.49648918,85.09133976,-88.55552171,0,2.962914897,115.8665988,3G,0,0,0
41:06.6,Gardanibagh,25.71505098,85.02124278,-86.02523371,0,1.055369768,145.68834,3G,0,0,0
56:42.6,Kidwaipuri,25.61776208,85.25077434,-82.5319329,0,1.926082597,145.6394765,3G,0,0,0
59:49.8,Bankipore,25.59866451,85.20647291,-87.63765368,0,2.176389208,187.8514143,3G,0,0,0
18:33.1,Anandpuri,25.69134109,85.04658725,-84.02791953,0,1.230087255,153.4676547,3G,0,0,0
24:47.5,Danapur,25.52993013,85.08248078,-86.63941875,0,2.422351821,104.4245871,3G,0,0,0
27:54.7,Anandpuri,25.68340349,85.09896206,-80.43451948,0,1.43281098,197.3604507,3G,0,0,0
31:01.9,Kankarbagh,25.63640902,85.25346124,-83.81137346,0,2.798531916,182.5215779,3G,0,0,0
34:09.1,Rajendra Nagar,25.58835767,85.12865633,-80.52690796,0,2.579569069,121.6505174,3G,0,0,0
52:52.4,Phulwari Sharif,25.63291612,85.29096698,-88.95671269,0,2.786945067,101.5522381,3G,0,0,0
59:06.8,Bailey Road,25.64801729,85.10197084,-85.02611612,0,1.630053896,109.1009287,3G,0,0,0
17:50.1,Ashok Rajpath,25.47670106,85.20495772,-86.86297253,0,2.160313235,134.7205811,3G,0,0,0
33:26.1,Gardanibagh,25.51230482,85.24796258,-88.51123361,0,2.242112182,104.590553,3G,0,0,0
36:33.3,Gardanibagh,25.64648866,85.05177524,-84.56429668,0,1.260096829,197.945062,3G,0,0,0
58:23.8,Kidwaipuri,25.54566872,84.97935736,-85.72348084,0,1.360188826,139.3623038,3G,0,0,0
01:31.0,Danapur,25.56743572,85.18074088,-83.77402619,0,1.569371144,182.1729593,3G,0,0,0
04:38.2,Ashok Rajpath,25.5398901,85.22771438,-83.56198347,0,2.658983033,106.2614206,3G,0,0,0
20:14.3,Kankarbagh,25.63232773,85.28585998,-85.77482789,0,1.025603387,124.6556243,3G,0,0,0
23:21.5,Anisabad,25.44229771,85.12585731,-83.41277218,0,2.79812705,117.8739063,3G,0,0,0
29:35.9,Kidwaipuri,25.76130135,85.13622461,-84.53041958,0,2.784130792,114.0419888,3G,0,0,0
35:50.3,Kankarbagh,25.5344392,84.99893146,-80.53668025,0,1.242648706,164.9015435,3G,0,0,0
48:19.2,Boring Canal Road,25.56511846,85.14217394,-91.09711645,0,2.5641255,158.3429056,3G,0,0,0
57:40.8,Anisabad,25.43323695,85.16361438,-86.18621575,0,1.174540303,111.3482585,3G,0,0,0
00:48.0,Danapur,25.61002724,85.05466724,-87.57011482,0,2.54560577,176.4773668,3G,0,0,0
25:45.7,Danapur,25.64282854,85.13994219,-83.88802025,0,2.087548118,184.9819825,3G,0,0,0
47:36.2,Kidwaipuri,25.75349045,85.06601617,-85.90865725,0,1.300039196,126.6713835,3G,0,0,0
56:57.8,Ashok Rajpath,25.75869521,85.17462012,-87.37242844,0,1.082407752,147.5521412,3G,0,0,0
28:09.9,Bankipore,25.59559223,85.20417095,-86.02442949,0,2.829653601,105.4308029,3G,0,0,0
18:05.3,Pataliputra,25.52617766,85.25265061,-83.17189826,0,2.598983131,151.6360126,3G,0,0,0
39:55.7,Exhibition Road,25.49270824,85.15528489,-84.73404982,0,1.094198746,197.5503371,3G,0,0,0
49:17.4,Phulwari Sharif,25.450108,85.15276401,-82.60300961,0,2.92564476,189.387283,3G,0,0,0
23:36.7,Gardanibagh,25.60670611,84.99191827,-82.25220556,0,1.594058671,148.5185433,3G,0,0,0
32:58.3,Anandpuri,25.47636621,85.21529714,-84.61114742,0,2.576128768,115.5867927,3G,0,0,0
54:48.8,Danapur,25.46765768,85.05455456,-88.4184754,0,1.011169412,164.709506,3G,0,0,0
04:10.4,Patliputra Colony,25.72100629,85.05110342,-86.19806084,0,1.04022678,163.9029025,3G,0,0,0
13:32.0,Kankarbagh,25.58678961,85.10669535,-82.33716939,0,2.320448633,113.9036537,3G,0,0,0
16:39.3,Boring Canal Road,25.52852812,85.26762187,-81.16650915,0,1.832215434,199.0204621,3G,0,0,0
41:36.9,Gandhi Maidan,25.73030136,85.21781064,-83.96714418,0,2.946818409,177.3245048,3G,0,0,0
50:15.6,Exhibition Road,25.72467831,85.11696962,-78.86808717,0,2.755297936,153.7996041,3G,0,0,0
56:30.0,Gandhi Maidan,25.65750112,85.04704783,-88.87900277,0,2.879104664,193.9643664,3G,0,0,0
08:58.8,Bailey Road,25.44628524,85.1145353,-88.05192296,0,2.403971967,124.7768141,3G,0,0,0
37:03.7,Boring Road,25.50929406,84.98836908,-87.47231174,0,1.242259443,140.8552156,3G,0,0,0
58:54.2,Exhibition Road,25.59378762,85.16025713,-84.00101692,0,2.098115138,104.9383542,3G,0,0,0
02:01.4,S.K. Puri,25.56333536,85.20820986,-82.95534158,0,2.595432079,150.1515828,3G,0,0,0
08:15.8,S.K. Puri,25.55290228,85.0718539,-85.53366546,0,1.381321572,110.3995047,3G,0,0,0
11:23.0,Ashok Rajpath,25.56515911,85.29779044,-83.51953921,0,1.684554368,118.4674549,3G,0,0,0
17:37.4,Boring Road,25.51090318,85.18904827,-85.47993484,0,2.095172081,101.8701352,3G,0,0,0
20:44.7,Bankipore,25.60603978,85.15831591,-85.9703158,0,2.270457214,103.097826,3G,0,0,0
33:13.5,Gardanibagh,25.634503,85.17015226,-87.18532212,0,2.585686844,133.6039736,3G,0,0,0
36:20.7,Pataliputra,25.71466733,85.17608666,-83.98043404,0,2.51726939,139.6380763,3G,0,0,0
07:32.8,Kidwaipuri,25.72855977,85.10279321,-87.96804123,0,2.651454966,124.0998869,3G,0,0,0
20:01.6,Bailey Road,25.57110758,84.98073681,-90.49870479,0,2.752999251,122.847118,3G,0,0,0
29:23.3,Gandhi Maidan,25.4198707,85.10913819,-83.09559931,0,1.894088772,109.4637733,3G,0,0,0
35:37.7,Rajendra Nagar,25.67241843,85.28120108,-89.61466354,0,2.894295219,196.2226511,3G,0,0,0
48:06.5,Patliputra Colony,25.70680994,85.18659667,-85.7324618,0,1.370159577,143.7684645,3G,0,0,0
54:21.0,Bankipore,25.50542988,85.22204838,-89.39257647,0,2.487417477,153.7337447,3G,0,0,0
00:35.4,Bailey Road,25.50154387,85.11275055,-79.19950943,0,2.766735512,103.638369,3G,0,0,0
09:57.0,Anisabad,25.59260716,85.05170813,-85.38742962,0,1.859201682,142.0373346,3G,0,0,0
22:25.8,Pataliputra,25.64837235,85.30556462,-82.25323465,0,2.361429737,112.8244025,3G,0,0,0
41:09.1,Exhibition Road,25.55202406,85.00061581,-85.64645618,0,2.027954879,109.4560517,3G,0,0,0
53:38.0,Patliputra Colony,25.59775607,85.26509512,-82.13757741,0,2.114535261,128.6688309,3G,0,0,0
34:11.7,Fraser Road,25.59816341,85.20988501,-88.94693254,0,2.651563276,126.6050982,3G,0,0,0
37:18.9,Kumhrar,25.51500283,85.02907914,-88.94931073,0,2.48965986,123.378911,3G,0,0,0
40:26.1,Gandhi Maidan,25.45826197,85.18576266,-86.33100552,0,2.583603037,127.6492665,3G,0,0,0
46:40.5,Rajendra Nagar,25.63127764,85.05358377,-89.48483219,0,1.625898395,169.5863167,3G,0,0,0
11:38.2,Danapur,25.43740593,85.16475134,-86.63425883,0,1.944926629,104.226998,3G,0,0,0
10:55.2,Rajendra Nagar,25.63442153,85.23375549,-84.42449947,0,2.701477501,122.6812492,3G,0,0,0
45:14.5,Danapur,25.62394035,85.19277721,-88.08253511,0,1.358295713,145.98365,3G,0,0,0
57:43.4,Gardanibagh,25.60620403,85.11724583,-78.72851223,0,2.82507394,188.4192193,3G,0,0,0
25:48.2,Kankarbagh,25.71622456,85.21165494,-87.57573771,0,2.885877439,125.7530155,3G,0,0,0
41:24.3,Kumhrar,25.44678374,85.16475469,-84.4774329,0,2.92700803,162.7340204,3G,0,0,0
03:14.8,Kankarbagh,25.58653163,85.13191375,-84.38713899,0,2.927572318,117.7984602,3G,0,0,0
09:29.2,Gardanibagh,25.53315449,85.26693954,-82.12552507,0,1.300094089,172.7155147,3G,0,0,0
15:43.6,Bankipore,25.4403658,85.22588868,-83.72081607,0,1.021552784,154.3513738,3G,0,0,0
18:50.8,Kankarbagh,25.46336146,85.15968665,-93.17612445,0,1.110163838,105.5275592,3G,0,0,0
21:58.0,Fraser Road,25.66712127,85.10581238,-87.27920574,0,1.978770304,103.1159153,3G,0,0,0
31:19.7,Fraser Road,25.73036891,85.23542859,-85.71701865,0,1.766658056,108.5454863,3G,0,0,0
43:48.5,Kumhrar,25.68221523,85.25791176,-92.23764688,0,1.303405192,171.6896067,3G,0,0,0
50:02.9,Anandpuri,25.58184278,85.18226146,-81.9185379,0,2.680539166,193.4330832,3G,0,0,0
56:17.3,Exhibition Road,25.6502067,85.06443883,-80.21793844,0,2.746368893,113.2918541,3G,0,0,0
59:24.5,Kankarbagh,25.7570712,85.1208406,-87.44535654,0,2.267749075,161.8787089,3G,0,0,0
02:31.8,Phulwari Sharif,25.73274786,85.10082937,-82.82603873,0,1.095438467,143.0123287,3G,0,0,0
11:53.4,Kumhrar,25.65728518,85.08140438,-86.90432407,0,1.35554168,178.6553078,3G,0,0,0
18:07.8,Kankarbagh,25.67626885,85.07869974,-84.77785259,0,1.247062066,152.8919705,3G,0,0,0
21:15.0,Patliputra Colony,25.53413876,85.28933064,-83.2541165,0,1.437585778,175.7140183,3G,0,0,0
36:51.1,Gandhi Maidan,25.45635189,85.24040692,-86.27601014,0,2.704680601,168.5850566,3G,0,0,0
39:58.3,Ashok Rajpath,25.65788816,85.12002154,-83.52666911,0,1.135659824,154.9305209,3G,0,0,0
55:34.3,Ashok Rajpath,25.61388578,85.03536929,-83.76723607,0,1.47962018,130.3959429,3G,0,0,0
58:41.5,Gandhi Maidan,25.65464273,85.2148567,-90.02139802,0,1.162501777,175.3740573,3G,0,0,0
26:46.4,Bankipore,25.58894701,85.11299033,-80.47204073,0,1.137664939,120.0728219,3G,0,0,0
29:53.6,Gardanibagh,25.57807735,85.27160769,-80.70596324,0,2.012346544,117.8472336,3G,0,0,0
45:29.7,Rajendra Nagar,25.59998945,85.00295782,-82.3473315,0,2.230730358,123.9641407,3G,0,0,0
51:44.1,Fraser Road,25.76477723,85.15820294,-82.58298962,0,1.499169593,139.5696232,3G,0,0,0
07:20.2,Gandhi Maidan,25.59950428,84.98919009,-75.31453107,0,2.464181047,186.107044,3G,0,0,0
32:17.8,Pataliputra,25.70353775,85.04521901,-88.17634668,0,1.449795333,139.2036055,3G,0,0,0
47:53.9,Pataliputra,25.4949712,85.00634982,-84.40260397,0,2.729515355,104.9921185,3G,0,0,0
03:29.9,Exhibition Road,25.55484749,85.00652252,-88.17860753,0,2.676342696,178.5396661,3G,0,0,0
09:44.4,Fraser Road,25.74578406,85.22458652,-88.6904677,0,2.976978665,191.2112754,3G,0,0,0
22:13.2,Anisabad,25.47928919,85.14835534,-88.12986009,0,1.341662261,101.8129257,3G,0,0,0
25:20.4,S.K. Puri,25.42487928,85.13183084,-85.0615407,0,1.002021482,133.0715022,3G,0,0,0
46:27.9,Anandpuri,25.49325631,85.14851769,-91.28762933,0,2.738650851,199.365725,3G,0,0,0
49:35.1,Gandhi Maidan,25.45274505,85.20420918,-82.38227731,0,1.594871274,172.2479692,3G,0,0,0
55:49.5,Kankarbagh,25.68308983,85.07126398,-76.94837223,0,2.586211705,184.9898895,3G,0,0,0
14:32.8,Phulwari Sharif,25.53349425,84.98398117,-83.54368278,0,1.245680842,126.3475586,3G,0,0,0
17:40.0,Ashok Rajpath,25.61842137,84.98541301,-84.51875835,0,1.615191337,168.7022955,3G,0,0,0
45:44.9,Bankipore,25.64299076,85.22080726,-79.86460104,0,1.699194778,171.7090342,3G,0,0,0
51:59.3,Anisabad,25.66964985,85.16674217,-82.2368697,0,1.235034615,196.314774,3G,0,0,0
58:13.7,Gandhi Maidan,25.43596911,85.10432769,-83.77497469,0,1.862729917,189.5675749,3G,0,0,0
01:20.9,Patliputra Colony,25.52815152,85.18033608,-84.88001997,0,2.516449293,109.1687262,3G,0,0,0
41:54.7,Bailey Road,25.53814871,85.17206616,-87.67482834,0,1.537316555,174.3655117,3G,0,0,0
00:37.9,Fraser Road,25.58581752,85.1730385,-86.31103261,0,1.793255345,104.3016805,3G,0,0,0
06:52.3,Pataliputra,25.61001934,84.98797885,-86.74648527,0,2.63706994,184.9367907,3G,0,0,0
38:04.4,Kidwaipuri,25.52468303,85.11150939,-86.09309417,0,1.657696649,129.7227251,3G,0,0,0
44:18.9,Kankarbagh,25.52562201,85.13577954,-84.11083815,0,2.077777,147.5927071,3G,0,0,0
53:40.5,S.K. Puri,25.64100083,85.12346442,-87.08027662,0,1.231207356,167.2203335,3G,0,0,0
06:09.3,Ashok Rajpath,25.59240876,85.0544886,-82.38107015,0,1.578904318,141.398766,3G,0,0,0
34:14.2,Gandhi Maidan,25.58510941,85.15923853,-83.17691775,0,1.194980983,123.6182824,3G,0,0,0
40:28.6,Patliputra Colony,25.73851311,85.11294668,-81.93623377,0,1.997068811,160.8318119,3G,0,0,0
43:35.9,Gandhi Maidan,25.57480072,84.98488419,-82.1642152,0,1.422512181,146.0187228,3G,0,0,0
46:43.1,Boring Road,25.61466705,85.25973361,-87.9723612,0,1.703959986,199.7212979,3G,0,0,0
49:50.3,Phulwari Sharif,25.58360048,85.12741681,-79.85955938,0,1.156480151,120.1611845,3G,0,0,0
56:04.7,Pataliputra,25.59693735,85.17838309,-83.39435934,0,1.460519557,103.4816595,3G,0,0,0
59:11.9,Rajendra Nagar,25.52950806,85.16587635,-91.3191741,0,1.650746807,161.4799214,3G,0,0,0
08:33.5,Boring Road,25.67802714,85.07325484,-83.65840361,0,1.459202877,126.1647644,3G,0,0,0
11:40.7,Phulwari Sharif,25.52147905,85.14222829,-84.55332098,0,1.043231724,166.2462942,3G,0,0,0
17:55.2,Bankipore,25.48558612,85.17945184,-84.45353713,0,1.063083836,140.2579479,3G,0,0,0
52:14.5,Danapur,25.60189961,85.03691686,-84.11852349,0,1.780660604,115.0669899,3G,0,0,0
58:28.9,Anandpuri,25.54225434,85.16406363,-83.138502,0,2.393797755,100.2819312,3G,0,0,0
23:26.6,Gandhi Maidan,25.61397973,85.05740024,-86.81226922,0,2.967782885,134.5910809,3G,0,0,0
26:33.8,Pataliputra,25.4736826,85.06685826,-87.25366684,0,2.631174755,192.4977617,3G,0,0,0
48:24.3,Bankipore,25.53105216,85.01485224,-85.67966893,0,1.688336897,127.1258257,3G,0,0,0
22:43.6,Ashok Rajpath,25.52105652,85.03611962,-80.64781215,0,2.938149092,196.750236,3G,0,0,0
35:12.4,S.K. Puri,25.70471287,85.02340969,-84.93497828,0,2.23736813,110.5167432,3G,0,0,0
41:26.8,Bailey Road,25.61255136,85.07361012,-83.73708099,0,2.953804674,127.1277079,3G,0,0,0
47:41.3,Bailey Road,25.52486924,85.0772052,-84.99982503,0,2.144566288,150.636086,3G,0,0,0
06:24.5,Pataliputra,25.43520804,85.12762215,-87.26297497,0,1.298581268,169.1843935,3G,0,0,0
12:38.9,Phulwari Sharif,25.52949113,85.17813725,-83.7051352,0,1.586759687,171.5029298,3G,0,0,0
31:22.2,Bailey Road,25.50115769,85.14753257,-88.82032226,0,2.038415151,148.9780905,3G,0,0,0
43:51.0,Gandhi Maidan,25.68166495,85.05231231,-84.68569301,0,1.061372761,165.7075324,3G,0,0,0
56:19.9,Kankarbagh,25.46970319,85.11044774,-86.37488343,0,1.945051763,100.0843633,3G,0,0,0
18:10.4,Rajendra Nagar,25.68000158,85.19295785,-92.58687696,0,2.593986253,126.6546725,3G,0,0,0
21:17.6,Kumhrar,25.57817735,85.29118143,-83.1900911,0,1.395344965,164.9266383,3G,0,0,0
24:24.8,Kankarbagh,25.60747684,85.27979072,-80.66521477,0,1.055763899,182.7909671,3G,0,0,0
27:32.0,Kidwaipuri,25.45568859,85.13883038,-85.66223024,0,2.551875198,170.8206403,3G,0,0,0
46:15.2,Rajendra Nagar,25.43932486,85.19927135,-79.04123606,0,1.096521151,165.6861837,3G,0,0,0
58:44.1,Kumhrar,25.61520177,85.02169193,-82.66136121,0,2.372447395,199.1622339,3G,0,0,0
23:41.8,Rajendra Nagar,25.56275032,85.25574149,-87.08410927,0,1.741668641,160.1245547,3G,0,0,0
26:49.0,Kankarbagh,25.72111496,85.10592994,-80.23268676,0,2.754254095,163.2550756,3G,0,0,0
48:39.4,Bankipore,25.55117738,85.10568852,-87.37884477,0,1.43747929,134.1680528,3G,0,0,0
13:37.1,Exhibition Road,25.70129414,85.14982426,-86.4939663,0,2.739138778,120.4495523,3G,0,0,0
16:44.3,Patliputra Colony,25.50773367,85.02883293,-86.03422333,0,2.282105346,190.0099288,3G,0,0,0
26:06.0,Bailey Road,25.75612923,85.1780376,-84.34877261,0,2.331429995,197.9616526,3G,0,0,0
35:27.6,Exhibition Road,25.68721456,85.1084384,-85.58675164,0,2.365659315,114.259527,3G,0,0,0
41:42.0,Gandhi Maidan,25.60234624,85.02456017,-85.39068247,0,1.643555363,199.274469,3G,0,0,0
44:49.2,Boring Road,25.74463126,85.12178286,-84.70883942,0,1.058090901,142.9758553,3G,0,0,0
51:03.7,Kumhrar,25.56329607,85.20327049,-84.27811076,0,1.456124285,143.7485224,3G,0,0,0
00:25.3,Fraser Road,25.69750747,85.2447184,-83.6080417,0,1.994094659,129.9709773,3G,0,0,0
03:32.5,S.K. Puri,25.73246932,85.06987173,-87.65781844,0,2.876953305,177.6006571,3G,0,0,0
34:44.6,Ashok Rajpath,25.51337367,85.20469919,-88.04503157,0,1.0255827,120.6022812,3G,0,0,0
59:42.3,Anandpuri,25.62623378,85.1016265,-84.13320914,0,1.346168532,193.2641161,3G,0,0,0
12:11.1,Kumhrar,25.47067076,85.08669276,-81.50386769,0,1.130843121,153.2028884,3G,0,0,0
43:23.2,Fraser Road,25.62395409,84.97444525,-84.86183918,0,1.339220057,185.2482413,3G,0,0,0
08:20.9,S.K. Puri,25.60479401,85.16044112,-86.03184584,0,2.489151087,115.6430203,3G,0,0,0
23:56.9,Pataliputra,25.55110324,85.01993089,-84.46615738,0,1.20022809,136.6478573,3G,0,0,0
33:18.6,Boring Canal Road,25.51872144,85.2945761,-88.79051846,0,1.051655439,118.7132244,3G,0,0,0
42:40.2,Kidwaipuri,25.59244045,84.9579363,-89.68714093,0,2.009288041,182.2110585,3G,0,0,0
48:54.6,Kidwaipuri,25.72147588,85.16071452,-86.0711697,0,2.70417481,148.4202879,3G,0,0,0
10:45.1,Boring Canal Road,25.5108886,85.23654308,-85.53026344,0,1.635128087,179.4152238,3G,0,0,0
16:59.5,Boring Canal Road,25.663244,85.12259858,-81.23527,0,2.387445595,143.6514518,3G,0,0,0
23:13.9,Danapur,25.71742352,85.20047081,-85.54979036,0,2.098394018,139.6618593,3G,0,0,0
32:35.6,Gandhi Maidan,25.68314477,85.00260496,-89.59242996,0,2.11272002,106.6066496,3G,0,0,0
48:11.6,Boring Road,25.63544302,85.26151032,-88.12141895,0,2.213516832,188.7542963,3G,0,0,0
06:54.9,Pataliputra,25.71525275,85.09772048,-80.30770727,0,1.65278462,129.2392823,3G,0,0,0
16:16.5,Boring Canal Road,25.52158939,85.05636704,-85.82030753,0,2.871182472,146.1259012,3G,0,0,0
34:59.8,Ashok Rajpath,25.70228701,85.10535148,-83.94405092,0,1.279337654,170.6622894,3G,0,0,0
44:21.4,Fraser Road,25.54527544,85.23913388,-84.3594229,0,1.932746517,184.9492323,3G,0,0,0
59:57.5,Ashok Rajpath,25.63190568,85.01126593,-82.30048823,0,2.338146211,104.4883384,3G,0,0,0
03:04.7,Gandhi Maidan,25.51527332,85.25546684,-83.8058477,0,1.827528909,183.5241011,3G,0,0,0
18:40.7,Patliputra Colony,25.51062813,85.06150028,-84.19826759,0,1.238740738,152.6315532,3G,0,0,0
28:02.3,Bankipore,25.69177909,85.12810753,-87.68780235,0,2.813098294,160.009711,3G,0,0,0
49:52.8,S.K. Puri,25.66400165,85.17611422,-84.98593541,0,2.57317647,170.945495,3G,0,0,0
56:07.2,Anandpuri,25.47968666,85.13007536,-91.62845027,0,2.598630702,164.802337,3G,0,0,0
05:28.9,Anandpuri,25.66695665,85.27582746,-83.50165702,0,1.126584913,178.1022963,3G,0,0,0
08:36.1,Kumhrar,25.51699298,85.14386933,-81.47724875,0,1.794466452,148.0332282,3G,0,0,0
49:09.8,S.K. Puri,25.54550008,84.98271336,-85.64661507,0,2.22487875,139.8603991,3G,0,0,0
52:17.0,S.K. Puri,25.7651903,85.17439084,-87.37657507,0,1.05587957,134.9084192,3G,0,0,0
58:31.4,Gardanibagh,25.51481211,85.26410082,-85.25056749,0,2.214555535,199.4167619,3G,0,0,0
04:45.9,Bailey Road,25.68655514,85.2404568,-89.12173563,0,1.668933055,109.0380524,3G,0,0,0
07:53.1,Gardanibagh,25.76149603,85.15570139,-86.58425368,0,2.099952932,132.5723514,3G,0,0,0
11:00.3,S.K. Puri,25.43866243,85.14919172,-78.68500536,0,1.510076831,166.4661485,3G,0,0,0
29:43.5,Fraser Road,25.61007816,84.99783165,-83.951384,0,2.358458586,121.8942755,3G,0,0,0
35:58.0,Gandhi Maidan,25.72412908,85.22097724,-82.50073741,0,2.530260592,175.2438083,3G,0,0,0
42:12.4,Fraser Road,25.51925239,85.05238536,-84.92089752,0,2.114406778,160.0105584,3G,0,0,0
04:02.9,Anandpuri,25.63338986,84.99746658,-86.13806103,0,1.742613145,152.8996485,3G,0,0,0
10:17.3,Kumhrar,25.54459984,85.28634643,-80.49454015,0,1.516847583,191.1246107,3G,0,0,0
16:31.7,Gandhi Maidan,25.47394899,85.19380893,-82.69188359,0,2.500555425,156.0778991,3G,0,0,0
19:38.9,Boring Road,25.71117157,85.01188006,-83.23950534,0,1.221237934,171.4750529,3G,0,0,0
25:53.3,Bailey Road,25.54992939,84.96564284,-88.22135349,0,2.096532335,119.2343326,3G,0,0,0
29:00.5,Rajendra Nagar,25.49891009,85.04398876,-80.94094294,0,1.541259447,106.2430207,3G,0,0,0
06:27.1,Kumhrar,25.50200501,85.02785118,-82.08465598,0,1.833392052,115.9479426,3G,0,0,0
09:34.3,Bailey Road,25.69123845,85.06340102,-87.20337092,0,2.003142411,124.4057283,3G,0,0,0
37:39.2,Gardanibagh,25.46877877,85.02819463,-86.22227288,0,1.439413374,102.0976179,3G,0,0,0
40:46.4,Phulwari Sharif,25.68799436,85.16116284,-86.63606376,0,1.830679999,147.5573693,3G,0,0,0
53:15.2,Bankipore,25.46452615,85.09148347,-88.31943284,0,2.570439101,170.7545576,3G,0,0,0
59:29.6,Phulwari Sharif,25.5500713,85.28820871,-87.81001583,0,2.76924656,187.6106254,3G,0,0,0
36:56.2,Kankarbagh,25.62111172,85.00268794,-85.91076159,0,2.759242385,166.5061811,3G,0,0,0
49:25.0,Ashok Rajpath,25.55480737,85.13398595,-80.22603098,0,2.894057318,158.0167376,3G,0,0,0
05:01.0,Kankarbagh,25.4488813,85.21146942,-81.54269562,0,1.390505092,180.0635291,3G,0,0,0
11:15.5,Patliputra Colony,25.59839269,84.98308723,-86.11840306,0,1.669901204,106.5826158,3G,0,0,0
20:37.1,Boring Canal Road,25.54233192,85.16833358,-86.65181876,0,2.191863682,189.4095716,3G,0,0,0
26:51.5,Gardanibagh,25.73183763,85.18272017,-85.2481241,0,1.13950268,182.862558,3G,0,0,0
42:27.6,Bailey Road,25.66552966,85.14215159,-83.75184581,0,2.93076971,143.1159282,3G,0,0,0
51:49.2,Kankarbagh,25.71753722,85.11035583,-87.16562281,0,2.716728386,101.9460973,3G,0,0,0
54:56.4,Anandpuri,25.60260893,85.1757662,-89.21848813,0,2.287251078,189.0701852,3G,0,0,0
26:08.5,Fraser Road,25.54601498,85.103986,-83.07274684,0,2.878812176,170.9352843,3G,0,0,0
47:59.0,Ashok Rajpath,25.56741226,85.27920819,-85.62168637,0,1.63709568,114.9972052,3G,0,0,0
06:42.2,Phulwari Sharif,25.4796648,85.13967755,-80.25290758,0,1.89071874,141.8789548,3G,0,0,0
12:56.7,Anandpuri,25.63427358,84.97646232,-87.05354882,0,1.335877688,132.0395159,3G,0,0,0
34:47.1,Bailey Road,25.70128978,85.12073531,-81.26971396,0,2.87945838,105.4747652,3G,0,0,0
41:01.6,Kidwaipuri,25.48978578,85.24681195,-87.72384156,0,2.951170278,143.3463399,3G,0,0,0
47:16.0,Kumhrar,25.72778594,85.23451233,-85.14418781,0,2.804467645,195.054889,3G,0,0,0
09:06.4,S.K. Puri,25.5103781,85.1555075,-85.60946947,0,1.585724814,117.724677,3G,0,0,0
12:13.7,Kidwaipuri,25.46680977,85.12222118,-83.59298972,0,1.891226739,190.7661064,3G,0,0,0
15:20.9,Gandhi Maidan,25.45280449,85.20195737,-85.48667336,0,1.481586102,143.5125826,3G,0,0,0
18:28.1,Anisabad,25.55293755,85.08051474,-85.09532505,0,1.58938775,111.5261631,3G,0,0,0
21:35.3,Kidwaipuri,25.44249723,85.10594636,-84.2957549,0,1.116340836,106.4707854,3G,0,0,0
24:42.5,Kidwaipuri,25.75727455,85.10539826,-88.17777786,0,1.69541549,160.2758197,3G,0,0,0
30:56.9,Boring Canal Road,25.56973955,85.04021756,-88.97470379,0,2.802731487,135.2943313,3G,0,0,0
34:04.1,Kumhrar,25.62068247,84.99769833,-84.12671941,0,1.746311798,134.0609223,3G,0,0,0
43:25.8,Pataliputra,25.4807162,85.17518398,-89.68787163,0,2.158479962,119.2361534,3G,0,0,0
49:40.2,Kankarbagh,25.70134265,85.20083658,-88.78905323,0,2.601547442,146.0961111,3G,0,0,0
20:52.3,Phulwari Sharif,25.4639243,85.13167365,-86.14589419,0,2.698883156,167.7684222,3G,0,0,0
23:59.5,Anandpuri,25.64132814,85.26049953,-85.07198569,0,1.448706964,191.7394489,3G,0,0,0
27:06.7,Anandpuri,25.54685036,85.19457623,-84.96034292,0,1.517399957,107.0195032,3G,0,0,0
36:28.3,Bailey Road,25.62906876,85.25152647,-88.62423497,0,2.678370135,168.0046957,3G,0,0,0
39:35.5,Kumhrar,25.64145641,85.05151364,-83.34284486,0,1.649289183,142.4125427,3G,0,0,0
52:04.4,Kumhrar,25.7096719,85.01882152,-88.76531165,0,1.723049906,185.3160541,3G,0,0,0
04:33.2,Ashok Rajpath,25.65906334,85.25404033,-86.470818,0,2.893878861,181.6239305,3G,0,0,0
17:02.1,Danapur,25.49111541,84.99620241,-88.6589448,0,2.931936197,192.2347331,3G,0,0,0
20:09.3,Phulwari Sharif,25.50232074,85.13083784,-84.88089725,0,2.482261276,197.4268627,3G,0,0,0
32:38.1,Boring Road,25.68784221,85.06414507,-85.23004798,0,1.638119877,108.5277568,3G,0,0,0
54:28.6,Ashok Rajpath,25.68241383,85.20582326,-81.17826694,0,1.769741366,186.5490386,3G,0,0,0
06:57.4,Fraser Road,25.61605684,85.16629501,-84.52094209,0,2.299186259,111.1990105,3G,0,0,0
19:26.3,Ashok Rajpath,25.67223832,85.12772201,-84.5086532,0,2.357691741,180.696711,3G,0,0,0
28:47.9,Gardanibagh,25.4546414,85.1661795,-86.15359665,0,2.832200355,135.0911235,3G,0,0,0
31:55.1,Fraser Road,25.57091422,85.0201337,-91.62887409,0,2.67788932,145.2631473,3G,0,0,0
35:02.3,Kidwaipuri,25.51554399,85.06676657,-77.63578676,0,1.457847507,101.4841916,3G,0,0,0
41:16.7,Patliputra Colony,25.47447927,85.07557957,-85.9433441,0,2.087016437,109.7906831,3G,0,0,0
53:45.6,Boring Road,25.61932524,85.18315514,-85.66181385,0,2.482842926,144.0075721,3G,0,0,0
